"Method","beta0.x","beta1.x","beta2.x","sigma.x","beta0.y","beta1.y","beta2.y"
"oracle","1.00411629255264","1.96407263478267","3.01837826738143","0.969823450706521","0.0306681510359434","0.0335181784095711","0.0237364945819244"
"naive","-0.320933098884421","1.54119007254992","1.61063172466511","3.16732264817758","0.0906607798599006","0.115646612594473","0.0793062338787353"
"cc","0.988549689554659","1.96135451718187","2.96669863144897","0.982221859826607","0.0455261517832859","0.0452553442396163","0.034232771733192"
"ipw","1.00248237734832","1.98259067241638","2.96206179928141","0.982608861939985","0.0474795369084973","0.051360796983032","0.036499748837599"
"ipw-w","0.934346888090501","1.95157988648481","2.96969639041256","0.98374830417573","0.0509375165414313","0.0510537618718343","0.0393154150436857"
"mle","0.981348404478088","1.98925559446697","2.96977315760299","0.982565296450411","0.0403945658007933","0.0422959480688673","0.0310507610691359"
"mle-w","0.981348404478088","1.98925559446697","2.96977315760299","0.982565296450411","0.0403945658007933","0.0422959480688673","0.0310507610691359"
