"Method","beta0.x","beta1.x","beta2.x","sigma.x","beta0.y","beta1.y","beta2.y"
"oracle","1.00088948112334","1.98842641265493","3.00749876239614","1.00493785744044","0.0317723900920572","0.033047537056242","0.0248282153426239"
"naive","-0.361189383982387","1.4232389839615","1.63190461729973","3.10955453414715","0.0881038191903144","0.107454643779452","0.0763086823310048"
"cc","1.00260645954881","2.01725362934092","3.02091955454728","1.03136446577048","0.047186342585341","0.0517422785791546","0.0353529241009963"
"ipw","1.01659411470135","2.00002631017177","3.00928541542288","1.03157045964966","0.0501515091847702","0.0560190365524207","0.0365646969919182"
"ipw-w","0.967624925066936","2.02101456539624","3.04493340152448","1.03226979089365","0.0611789923555323","0.0664501325807899","0.0395055435938633"
"mle","1.00250234164666","1.99759298195631","3.01699904294285","1.01841029113369","0.0414907329326542","0.0449163638980486","0.0312921435333452"
"mle-w","1.00250234164666","1.99759298195631","3.01699904294285","1.01841029113369","0.0414907329326542","0.0449163638980486","0.0312921435333452"
