"Method","beta0.x","beta1.x","beta2.x","sigma.x","beta0.y","beta1.y","beta2.y"
"oracle","1.01137759765021","1.96889773089482","3.03296826971159","1.02141884987136","0.0322393687632646","0.0331636876314806","0.0233072677324423"
"naive","-0.42885292648993","1.19316793226295","1.73947223360358","3.09551647429603","0.0904473275812758","0.102292472795513","0.0734186493572661"
"cc","0.947777379933096","1.85029724565846","3.04780011596998","1.03343320567205","0.0467733985857453","0.0491998565404905","0.0340337201438634"
"ipw","0.95949331963674","1.83155519516778","3.02102641045523","1.03403462232584","0.0493420952526717","0.0502573114623502","0.0372441381774726"
"ipw-w","0.995054138602653","1.87573763598172","3.04714352258007","1.03474661954826","0.0579404453427969","0.0591177144581888","0.0422819402225074"
"mle","0.970370930174169","1.92540072451993","3.06086280945679","1.03727153647294","0.0421901757375772","0.0444222183299682","0.0310366529388772"
"mle-w","0.970370930174169","1.92540072451993","3.06086280945679","1.03727153647294","0.0421901757375772","0.0444222183299682","0.0310366529388772"
