"Method","beta0.x","beta1.x","beta2.x","sigma.x","beta0.y","beta1.y","beta2.y"
"oracle","1.01300791842922","2.01293019262256","3.01779869466474","0.965276187919769","0.0306695182998411","0.0314441993485468","0.0230747106942745"
"naive","-0.2785445978341","1.36477839331694","1.72124278708174","2.9754200848292","0.0860765815609543","0.0952480700600597","0.0666540680164048"
"cc","1.00028343331629","2.00532360220088","3.01063465607001","0.969084729022086","0.0440700043666441","0.0425867318932799","0.0325799569894953"
"ipw","1.00641421976078","2.00986916032152","3.01484708273337","0.969130838925649","0.0452564834778257","0.046075436711986","0.035752089002769"
"ipw-w","1.02899749390714","1.97650556498468","3.01239121834758","0.969945947676877","0.0493817275678705","0.0491727234506452","0.0363808769178818"
"mle","1.0045895293478","1.98087974239024","3.0071392533318","0.982554799982985","0.0401576900972366","0.0401530973530044","0.0298209847842011"
"mle-w","1.0045895293478","1.98087974239024","3.0071392533318","0.982554799982985","0.0401576900972366","0.0401530973530044","0.0298209847842011"
