"Method","beta0.x","beta1.x","beta2.x","sigma.x","beta0.y","beta1.y","beta2.y"
"oracle","1.01463947251096","1.98205031854599","2.95655087732846","1.01105049633142","0.0319761913005621","0.0345095043232612","0.0238108650830892"
"naive","-0.396576269627348","1.3282906599888","1.69514824630278","3.15144749795867","0.0907810200412792","0.114862486270073","0.0726897382603215"
"cc","1.02294724414597","1.95358688386797","2.93062251319681","1.004047445757","0.044762703501366","0.0492029596682654","0.0331277215771941"
"ipw","1.01218289912216","1.93590148587455","2.9425918694434","1.0044670586747","0.0456381990462631","0.0549588876484664","0.0362855540310071"
"ipw-w","1.04769953611645","1.93741117047969","2.9432643768659","1.00483623344897","0.0516737825719858","0.0591489572230599","0.0389245620018936"
"mle","1.0171852307031","1.96469540739421","2.95373495365897","1.00833696187863","0.0403354462602167","0.0449695794366992","0.0298828063801515"
"mle-w","1.0171852307031","1.96469540739421","2.95373495365897","1.00833696187863","0.0403354462602167","0.0449695794366992","0.0298828063801515"
