"Method","beta0.x","beta1.x","beta2.x","sigma.x","beta0.y","beta1.y","beta2.y"
"oracle","1.02509546171069","1.96061743588096","2.97213424429987","1.0034228053138","0.0316936719373686","0.0330026385599453","0.0246805707959162"
"naive","-0.387914121231807","1.16451733322974","1.51532062252817","3.0913105732142","0.0924861794684365","0.103926890889505","0.0726828759977439"
"cc","1.04358834440614","1.92966207186136","2.94720539237696","1.01644788971845","0.0467919925187563","0.050749618710801","0.037952854751455"
"ipw","1.06004413301046","1.93027310072938","2.95820408962519","1.0167366909719","0.0485610385540105","0.0578471880973075","0.0419219412761645"
"ipw-w","1.02959179752946","1.96911421836795","2.95206948553206","1.01725730682871","0.0533289339193324","0.0505358713386129","0.0418218416047971"
"mle","0.97486759829545","1.94551176513814","2.97548057631025","1.02051553832585","0.0415291273023177","0.0445020242034495","0.0325910389952521"
"mle-w","0.97486759829545","1.94551176513814","2.97548057631025","1.02051553832585","0.0415291273023177","0.0445020242034495","0.0325910389952521"
