"Method","beta0.x","beta1.x","beta2.x","sigma.x","beta0.y","beta1.y","beta2.y"
"oracle","0.983875444576654","1.98552628589234","2.98026798577604","0.99268615928473","0.0314779299258022","0.0292845117753216","0.0236988785975499"
"naive","-0.411945264187456","1.51667408435148","1.76442820810015","3.01307800685063","0.0842465602862089","0.0966765484533191","0.073159919433314"
"cc","0.968719569068597","1.9522361665689","2.96767576082871","1.01328035124198","0.0448409728916426","0.0391957340178075","0.0334338770915142"
"ipw","0.945142566727043","1.94618094441849","2.98712331396491","1.01392798732193","0.0459442377976139","0.040951806064943","0.037544625179998"
"ipw-w","1.02332487155789","1.96824673229251","2.99954279717249","1.01595184686907","0.0603530860435615","0.0553206065450192","0.0416875458315048"
"mle","0.972900526130998","1.97125035891209","2.98340518626421","1.02319190052537","0.0403257157186597","0.0366905962925915","0.0301303551569058"
"mle-w","0.972900526130998","1.97125035891209","2.98340518626421","1.02319190052537","0.0403257157186597","0.0366905962925915","0.0301303551569058"
