"Method","beta0.x","beta1.x","beta2.x","sigma.x","beta0.y","beta1.y","beta2.y"
"oracle","1.0212925347983","1.943234196905","2.97692356135732","1.00795886870588","0.031882238138338","0.0342947587180138","0.0252768111004542"
"naive","-0.395037837447754","1.23779940919512","1.65568781265349","3.14302604706998","0.0920727826676535","0.111516323648013","0.0847717456132316"
"cc","0.968855858970702","1.90133167642679","2.99001686053787","1.00433836428761","0.0462816393289649","0.0454023933181481","0.0369106742668256"
"ipw","0.981452219719022","1.90290487399457","2.98102952040774","1.00447262231002","0.0470324473222193","0.0457200027118602","0.0395412747946107"
"ipw-w","0.956864298272948","1.93501119670678","3.01084989813277","1.00498702520218","0.0521974189524414","0.0515257537103177","0.0406794101300278"
"mle","0.942681479188228","1.92475617103653","2.99802771729696","1.00710045116763","0.0410723586719283","0.0419104201502752","0.0326705525626163"
"mle-w","0.942681479188228","1.92475617103653","2.99802771729696","1.00710045116763","0.0410723586719283","0.0419104201502752","0.0326705525626163"
