"Method","beta0.x","beta1.x","beta2.x","sigma.x","beta0.y","beta1.y","beta2.y"
"oracle","0.995478934848487","2.02112572593416","2.97268895596309","1.01744930100799","0.032156553353078","0.0361500280068712","0.0251602805815858"
"naive","-0.56208864382847","1.20491508481","1.54657572846313","3.19314941996516","0.0960757323876541","0.112879004323901","0.0752102439867859"
"cc","1.0070057977732","2.04721948446652","2.9688452957409","0.979097323975653","0.0467699447054372","0.0509760739910665","0.0371775990941611"
"ipw","0.998436474735131","2.07166037930852","2.96776342078961","0.979437944794408","0.0480983735079734","0.0516121857386979","0.0408591609404948"
"ipw-w","1.00239623061643","2.03201441432811","2.97800807257163","0.979362925580011","0.0579050453710837","0.0632242738840684","0.044826487720408"
"mle","1.0141875319884","2.0358079417998","2.98880804111956","0.986230206889381","0.0413943490695236","0.0440969859746961","0.0311789453295609"
"mle-w","1.0141875319884","2.0358079417998","2.98880804111956","0.986230206889381","0.0413943490695236","0.0440969859746961","0.0311789453295609"
