"Method","beta0.x","beta1.x","beta2.x","sigma.x","beta0.y","beta1.y","beta2.y"
"oracle","1.02204669997252","1.97541697171424","2.95505492625639","1.00824824515098","0.0319038052907544","0.0324451333546498","0.0232276133596151"
"naive","-0.27910968210828","1.50256757180268","1.6102018595891","3.02072910161366","0.0855686762825805","0.106661232647087","0.0809329709270468"
"cc","0.972232191679636","1.97444710892973","2.96961481611672","0.990166972755615","0.0441598983999617","0.04718943058621","0.0328113758051392"
"ipw","0.969198887876097","1.96624790503675","2.97919041331083","0.990331024158339","0.0449693133387731","0.0469661573342049","0.0358210387908114"
"ipw-w","0.994540488423274","1.9580942463002","2.91386740355145","0.992840236653589","0.055269200408853","0.0602281977307225","0.0396777268441562"
"mle","0.981209600210735","1.97169581330939","2.96364570476099","0.99090729817847","0.039975323274216","0.0419378029458568","0.0294818472346486"
"mle-w","0.981209600210735","1.97169581330939","2.96364570476099","0.99090729817847","0.039975323274216","0.0419378029458568","0.0294818472346486"
