"Method","beta0.x","beta1.x","beta2.x","sigma.x","beta0.y","beta1.y","beta2.y"
"oracle","0.96402231300234","1.94969919050074","2.96563950857679","0.9666197975503","0.0305954306244271","0.0325469540109242","0.0234943592320962"
"naive","-0.390902515692181","1.1396299124683","1.485676459028","3.15182267398095","0.0929617676075987","0.11178577035792","0.0816098834244318"
"cc","0.969394733836426","1.95992204525942","2.93701609180688","0.95394399914957","0.0447709846473403","0.0437898449409013","0.0341492668799543"
"ipw","0.976066859844926","1.9581183524313","2.93264440104105","0.95397482354167","0.046909526272303","0.0463384954038462","0.0389951256027439"
"ipw-w","0.991156165139532","1.92099976845519","2.95489952634155","0.955696495818152","0.0528847418518537","0.0514095275656607","0.0396998144222667"
"mle","0.938280552647865","1.94599369319048","2.96484157709223","0.95212512454177","0.0392110658125497","0.0400564701907603","0.0293349301593651"
"mle-w","0.938280552647865","1.94599369319048","2.96484157709223","0.95212512454177","0.0392110658125497","0.0400564701907603","0.0293349301593651"
