"Method","beta0.x","beta1.x","beta2.x","sigma.x","beta0.y","beta1.y","beta2.y"
"oracle","0.988030699385611","1.99378764312947","3.00065053177991","1.03199007402562","0.0325616352019251","0.0368562727943539","0.0243459682149736"
"naive","-0.581715694635031","1.25672834521416","1.54756756609956","3.22504597690916","0.0928685609300594","0.120637430411107","0.0755877676351183"
"cc","0.966877652854558","2.03448850372498","3.04811500723261","1.01008064977025","0.04786844888383","0.052019081706132","0.0357338834911735"
"ipw","0.976494414491614","2.05375968189866","3.04866830212066","1.01028960722936","0.0489150491881121","0.0578291430071981","0.0450463536756616"
"ipw-w","0.988168083511335","1.960791296343","3.08717379947635","1.01592807035769","0.0551015545345967","0.0572306787716721","0.038750474960603"
"mle","0.9693868009752","2.09098662173167","3.02813769900098","1.00852793239592","0.0420613738261295","0.0466338632244663","0.0309630283918959"
"mle-w","0.9693868009752","2.09098662173167","3.02813769900098","1.00852793239592","0.0420613738261295","0.0466338632244663","0.0309630283918959"
