"Method","beta0.x","beta1.x","beta2.x","sigma.x","beta0.y","beta1.y","beta2.y"
"oracle","0.960383663874054","2.0045255677906","3.01086237103112","1.02636234917784","0.0328900886439281","0.0377636163143377","0.0252136471113229"
"naive","-0.671239731413175","1.05943873061021","1.5218476685427","3.27301401592987","0.0897806181983496","0.116999114227183","0.0805834134280694"
"cc","0.939476846161366","2.02704858095775","3.00926862444058","1.05088649146795","0.0474969198876112","0.0545105879750676","0.0377679087635365"
"ipw","0.963283346133969","2.04117732697697","2.9739187800148","1.05255945372744","0.0510956623146109","0.0589266293341634","0.0510354853379192"
"ipw-w","0.956136079081119","2.0360555720924","3.04967563556466","1.0525332329985","0.0574720149678678","0.0614887505150201","0.0435394897231319"
"mle","0.955702991688001","2.02225445998556","2.99871942107264","1.05319135040788","0.0420983287482364","0.0479844475446074","0.0325718812039556"
"mle-w","0.955702991688001","2.02225445998556","2.99871942107264","1.05319135040788","0.0420983287482364","0.0479844475446074","0.0325718812039556"
