"Method","beta0.x","beta1.x","beta2.x","sigma.x","beta0.y","beta1.y","beta2.y"
"oracle","0.987495652395911","1.98326898350395","3.00964190901381","0.980318971354179","0.0309504434327473","0.0328844527944452","0.0241460922759414"
"naive","-0.413760089085222","1.33030671944063","1.60561242495745","3.13798235004122","0.0917964430739275","0.103948960024041","0.0881410134216469"
"cc","0.95604731200848","2.0091532520383","2.99068413113137","0.969525819730654","0.0446102749275496","0.0459756507762885","0.0346218763832608"
"ipw","0.963625293928294","1.98736146553965","2.95394814727727","0.970551534233796","0.0442480529891189","0.0487786900235718","0.0368424666109196"
"ipw-w","0.97345013662802","2.02658573156676","3.04999173039779","0.972871625447042","0.0524364715805291","0.0529635288039539","0.0442338076075888"
"mle","0.963091862845948","1.99033602511758","3.00103414966694","0.974719936824539","0.0398554118067205","0.042093002957908","0.0311154913309196"
"mle-w","0.963091862845948","1.99033602511758","3.00103414966694","0.974719936824539","0.0398554118067205","0.042093002957908","0.0311154913309196"
