"Method","beta0.x","beta1.x","beta2.x","sigma.x","beta0.y","beta1.y","beta2.y"
"oracle","0.973987846782958","2.03030224084896","3.05255745176957","0.994812220049907","0.0314870377001652","0.0330482025718151","0.0231577152767285"
"naive","-0.567811079883399","1.22035328007767","1.5783020435886","3.20869839143392","0.099028350844954","0.104336575331431","0.0803431678739285"
"cc","0.950588909714796","2.07774989103115","3.09103807506956","1.00720326417472","0.0478889794606116","0.0442426403316386","0.0361201330926386"
"ipw","0.947769336131324","2.05761212364016","3.08416187236485","1.00739992933272","0.0523712161374121","0.0474702489388482","0.0430574489474399"
"ipw-w","0.913763151691422","2.08206097708395","3.08910880216673","1.00792267038832","0.0590060882615386","0.0598438489337695","0.0493677847128845"
"mle","0.95793360733219","2.06119990363436","3.05505813725537","0.99325614833594","0.0419661185690503","0.0404834789212328","0.0315201024388732"
"mle-w","0.95793360733219","2.06119990363436","3.05505813725537","0.99325614833594","0.0419661185690503","0.0404834789212328","0.0315201024388732"
