"Method","beta0.x","beta1.x","beta2.x","sigma.x","beta0.y","beta1.y","beta2.y"
"oracle","0.972707815879971","1.9917168454077","3.02557444266382","1.04760116294474","0.0331128415507797","0.0341615841375843","0.0245071171978853"
"naive","-0.482043823154946","1.26261618684687","1.68643000203965","3.15566115040096","0.0887692162228198","0.105184034657197","0.0716199147076532"
"cc","0.962362869521428","1.97419532502423","3.04833320324502","1.0429159042222","0.0479816473856761","0.047863197916464","0.0370249718046956"
"ipw","0.974380289449483","1.9621686931115","3.04262899280834","1.04304272798589","0.0491259370359987","0.0504551848204472","0.0361083136545494"
"ipw-w","0.939080442119639","1.94496873049185","3.02977489289552","1.04373644528207","0.0600107161967881","0.0599800237845408","0.0451413697054629"
"mle","1.0034284824964","1.99254891653334","3.02706646898585","1.03937847059844","0.0425839514478198","0.0430994036790549","0.0320319315196679"
"mle-w","1.0034284824964","1.99254891653334","3.02706646898585","1.03937847059844","0.0425839514478198","0.0430994036790549","0.0320319315196679"
