"Method","beta0.x","beta1.x","beta2.x","sigma.x","beta0.y","beta1.y","beta2.y"
"oracle","1.0474174449172","2.01978607468986","2.99905802020122","0.964848063182738","0.0304933516274319","0.0330072083712554","0.0228911960273248"
"naive","-0.329454985775567","1.33533594055898","1.70156440347708","3.09457559023493","0.0894247851532165","0.105157022469664","0.0854311535086727"
"cc","1.0449911019403","1.99419089583208","3.0019550214737","0.948431007539606","0.0442644326112874","0.0444105570607947","0.0331881502294603"
"ipw","1.05462201055136","1.9890920043992","2.99172198862121","0.948548447682674","0.0447892801988909","0.0479602833553483","0.0373617676802513"
"ipw-w","1.13518993922718","1.99703069617487","3.00632366125772","0.952826329365031","0.0555254133384208","0.0512896512816856","0.0430418905930196"
"mle","1.07831424302733","1.97652909516046","3.01061157793512","0.953697990584423","0.0395895289516181","0.0408230553221234","0.0294778509361475"
"mle-w","1.07831424302733","1.97652909516046","3.01061157793512","0.953697990584423","0.0395895289516181","0.0408230553221234","0.0294778509361475"
