"Method","beta0.x","beta1.x","beta2.x","sigma.x","beta0.y","beta1.y","beta2.y"
"oracle","1.04878238074099","2.0196342518906","3.00835773141313","1.00287361258873","0.0315702689027776","0.0356984579525713","0.0241993562249606"
"naive","-0.313799413721993","1.15364121884315","1.57327330410304","3.22245100409616","0.0876690733129241","0.112717260845377","0.0812698508953931"
"cc","1.038402890722","2.03602432783493","3.0103644838704","0.999437639682188","0.0452170647288957","0.0502392504262996","0.0334519146293094"
"ipw","1.03775882906247","2.02446699592579","3.00487059325316","0.999501588497329","0.0475304566755808","0.05112311701872","0.0381815302943268"
"ipw-w","1.02597599647965","2.02077534094522","3.0305605243031","1.00012139293623","0.0538470848657022","0.0564525663186188","0.0430474123360992"
"mle","1.03520652688501","2.04794754878451","3.0257703015014","0.989225624900717","0.0402467190558467","0.0443378714826647","0.0290745157459892"
"mle-w","1.03520652688501","2.04794754878451","3.0257703015014","0.989225624900717","0.0402467190558467","0.0443378714826647","0.0290745157459892"
