"Method","beta0.x","beta1.x","beta2.x","sigma.x","beta0.y","beta1.y","beta2.y"
"oracle","1.02178909709163","1.9819537491513","2.97431959175925","0.992260563134967","0.0313786675505364","0.0325391868273066","0.0245383754614605"
"naive","-0.245561257783727","1.4017119494266","1.54499314509672","2.98350974992831","0.0826023517383209","0.0994745835256115","0.0747522949720774"
"cc","0.956272906460899","2.00516795391214","3.00934781598294","0.945985547136795","0.0424188976671419","0.0425119949837361","0.0320098372566076"
"ipw","0.960927034554903","1.97917624222092","2.99813775940156","0.946333679325227","0.0422078981649148","0.0451216303078632","0.0315109842874489"
"ipw-w","0.977067101359029","2.0377415017942","2.97910759097402","0.947954283011181","0.0452921321133374","0.0478823201182202","0.0356162562675705"
"mle","1.00508494905713","1.99078167834473","2.97554310503885","0.953574089570232","0.0377986870576533","0.0390427476163765","0.0292773065067231"
"mle-w","1.00508494905713","1.99078167834473","2.97554310503885","0.953574089570232","0.0377986870576533","0.0390427476163765","0.0292773065067231"
