"Method","beta0.x","beta1.x","beta2.x","sigma.x","beta0.y","beta1.y","beta2.y"
"oracle","1.01247163314636","1.96188324331659","3.01016922766244","0.993367447723514","0.0313579730231451","0.0355889945444615","0.0255362695815044"
"naive","-0.347115294648935","1.09380162960525","1.5918818582187","3.11548352201776","0.0906208496374923","0.107895681029378","0.0786398735973411"
"cc","1.04097271269016","1.93369450560702","3.003878107325","1.01321097970754","0.046978567463504","0.0557280673581713","0.0386640592913484"
"ipw","1.0651652647481","1.90880444386168","2.98514516243365","1.01377021529389","0.0502479859750932","0.0600895619245486","0.0475644270309962"
"ipw-w","0.984519373220589","1.93755037126127","3.01016493434528","1.01471362496296","0.0607474300827888","0.0661223979724673","0.0473536688271279"
"mle","1.03875901761248","1.91716607104978","2.9682730525314","0.999291766686724","0.0411535091190745","0.0489188539984267","0.033162832530549"
"mle-w","1.03875901761248","1.91716607104978","2.9682730525314","0.999291766686724","0.0411535091190745","0.0489188539984267","0.033162832530549"
