"Method","beta0.x","beta1.x","beta2.x","sigma.x","beta0.y","beta1.y","beta2.y"
"oracle","1.03073066878917","1.96308799832196","3.00380381686033","0.996239598239163","0.0314977422884289","0.0336526558990242","0.0243822044318591"
"naive","-0.307769836771856","1.24643529075426","1.62188419391563","3.02293459658272","0.0890864596049966","0.0971178104119525","0.0714987006288919"
"cc","1.02054629369282","1.95913085154389","2.99528961141534","0.981086499782121","0.0448707184755961","0.0476779299376984","0.0337710171588777"
"ipw","1.0367384757568","1.95795900706297","2.99545894824554","0.981221774716581","0.0453235922553655","0.0490153009614589","0.0352690743757289"
"ipw-w","1.00758234493677","1.96566949513944","3.01306849497826","0.981377076964041","0.0563614927881405","0.0532548196134327","0.0419411596623377"
"mle","1.03309707743733","1.97138504211816","2.99565819216848","0.977971504415756","0.0399439738600104","0.0428524091263202","0.0301739772188453"
"mle-w","1.03309707743733","1.97138504211816","2.99565819216848","0.977971504415756","0.0399439738600104","0.0428524091263202","0.0301739772188453"
