"Method","beta0.x","beta1.x","beta2.x","sigma.x","beta0.y","beta1.y","beta2.y"
"oracle","0.948945667003467","2.00590603368798","3.00800201175602","0.984850293012952","0.0311471745095862","0.0341432919158814","0.024764162488735"
"naive","-0.345079093072158","1.19740962369789","1.43538723211985","3.1895427869531","0.0939660407237952","0.108874229425352","0.078176534559792"
"cc","0.926001254339567","1.99630617001368","2.99800292832485","0.966601630232614","0.0458151722467413","0.0467648041519969","0.0361483962733157"
"ipw","0.894662756985236","1.98261481805866","3.00146567895795","0.967269631720216","0.0480467303259339","0.0491732004781891","0.0406680346075911"
"ipw-w","0.934238374986219","1.95684835694385","2.98607598145748","0.967298456333588","0.0552058053528326","0.0528577192350119","0.0415131444034611"
"mle","0.92070532637421","1.9727898923794","3.01180312956633","0.978503665253482","0.0407583443908854","0.0421351165852968","0.0321740763566903"
"mle-w","0.92070532637421","1.9727898923794","3.01180312956633","0.978503665253482","0.0407583443908854","0.0421351165852968","0.0321740763566903"
