"Method","beta0.x","beta1.x","beta2.x","sigma.x","beta0.y","beta1.y","beta2.y"
"oracle","0.984823089711259","2.04750984871712","3.01308550142392","0.961010165305768","0.0305381511098891","0.0308295317125405","0.0223182193436303"
"naive","-0.278210601957401","1.34842167938678","1.65449698935837","3.26876680869814","0.0932506758689132","0.114817811425349","0.0826595366185014"
"cc","1.01847585051261","2.10820966648872","3.03122177515106","0.983939980658572","0.0479466348856015","0.046247020629555","0.0348260053959001"
"ipw","1.00969164204671","2.12028039374557","3.03243644870315","0.984039013827542","0.0505316927664485","0.0507519606779293","0.0412119557366585"
"ipw-w","1.02965676032321","2.10723273794392","3.02676565105227","0.984003193637113","0.0558333765963944","0.0530079266391092","0.0409968520214471"
"mle","1.03191264740083","2.103641972164","3.02011016236946","0.992849052383603","0.0420766720512094","0.0417400694515799","0.030699369889075"
"mle-w","1.03191264740083","2.103641972164","3.02011016236946","0.992849052383603","0.0420766720512094","0.0417400694515799","0.030699369889075"
