"Method","beta0.x","beta1.x","beta2.x","sigma.x","beta0.y","beta1.y","beta2.y"
"oracle","0.98995513010371","1.94874266883108","2.9951351941526","1.00538822028688","0.03181840012549","0.0334588131828909","0.0230730641333997"
"naive","-0.436810330501377","1.12216127997781","1.62898028090063","3.26030892199933","0.0913495345741967","0.107144390625695","0.0743868034256258"
"cc","0.969695622341901","1.95780742270125","2.98256398748555","0.985443464434298","0.0467216747465905","0.0451938229968187","0.032914350620188"
"ipw","0.991191690256023","1.96179364421496","2.97270327331822","0.985730524311601","0.050035512590855","0.0529909997382883","0.0366489886919282"
"ipw-w","1.00328603384008","1.95157339527613","2.99040289297072","0.986260357207858","0.0579978479873397","0.0520225437423573","0.0367601529511165"
"mle","0.987393148646567","1.96206962261124","2.97127949127786","0.992623246856867","0.0412531631738863","0.0410919189223623","0.0291620336949151"
"mle-w","0.987393148646567","1.96206962261124","2.97127949127786","0.992623246856867","0.0412531631738863","0.0410919189223623","0.0291620336949151"
