"Method","beta0.x","beta1.x","beta2.x","sigma.x","beta0.y","beta1.y","beta2.y"
"oracle","1.00014263645681","2.0170604816019","3.01721663759175","1.01716839056253","0.0321758267710785","0.0335204005953495","0.0240347167657185"
"naive","-0.452342554062853","1.33847970698821","1.63323840251984","3.24371958987853","0.0926118994948047","0.108648390803407","0.0785437259867153"
"cc","0.981883203291262","1.97062857357643","3.01468512527209","1.02902580722945","0.0477072616541682","0.0487976623468294","0.0339185358844194"
"ipw","0.996563353776675","1.94584383701027","3.00022094136664","1.02939392990154","0.0496236857811182","0.0510935241440825","0.0378901228204017"
"ipw-w","0.989108171061231","1.97996914080082","3.01744889664019","1.02908986262121","0.0586570643037088","0.0577081228009252","0.0396081843789465"
"mle","0.98240614304546","1.97163831516204","3.02750372602948","1.03401716119931","0.042437690464335","0.0437415102794355","0.0303084519221695"
"mle-w","0.98240614304546","1.97163831516204","3.02750372602948","1.03401716119931","0.042437690464335","0.0437415102794355","0.0303084519221695"
