"Method","beta0.x","beta1.x","beta2.x","sigma.x","beta0.y","beta1.y","beta2.y"
"oracle","0.975509771684675","1.9701844098353","2.9942642521014","0.963722888859916","0.030476391133977","0.0323181154228246","0.0246505518013818"
"naive","-0.378550670576532","1.31714654811283","1.54227106338122","2.97269494543511","0.0841752664048433","0.093831150656208","0.0778651274394999"
"cc","0.943725881943615","1.99302948295573","3.02492924625155","0.957816046380451","0.0450128617985175","0.0457238753962863","0.0362538771549274"
"ipw","0.963467562188732","2.01909036751799","3.01600754218955","0.958457254550742","0.0467432980018543","0.0479441712084192","0.0378073246699236"
"ipw-w","0.926757139511594","2.01808472711488","3.04252395096852","0.958336862418598","0.0556245720960482","0.0554302354692806","0.0441144066060817"
"mle","0.982104152336943","1.97915619311476","2.99012403907228","0.956380557278937","0.0399304690171433","0.0417499278419847","0.0323619094579118"
"mle-w","0.982104152336943","1.97915619311476","2.99012403907228","0.956380557278937","0.0399304690171433","0.0417499278419847","0.0323619094579118"
