"Method","beta0.x","beta1.x","beta2.x","sigma.x","beta0.y","beta1.y","beta2.y"
"oracle","0.968987164982365","2.06302938133691","3.03017059502613","0.951390235624123","0.0300982500667922","0.0341300464316232","0.0228961098204475"
"naive","-0.202601974623973","1.32238249878257","1.51495846561678","3.22786712030617","0.0936056654789801","0.111116908839807","0.0784598893592246"
"cc","0.956160595451902","2.10411000588608","3.04719686811789","0.9604969067869","0.0438521154481986","0.0473665130095652","0.0329876760694596"
"ipw","0.950366032063094","2.11766907890933","3.05420361056991","0.960589573748948","0.0466326326705257","0.0496859528278764","0.0351224363538687"
"ipw-w","0.931667851212333","2.08375742556717","3.05016339135589","0.961038520763226","0.0467295998891809","0.0522775875170118","0.0362697497480784"
"mle","0.957302486962456","2.0712352872787","3.03134448618272","0.95592216139045","0.0393303555037042","0.0427913938255552","0.029403216866094"
"mle-w","0.957302486962456","2.0712352872787","3.03134448618272","0.95592216139045","0.0393303555037042","0.0427913938255552","0.029403216866094"
