"Method","beta0.x","beta1.x","beta2.x","sigma.x","beta0.y","beta1.y","beta2.y"
"oracle","1.00020046370384","1.98380306621427","2.9925202345825","1.01475451324834","0.0320649303562644","0.0327613282462773","0.0243320456482047"
"naive","-0.384640735922868","1.2067151927623","1.63588366874264","3.19689856070129","0.0896486400419164","0.107196790241392","0.0799033147083789"
"cc","1.00995585633562","1.99407751899677","2.99404520407302","1.0322390741992","0.0463646599293701","0.0450780687162363","0.0370365568695411"
"ipw","0.99429869249728","2.02255576898852","3.01908058169906","1.03296342940386","0.0467781848044396","0.0462081826458078","0.0367187113628902"
"ipw-w","1.01570978404591","1.98804482407991","2.99208708070034","1.03226977740952","0.0619935208907548","0.0565203675841385","0.0490072074647016"
"mle","0.989606589524232","1.98499981014174","2.99925525884209","1.01601276914287","0.0413683813059285","0.0409820710090944","0.0325158285867535"
"mle-w","0.989606589524232","1.98499981014174","2.99925525884209","1.01601276914287","0.0413683813059285","0.0409820710090944","0.0325158285867535"
