"Method","beta0.x","beta1.x","beta2.x","sigma.x","beta0.y","beta1.y","beta2.y"
"oracle","0.966926171229858","2.0134876485773","3.00881841094171","0.985756684965836","0.0311509529057908","0.0346057454280329","0.0246036901516938"
"naive","-0.376824702486225","1.28864388169527","1.52960977221269","3.1192260949008","0.0948333135399345","0.104934327394517","0.0827930795505743"
"cc","0.962047611372071","2.04136046709626","3.04012820063055","0.982041785804978","0.0463970987715069","0.0493750463874134","0.0340748345204655"
"ipw","0.993825112821833","2.03925405475378","3.00754151967256","0.983232137043965","0.0461244843199075","0.0494674825897274","0.0351014297616684"
"ipw-w","0.946196713374075","2.08780863203503","3.06265280968256","0.983111720232699","0.057802947022059","0.0669204219634616","0.0406182099669484"
"mle","0.993413414197135","2.02286040735589","3.00834145878151","0.973507912918022","0.0405287803613222","0.0442687754937519","0.0297685038985226"
"mle-w","0.993413414197135","2.02286040735589","3.00834145878151","0.973507912918022","0.0405287803613222","0.0442687754937519","0.0297685038985226"
