"Method","beta0.x","beta1.x","beta2.x","sigma.x","beta0.y","beta1.y","beta2.y"
"oracle","1.02691803818197","1.94941881387172","2.98656161128823","1.00432034326482","0.0317643065341472","0.0340421808141868","0.0244958926277477"
"naive","-0.345355129112366","1.25466161960513","1.65751916436556","3.13121273150071","0.0855318692145549","0.107213022865143","0.0808573099037288"
"cc","1.06048968865391","1.93420130903894","2.98746254140717","1.00014161580101","0.0464559091298548","0.0488281246352105","0.0355414432837548"
"ipw","1.05745914676922","1.91462299280271","2.96452958849367","1.0006884840555","0.0472094253061343","0.0494081342780318","0.0361267039355072"
"ipw-w","1.10664690025554","1.95641456385262","2.97036191596068","1.0016978720393","0.057514353094887","0.0555630963280268","0.0436349342243381"
"mle","1.04097231146451","1.92452989758586","2.97371383795325","0.994484133713988","0.040817341351044","0.043031867466259","0.0312437266163368"
"mle-w","1.04097231146451","1.92452989758586","2.97371383795325","0.994484133713988","0.040817341351044","0.043031867466259","0.0312437266163368"
