"Method","beta0.x","beta1.x","beta2.x","sigma.x","beta0.y","beta1.y","beta2.y"
"oracle","0.999469767466499","1.99925591961838","2.99218629780816","1.01267808046704","0.0321525490570172","0.0323494020295658","0.0229076586684598"
"naive","-0.44544047792118","1.5354401712875","1.70867091845942","3.13864791546057","0.0886344987336489","0.113106599771013","0.081591677528262"
"cc","0.986604597596234","2.02421756804236","2.97695952339816","1.02293560713298","0.0458984430787281","0.0482781239518126","0.0335351690742149"
"ipw","0.993079607133455","2.03355053095295","2.96200553932852","1.02327667956968","0.0488518948090516","0.0541249052210233","0.0426787655466225"
"ipw-w","1.01301109224788","1.97780548741284","2.9927497631589","1.0251133439323","0.0538949086796034","0.05053388375031","0.0414633962389456"
"mle","0.991065368272312","2.03990828564839","2.98523908666807","1.0127708509917","0.0409180337925078","0.043240304960059","0.0294451164016005"
"mle-w","0.991065368272312","2.03990828564839","2.98523908666807","1.0127708509917","0.0409180337925078","0.043240304960059","0.0294451164016005"
