"Method","beta0.x","beta1.x","beta2.x","sigma.x","beta0.y","beta1.y","beta2.y"
"oracle","1.00318644479055","1.98525631690914","2.96924102792972","1.01283722406152","0.0320264255272358","0.0328638686941853","0.0248300153217329"
"naive","-0.316426250152527","1.18005044123856","1.49251065676226","3.15576536475665","0.090393467574391","0.110010623189885","0.077982121999087"
"cc","0.959943847854873","2.01948271784856","2.97886063445085","1.00306556097071","0.0450285085677333","0.049612881667753","0.0341056695223313"
"ipw","0.951207101342292","2.00353052324895","2.99175188063763","1.00348842629196","0.0466741631539713","0.0508356126632967","0.0351590950680567"
"ipw-w","0.912207289684311","2.02308180767147","2.96581016640664","1.00451559636775","0.0527138998252265","0.0534684496183682","0.044976697771452"
"mle","0.940296074601286","2.03237445268267","2.99920186877337","1.00842039447272","0.0408032764225982","0.0440862250452316","0.0308299990780741"
"mle-w","0.940296074601286","2.03237445268267","2.99920186877337","1.00842039447272","0.0408032764225982","0.0440862250452316","0.0308299990780741"
