"Method","beta0.x","beta1.x","beta2.x","sigma.x","beta0.y","beta1.y","beta2.y"
"oracle","1.01018336230946","1.95428984594811","3.01226045962477","0.963600367741637","0.0305154634154488","0.0317104329735305","0.0231128088910475"
"naive","-0.31055809198517","1.15523717996969","1.56934726649559","3.13604649225478","0.0856538217035874","0.108570610671036","0.0826499074497907"
"cc","1.00373086925394","1.92701739737732","3.00721810219148","0.967081734311127","0.0434332030454619","0.0459960298063475","0.0345982376619804"
"ipw","1.00965237064958","1.94385125457397","2.99407944517403","0.96754091932253","0.0446969172347072","0.0469287171026499","0.0358738646003127"
"ipw-w","0.976808438473969","1.91292127848829","3.04662467517153","0.969205335839776","0.0516025026109473","0.0563811427073886","0.0406572162479423"
"mle","1.01813257913458","1.93157005297986","3.02071643254861","0.9654496471195","0.0389678585504341","0.0412328240217538","0.0307356743023749"
"mle-w","1.01813257913458","1.93157005297986","3.02071643254861","0.9654496471195","0.0389678585504341","0.0412328240217538","0.0307356743023749"
