"Method","beta0.x","beta1.x","beta2.x","sigma.x","beta0.y","beta1.y","beta2.y"
"oracle","0.950213354734304","2.04798353168582","2.98957796082341","0.983869308724579","0.0310883593860162","0.0339527293277165","0.0245155213092693"
"naive","-0.434132087718255","1.20462947696697","1.52944491548207","3.12981963470372","0.0898024279443277","0.102960407035476","0.0778924815329286"
"cc","0.984056247790197","2.05910494936803","3.00650647251444","0.972237293544089","0.0456391112030285","0.0483538198104627","0.036421540413826"
"ipw","0.995498498371051","2.05910028843571","2.99961227663035","0.972331323200535","0.0476998683397584","0.0503435442370509","0.0369548110303262"
"ipw-w","0.994935195924982","2.11139556613776","3.01927695151956","0.973509976774454","0.0558125464905979","0.0546365452545063","0.0433534211605469"
"mle","0.968794618349403","2.05244198203113","3.00607253869593","0.964339920906436","0.0887097098632169","0.0461665995045887","0.0331293610500252"
"mle-w","0.968794618349403","2.05244198203113","3.00607253869593","0.964339920906436","0.0887097098632169","0.0461665995045887","0.0331293610500252"
