"Method","beta0.x","beta1.x","beta2.x","sigma.x","beta0.y","beta1.y","beta2.y"
"oracle","0.995849117816567","2.06274651703344","3.02046553551364","1.02482284177102","0.0323749965150867","0.0348305032693735","0.0249991240901089"
"naive","-0.437246852796699","1.36946410829911","1.68646549995912","3.15534675563957","0.0941421282156595","0.110075954401829","0.0697373415115461"
"cc","0.967723394221697","2.02345725764703","3.03836007366503","1.08984674218359","0.0521975704081165","0.0559443523232782","0.0396499630219896"
"ipw","0.971660018775267","2.00144767122955","3.02913427388375","1.09004440970882","0.0538007926341531","0.061759736706508","0.0410502922768798"
"ipw-w","0.969082493278902","2.04147651544669","3.02798696949933","1.09019208613668","0.0593000594720119","0.0622543928423016","0.0487281270071916"
"mle","0.975347235631266","2.03659654408961","3.00879811606906","1.06125054309085","0.0443435533348666","0.0467360104144901","0.0332410368798212"
"mle-w","0.975347235631266","2.03659654408961","3.00879811606906","1.06125054309085","0.0443435533348666","0.0467360104144901","0.0332410368798212"
