"Method","beta0.x","beta1.x","beta2.x","sigma.x","beta0.y","beta1.y","beta2.y"
"oracle","0.98838669512826","1.9876219428902","2.95999084198441","1.00111054423238","0.0316636813496523","0.0350851809958478","0.02385769185216"
"naive","-0.385291532836181","1.34647533632464","1.75715105947084","3.09162585229409","0.0863113971954614","0.115567111745606","0.0795227582601037"
"cc","0.953602203505678","1.96238857163742","2.97754186245903","1.02035058375709","0.0469260960774179","0.0524592413882303","0.0357894165704759"
"ipw","0.956617903256654","1.9661657415055","2.95527155654114","1.0208739692858","0.0516058600048099","0.0581713789150108","0.0463304134967057"
"ipw-w","0.915091812585234","1.9443932968706","2.99615660355621","1.02149240384254","0.0533371675123364","0.0536258205078965","0.0393934345417172"
"mle","0.957686952300055","1.9753993854569","2.97604245301116","1.01522353617616","0.0411549759531576","0.0465598893076255","0.0308519016112903"
"mle-w","0.957686952300055","1.9753993854569","2.97604245301116","1.01522353617616","0.0411549759531576","0.0465598893076255","0.0308519016112903"
