"Method","beta0.x","beta1.x","beta2.x","sigma.x","beta0.y","beta1.y","beta2.y"
"oracle","0.997202742625596","1.99696566866715","2.97014003043228","0.967700516462418","0.030547475985282","0.0335821714873682","0.0226915787269788"
"naive","-0.399243671655465","1.45486715775277","1.67010301367012","3.15827265306925","0.0885448325530698","0.103923445531029","0.0730547459307854"
"cc","1.00296140834992","2.01706966276771","2.97594018720501","0.947075570663451","0.0425495445416337","0.0463734206190036","0.0319089609082299"
"ipw","1.02948386648872","2.01930828303127","2.94644800205802","0.94823650530734","0.0438060818202528","0.0443764233682972","0.0382003222869558"
"ipw-w","0.926611898264618","2.00897952936815","2.97858906789717","0.950169305513464","0.0512639913622495","0.0506454993811139","0.0359728816105821"
"mle","1.00666260858443","2.0495986851479","2.98134480615156","0.956191047537691","0.0386328970116705","0.0420875811185009","0.0290979096592338"
"mle-w","1.00666260858443","2.0495986851479","2.98134480615156","0.956191047537691","0.0386328970116705","0.0420875811185009","0.0290979096592338"
