"Method","beta0.x","beta1.x","beta2.x","sigma.x","beta0.y","beta1.y","beta2.y"
"oracle","0.993441554186287","1.99557880154391","3.00991277517376","0.980708821118023","0.0310404464950795","0.0346635423793819","0.0230836730039621"
"naive","-0.481675035260741","1.27973956950878","1.7075570034109","3.21595898399158","0.0896735349015882","0.111805401293647","0.0761808596442292"
"cc","0.974643208909837","1.99872776618265","3.00671141816756","0.953347073226671","0.041717101456422","0.043084450305772","0.0320200648003188"
"ipw","0.984548283839676","1.98701631072642","3.01539197554363","0.953629778294723","0.0424280387648405","0.0426262647645361","0.0314186189799998"
"ipw-w","1.03240257743525","1.94989752750402","2.98435599759096","0.956050486384015","0.0505173965635317","0.0505112493264204","0.0381159097214727"
"mle","0.982335637702509","2.00463030954645","3.01779413551923","0.951720978785132","0.0382944298472903","0.0395349417714381","0.028465844037897"
"mle-w","0.982335637702509","2.00463030954645","3.01779413551923","0.951720978785132","0.0382944298472903","0.0395349417714381","0.028465844037897"
