"Method","beta0.x","beta1.x","beta2.x","sigma.x","beta0.y","beta1.y","beta2.y"
"oracle","0.988505625613268","2.03042294433552","2.98705800391235","0.98643442540539","0.031224665982283","0.0355722428424619","0.0240572446574831"
"naive","-0.376973984919797","1.38223299992149","1.72706687908885","3.11665807538096","0.0895552773377455","0.115479543301522","0.0841616961994806"
"cc","0.930703866940567","2.02185874094311","2.9917587654244","0.968834804672766","0.0447548742878932","0.0509435008085137","0.0347978476244452"
"ipw","0.962089992914426","2.00341347509925","2.98290654467579","0.969409505748131","0.0469490041532451","0.0508949412532781","0.0351369809203265"
"ipw-w","0.903532196551532","2.03689564982926","2.98916842228953","0.969359986661643","0.0537254897911829","0.0570416014038325","0.0387379071206283"
"mle","0.916757551556696","2.00421480631217","3.00695131848786","0.959960823263417","0.0597496565786511","0.0604362671355681","0.0744677577718173"
"mle-w","0.916757551556696","2.00421480631217","3.00695131848786","0.959960823263417","0.0597496565786511","0.0604362671355681","0.0744677577718173"
