"Method","beta0.x","beta1.x","beta2.x","sigma.x","beta0.y","beta1.y","beta2.y"
"oracle","1.01219485160647","2.00591179900828","3.00632036421779","1.04297671869763","0.0329955255597597","0.0351406865112276","0.0234754120724179"
"naive","-0.543889269750985","1.32168603777341","1.61551969239978","3.19723455342534","0.0906043373189051","0.112345417810093","0.0732176533329772"
"cc","0.96588865209759","2.05671206898674","3.04348029262224","1.0066089238289","0.046608055853323","0.0513300587566219","0.0324607135398063"
"ipw","0.967839566817802","2.03200799781213","3.06234755567373","1.00754808193191","0.0482971727005218","0.0557245298346567","0.034119430172249"
"ipw-w","0.993114990938539","2.01911126264798","3.01531104777808","1.00782726739715","0.0542122392989977","0.0622713993187672","0.0370108264358468"
"mle","1.02698624012249","2.04796850173423","2.99922760376015","1.00706021298013","0.0413430682272492","0.0458372724496937","0.0277993569341248"
"mle-w","1.02698624012249","2.04796850173423","2.99922760376015","1.00706021298013","0.0413430682272492","0.0458372724496937","0.0277993569341248"
