"Method","beta0.x","beta1.x","beta2.x","sigma.x","beta0.y","beta1.y","beta2.y"
"oracle","0.982389336484937","1.93520531115849","2.98135166050957","0.966307713201223","0.0307000507059339","0.0341287998858328","0.0232055194708918"
"naive","-0.4047343508099","1.16387923326756","1.51960840853415","3.32855505619012","0.0988880286246342","0.113373580975834","0.0803026476063602"
"cc","0.986132124481245","1.87873581868112","2.96229454492372","0.912955098454164","0.0418867794413228","0.0450563305367178","0.0316629348092603"
"ipw","0.96217631608364","1.88106570585412","2.97810228223293","0.913382270272768","0.0462000654646131","0.0496305170398174","0.0449611928792867"
"ipw-w","0.950412174319884","1.87604992827187","2.94066459856841","0.914432433272893","0.0496117682424814","0.0510391455483716","0.0387048913037423"
"mle","0.957425288793792","1.91311112376556","2.99083029246067","0.926811070961148","0.0388517130216465","0.0412546514641927","0.0292549694652189"
"mle-w","0.957425288793792","1.91311112376556","2.99083029246067","0.926811070961148","0.0388517130216465","0.0412546514641927","0.0292549694652189"
