"Method","beta0.x","beta1.x","beta2.x","sigma.x","beta0.y","beta1.y","beta2.y"
"oracle","1.01764586073712","2.04760298246293","3.02678297006694","0.986291080978309","0.031212834595062","0.0334945226712083","0.0221493621040383"
"naive","-0.49622338178705","1.37551298409951","1.57821509515575","3.34362711579001","0.0936915020693755","0.116831076559197","0.0805304059059194"
"cc","1.00796601332102","2.05974267806247","3.03839388718341","0.956785495545502","0.0454955341802938","0.0492337884725984","0.0341776293982537"
"ipw","0.976448861587947","2.04455939369822","3.04635387590532","0.957450420704958","0.0491760744536825","0.0581512506255785","0.0408807513136542"
"ipw-w","1.06080352953682","2.04853223430874","3.00875567553454","0.9585457921357","0.0542744547965998","0.0575863392611889","0.0390674052553957"
"mle","0.998708563594637","2.0914565324047","3.04334971499011","0.963593462628722","0.0403482482235995","0.0448266761056076","0.0298418855947382"
"mle-w","0.998708563594637","2.0914565324047","3.04334971499011","0.963593462628722","0.0403482482235995","0.0448266761056076","0.0298418855947382"
