"Method","beta0.x","beta1.x","beta2.x","sigma.x","beta0.y","beta1.y","beta2.y"
"oracle","0.980071603321407","2.0441026287931","2.98413498937824","0.987235194832668","0.0312010569383598","0.0349338720565201","0.0245308034352188"
"naive","-0.329434307713797","1.30360333932472","1.56150272510083","3.20629174866936","0.0926810769686027","0.104793694167914","0.0767713236561257"
"cc","0.976226883733164","2.09098304594618","2.9849138399092","0.976354033006977","0.044976110252282","0.0497772804121127","0.0360309841953317"
"ipw","0.971704231854014","2.07546640356653","2.97742969901682","0.976497304148784","0.0462751278614913","0.0604490194951633","0.0435306014859185"
"ipw-w","0.987163478018773","2.08838902221757","2.95216609317549","0.977406862284587","0.0565362368994833","0.05781761467229","0.0472913723995969"
"mle","0.952511907599827","2.09366838685657","3.00058901042522","0.990878376439631","0.0406731888153192","0.0450830235587063","0.0327266028584282"
"mle-w","0.952511907599827","2.09366838685657","3.00058901042522","0.990878376439631","0.0406731888153192","0.0450830235587063","0.0327266028584282"
