"Method","beta0.x","beta1.x","beta2.x","sigma.x","beta0.y","beta1.y","beta2.y"
"oracle","1.0342484825441","2.01139429058357","2.9844493355842","0.9983159048577","0.031577282959431","0.0327345645668663","0.0232071293913534"
"naive","-0.244686461060035","1.63303786520222","1.74927102140612","3.09004690522006","0.0849269615367605","0.105749876926917","0.0801219049130847"
"cc","1.07449562137672","2.02415155335365","2.97242274534948","0.973793278063728","0.0423054957205144","0.0446108651775644","0.0313599839148319"
"ipw","1.05949959348294","2.02892804879242","2.98451857685788","0.973996500266474","0.0426753172359932","0.0461084324008433","0.0323200224379657"
"ipw-w","1.10297700319238","2.00798494482404","2.99738599473047","0.975274700906027","0.0481426209187158","0.0537308841905924","0.0323258782656534"
"mle","1.05245592930929","2.03860835018536","2.99202094615667","0.989373818583733","0.0394913724841404","0.0364304591948378","0.0237304074537126"
"mle-w","1.05245592930929","2.03860835018536","2.99202094615667","0.989373818583733","0.0394913724841404","0.0364304591948378","0.0237304074537126"
