"Method","beta0.x","beta1.x","beta2.x","sigma.x","beta0.y","beta1.y","beta2.y"
"oracle","1.03840744950158","2.03206628000886","3.02126890570164","1.0057662924205","0.0318274420427964","0.0339830693841079","0.0230543092796795"
"naive","-0.251754154550095","1.35048508932506","1.65632200173781","3.263017901305","0.0938063389119307","0.115390606800363","0.0776606718786244"
"cc","1.03927229982751","1.9907257493989","3.04236326775709","0.994734309292269","0.0452134898210808","0.0461646132002093","0.031558031037676"
"ipw","1.05307052127674","1.96768932488148","3.03638804293566","0.995041471314414","0.0461519221183505","0.0502648611973268","0.0326797363155991"
"ipw-w","1.08101820756027","1.94125133325412","3.03129255063145","0.9965516673373","0.0541394101913628","0.0502913216695343","0.0370819490754846"
"mle","1.01600532067164","2.00704818478826","3.0296969578874","1.00491886689204","0.0410885721050212","0.0433219532844372","0.0291619927114926"
"mle-w","1.01600532067164","2.00704818478826","3.0296969578874","1.00491886689204","0.0410885721050212","0.0433219532844372","0.0291619927114926"
