"Method","beta0.x","beta1.x","beta2.x","sigma.x","beta0.y","beta1.y","beta2.y"
"oracle","0.993907150516253","2.01962120921772","3.03632649996764","0.963696818721951","0.0304940190516574","0.0307794869541274","0.0233584927699121"
"naive","-0.419042936396358","1.46593000838919","1.78131740181114","3.10517979031886","0.0870525986159224","0.105593209527244","0.0810324988854518"
"cc","0.977920900689264","1.97903232916745","3.0057513694865","0.956887616302324","0.0433369541740407","0.0450602787258636","0.0357778956512874"
"ipw","0.975751573030392","1.98517103931272","2.99147219963106","0.95716434103121","0.0447261503123586","0.0455658127536758","0.0403870572857457"
"ipw-w","0.929734875929697","1.94053613335936","2.98957375882978","0.959027812675176","0.0470676650730112","0.0494681358402986","0.0385177454025389"
"mle","0.941524590386009","2.00403337712829","3.04593670779287","0.972966638356954","0.0396041674850152","0.042470625423683","0.0389616702491934"
"mle-w","0.941524590386009","2.00403337712829","3.04593670779287","0.972966638356954","0.0396041674850152","0.042470625423683","0.0389616702491934"
