"Method","beta0.x","beta1.x","beta2.x","sigma.x","beta0.y","beta1.y","beta2.y"
"oracle","1.02266379814869","2.0241985174829","3.00435220238088","0.979142208781909","0.0310988780117474","0.0318477563887075","0.0239203888980326"
"naive","-0.344332680496688","1.10538059049054","1.47748131384028","3.12919895110692","0.0922392940253013","0.104532202027544","0.0754309769736771"
"cc","0.970204581673463","2.01586468626532","3.04508296723319","0.953183067498056","0.0438232512528064","0.0458050977958487","0.0341214994853203"
"ipw","0.980143973460947","2.01836681162548","3.02617250871208","0.953563671920771","0.046262006841063","0.0474310167317826","0.0376415623711554"
"ipw-w","0.960727834244526","1.99186880076019","3.06176241267501","0.953981155994613","0.0504158427849043","0.0546955433353931","0.0398028521305767"
"mle","1.00722356883921","2.0296040620303","3.02287811232933","0.945828274015986","0.0388692480465765","0.0404053394078776","0.0303572317663306"
"mle-w","1.00722356883921","2.0296040620303","3.02287811232933","0.945828274015986","0.0388692480465765","0.0404053394078776","0.0303572317663306"
