"Method","beta0.x","beta1.x","beta2.x","sigma.x","beta0.y","beta1.y","beta2.y"
"oracle","0.982881585415105","1.99368965528077","3.01791094322112","0.938750848872988","0.0296977804534297","0.0326390585343804","0.0230901095176949"
"naive","-0.370998126423982","1.20088944657674","1.58546105839789","3.16479347044171","0.090173056671386","0.117962386904075","0.0815009149623868"
"cc","1.0226354679229","1.97832201198019","3.02128471370129","0.923561867928792","0.0416409001403314","0.0471274739425646","0.0319333910251976"
"ipw","1.01165688362061","1.97140661042971","3.02491594608438","0.923664437475639","0.0451913025408234","0.0503306893889921","0.0413225035240572"
"ipw-w","1.02983322564412","2.02684445720173","3.05648559037815","0.925232224301567","0.0549987303544573","0.0629085039828685","0.0424387597919123"
"mle","1.03347011374966","1.9924108007694","3.01624750342205","0.91801674751671","0.0378207391687863","0.0428498752143321","0.0284236934602124"
"mle-w","1.03347011374966","1.9924108007694","3.01624750342205","0.91801674751671","0.0378207391687863","0.0428498752143321","0.0284236934602124"
