"Method","beta0.x","beta1.x","beta2.x","sigma.x","beta0.y","beta1.y","beta2.y"
"oracle","1.04116618098926","2.05798253858723","2.97662904763256","0.992317133516606","0.0315261820424933","0.0331183673025229","0.0244859127135277"
"naive","-0.307713712136008","1.54052993639137","1.7129804534725","3.03053481191293","0.0857209887971968","0.102378989678293","0.0711663993075345"
"cc","1.05571737669045","2.0419179633121","2.97717434938025","0.985201057678856","0.0444811529670929","0.0449778854603613","0.0344204010011106"
"ipw","1.03093271599115","2.0265923739829","2.97426797263753","0.985662187584262","0.0480418899835122","0.0513844557892756","0.0418724234304469"
"ipw-w","1.0684307755016","2.04838442775387","2.99800010712395","0.985759014957292","0.0552776630879017","0.0562876077360751","0.0409608805898522"
"mle","1.02633766318074","2.08119791210031","2.98344539139797","0.979986890649875","0.039759391366252","0.0407682232404112","0.0304594146760732"
"mle-w","1.02633766318074","2.08119791210031","2.98344539139797","0.979986890649875","0.039759391366252","0.0407682232404112","0.0304594146760732"
