"Method","beta0.x","beta1.x","beta2.x","sigma.x","beta0.y","beta1.y","beta2.y"
"oracle","1.01298185203949","2.00704547120732","2.99354139354515","1.02349372985562","0.0324707628275622","0.0343401613631968","0.0229350669313382"
"naive","-0.419801303255431","1.43447367749127","1.74397387984465","3.19946686268857","0.0913664422378843","0.10170521134827","0.0832591242790394"
"cc","0.945348477481598","2.02197906193122","3.05514880148684","1.03627767069834","0.0506802603483905","0.0476587662975578","0.0357580525746755"
"ipw","0.936879489177076","2.02387719136389","3.07406152742361","1.0366014309064","0.0503732696818573","0.0502541406849395","0.0383194999618761"
"ipw-w","0.948897355977569","2.0691152121687","3.068097798814","1.03731080439887","0.0622160366194762","0.0590300789255188","0.0464070269356213"
"mle","0.98817496586653","2.01086905163183","3.01235523055446","1.03434321672579","0.0436512416954202","0.0429024438214003","0.0306162734921537"
"mle-w","0.98817496586653","2.01086905163183","3.01235523055446","1.03434321672579","0.0436512416954202","0.0429024438214003","0.0306162734921537"
