"Method","beta0.x","beta1.x","beta2.x","sigma.x","beta0.y","beta1.y","beta2.y"
"oracle","0.989746982412569","2.02790961398303","2.97255265421737","0.995485073445772","0.0314749576451608","0.0339362827237027","0.0246160167432152"
"naive","-0.319702119836466","1.1737534880714","1.52197312946027","3.12553932817556","0.0875198269972078","0.105985207439282","0.0811403454484625"
"cc","0.977218314569067","2.04432275501737","2.96106727392475","0.95305039989452","0.0442877939105338","0.0457925829219703","0.0339485562907446"
"ipw","0.94748900295117","2.0568286327148","2.97406404729272","0.953562471141987","0.0465410165896529","0.0447795114738289","0.0361201444087822"
"ipw-w","1.00165601366211","2.10290266814741","2.96078817974997","0.955080648389974","0.0553551476304838","0.0532372657447573","0.0456733776791196"
"mle","0.987867868423219","2.02370345786381","2.95749245935277","0.96720289089976","0.0403072319038543","0.041590214726103","0.0303332999223457"
"mle-w","0.987867868423219","2.02370345786381","2.95749245935277","0.96720289089976","0.0403072319038543","0.041590214726103","0.0303332999223457"
