"Method","beta0.x","beta1.x","beta2.x","sigma.x","beta0.y","beta1.y","beta2.y"
"oracle","1.05041679977057","2.02490205533165","2.9971494678634","0.996745307261196","0.0314591826408718","0.0367641436196148","0.0251223429347923"
"naive","-0.146815765265162","1.29643547904285","1.47601993444968","3.20112673479377","0.0902324238549183","0.115849020745077","0.0778983438724291"
"cc","1.09077817125451","2.05068018738712","2.97815443188444","1.01117402637531","0.0454194751548715","0.0570132832228199","0.0358211957794948"
"ipw","1.12583039039486","2.08650086613444","2.97607953426374","1.01246535115785","0.050054615946023","0.062622898124722","0.0386354423385192"
"ipw-w","1.11904961293152","2.06118144252124","2.95648034155517","1.01201752176638","0.0540642440631111","0.0617966008115532","0.04496514191764"
"mle","1.09680273906984","2.03517433323058","2.99291603411964","1.01731892082756","0.0410652362282346","0.0502695163787154","0.0322285683774638"
"mle-w","1.09680273906984","2.03517433323058","2.99291603411964","1.01731892082756","0.0410652362282346","0.0502695163787154","0.0322285683774638"
