"Method","beta0.x","beta1.x","beta2.x","sigma.x","beta0.y","beta1.y","beta2.y"
"oracle","0.940509984994963","1.98536346563671","2.98486268551149","1.01606894419066","0.0321799964032059","0.0336622437237577","0.0228817973211638"
"naive","-0.356447203902111","1.30004663494459","1.57090404301689","3.08469467716542","0.0894808072246596","0.103812557119322","0.079959251327498"
"cc","0.970086510615525","2.01816861609767","3.041046327352","0.992806547251542","0.0453852698710777","0.0476148089527344","0.0338607609974466"
"ipw","0.970327819282616","2.05286947153116","3.05248028593217","0.993323644763487","0.0504163035373912","0.0576370753089587","0.040225809132292"
"ipw-w","0.914050216867768","2.02678332737586","3.04104706667367","0.994417380912235","0.0556951968745276","0.0586152720847246","0.0409955476628314"
"mle","0.961486578171794","2.03801383246966","3.03658052783931","0.988745787890747","0.0403177228893426","0.0426616625573911","0.0296952624284761"
"mle-w","0.961486578171794","2.03801383246966","3.03658052783931","0.988745787890747","0.0403177228893426","0.0426616625573911","0.0296952624284761"
