"Method","beta0.x","beta1.x","beta2.x","sigma.x","beta0.y","beta1.y","beta2.y"
"oracle","1.00990996855076","2.02446850272399","3.00002830507142","1.01771688290952","0.0321711796099961","0.0369967945731806","0.0249934563274899"
"naive","-0.279842379729818","1.1922122354571","1.5068868783436","3.14061600570492","0.0880240088978714","0.100532123702809","0.0766140486645442"
"cc","1.01419125704695","1.99010325670736","2.95221288871534","1.05694612032088","0.0482107324857165","0.0535164221980602","0.036373916684669"
"ipw","1.01048946750614","2.0151553045459","2.97548867448325","1.05744813257557","0.0503784425706049","0.0538043963602574","0.0402741202988756"
"ipw-w","1.03336493821173","2.00214355972698","2.98417999603906","1.05812419336768","0.0556025310550191","0.0569730424230735","0.0398079877007472"
"mle","1.02345840530767","1.99030804734295","2.95561122842284","1.05209425006946","0.0454662421856731","0.0475960267083317","0.0313470273667857"
"mle-w","1.02345840530767","1.99030804734295","2.95561122842284","1.05209425006946","0.0454662421856731","0.0475960267083317","0.0313470273667857"
