"Method","beta0.x","beta1.x","beta2.x","sigma.x","beta0.y","beta1.y","beta2.y"
"oracle","0.99240001177951","1.97135463053726","3.00246093443613","1.01164790382805","0.0320877142275598","0.0329545843635076","0.0236472778803858"
"naive","-0.407107810674125","1.26971302935324","1.63267340459959","3.19365868470265","0.10032468711468","0.113454686661114","0.0921372478640751"
"cc","1.01915876828787","1.96653344117814","2.97421764795333","1.02750831987975","0.0479743548782477","0.0528596120708335","0.0385600166535863"
"ipw","1.0255893802083","1.98037901509557","2.95466592224739","1.02804942501158","0.0515066544758899","0.061402365367618","0.0426233314294695"
"ipw-w","1.02974480184298","1.86185973235914","2.98780155925013","1.03329060730494","0.0577361437583455","0.0558530251069846","0.047726775784239"
"mle","0.96775804744846","1.96248571756541","3.01218002441277","1.03074267742656","0.0429784267040284","0.0465457971040343","0.0336532376797422"
"mle-w","0.96775804744846","1.96248571756541","3.01218002441277","1.03074267742656","0.0429784267040284","0.0465457971040343","0.0336532376797422"
