"Method","beta0.x","beta1.x","beta2.x","sigma.x","beta0.y","beta1.y","beta2.y"
"oracle","0.978414808435434","2.00864382405144","2.97726317681328","0.982078362682368","0.0311144057052014","0.0336619349809116","0.0248046419224702"
"naive","-0.315807890460885","1.36736263998653","1.51455383940573","3.15457718025485","0.0914126812607368","0.1046591612771","0.0756787966955528"
"cc","0.993813774780672","1.96594213463745","2.98180657934809","1.00745141787064","0.046476965564766","0.0469955649110756","0.0373435979886236"
"ipw","1.00217213381024","1.97936256345254","2.98039200161425","1.00760202648066","0.0473596196966902","0.0509047156224183","0.0378245204465087"
"ipw-w","1.00387357917995","1.92941409690543","2.97373017441519","1.00807316024542","0.052797530667823","0.050640639115206","0.0398279808829303"
"mle","0.970947454438002","1.97114175786124","2.97851240365003","1.00186747712181","0.0413625210132284","0.0423261064908708","0.0326608397506426"
"mle-w","0.970947454438002","1.97114175786124","2.97851240365003","1.00186747712181","0.0413625210132284","0.0423261064908708","0.0326608397506426"
