"Method","beta0.x","beta1.x","beta2.x","sigma.x","beta0.y","beta1.y","beta2.y"
"oracle","0.940945112955813","2.02166844168504","3.00126940908784","1.00917260414822","0.032034142011942","0.0350281996218995","0.0249925049432903"
"naive","-0.314505474190854","1.34084190008412","1.67508409184959","3.16631264072979","0.0897778790825233","0.112171763725923","0.0855903627136826"
"cc","0.990447666353162","1.92354266065379","2.98177225024513","0.967991737333143","0.0448699239069874","0.0467061037468929","0.0334463073471125"
"ipw","1.00321490614316","1.91022085878548","2.97607068170017","0.968139960386322","0.0467118862729844","0.0473280302820778","0.0375583224055052"
"ipw-w","0.978660326920526","1.87038332656856","3.00651351770983","0.970616606733452","0.0520559102278915","0.054185931845521","0.0395463426064894"
"mle","0.994662719303218","1.93999782031109","2.99275800560916","0.961836701637872","0.0399693880419266","0.0439493896034665","0.0295361407913231"
"mle-w","0.994662719303218","1.93999782031109","2.99275800560916","0.961836701637872","0.0399693880419266","0.0439493896034665","0.0295361407913231"
