"Method","beta0.x","beta1.x","beta2.x","sigma.x","beta0.y","beta1.y","beta2.y"
"oracle","1.03725545143546","1.9482445045488","3.04156737822384","0.974446726575636","0.0308606130624486","0.0334950140961888","0.0227385216962074"
"naive","-0.528662675294238","1.18589459340828","1.72879907942377","3.16515419786053","0.091202302061966","0.100068979399367","0.0743968751996424"
"cc","1.00423515606596","1.91018713045758","3.04527299221749","0.96202903110567","0.0438904295182983","0.0490696003596414","0.0321569043367112"
"ipw","1.02188222497047","1.92861002722928","3.04427378986576","0.962354187650641","0.0458105520171664","0.0505848942646943","0.0343563600661848"
"ipw-w","0.982307709314297","1.85146733879182","3.04583771760517","0.963990061666343","0.0506070445776523","0.0540867467440506","0.0331291280095566"
"mle","1.0239436160132","1.93234965219484","3.0509124007523","0.9607893043032","0.0396049652858334","0.0434499090583228","0.029238939522517"
"mle-w","1.0239436160132","1.93234965219484","3.0509124007523","0.9607893043032","0.0396049652858334","0.0434499090583228","0.029238939522517"
