"Method","beta0.x","beta1.x","beta2.x","sigma.x","beta0.y","beta1.y","beta2.y"
"oracle","0.951313136695747","1.95625190019239","2.99680594329662","0.995337893516675","0.0314748816374506","0.0310943624833682","0.0220143795287226"
"naive","-0.460599024497599","1.23236425489915","1.62995202135555","3.17966702564028","0.0927123785425984","0.101667200595792","0.0814141794813821"
"cc","0.940716684742797","1.96554576235938","3.01402133087198","1.02660811063214","0.0483513020382718","0.0467968931928526","0.0344611391815001"
"ipw","0.929823592276424","1.96262095595237","3.01267654442353","1.02667527451433","0.0490040205766424","0.0498898576068682","0.0364907135330576"
"ipw-w","0.939713647167058","1.93034866378412","3.0152436879273","1.02727975664902","0.0540196481343352","0.0523163901194602","0.0352942841916961"
"mle","0.943866413508952","1.94306437840326","2.99569302830172","1.01865080437487","0.0421192027896967","0.0408810762349824","0.0302318052086579"
"mle-w","0.943866413508952","1.94306437840326","2.99569302830172","1.01865080437487","0.0421192027896967","0.0408810762349824","0.0302318052086579"
