"Method","beta0.x","beta1.x","beta2.x","sigma.x","beta0.y","beta1.y","beta2.y"
"oracle","0.984502000823502","1.95262350297471","2.93601107230376","0.994504816155809","0.0314125827565303","0.0325612320749253","0.023334711094875"
"naive","-0.388499990683576","1.31882367646925","1.63210885660374","3.10712512357413","0.0906931517773337","0.109591667868839","0.0803287006595925"
"cc","0.941871416736817","1.99193825666268","2.98374247943819","0.980359011976244","0.0457739886258604","0.0435412105580036","0.0322829685035132"
"ipw","0.917967958237611","2.03601425978087","3.01574033629144","0.981779309472517","0.0462590283039901","0.0446866586910938","0.0342053611278316"
"ipw-w","1.02186590151991","1.98904816128568","2.95170315445249","0.983772137600592","0.05071211264525","0.0491216608713991","0.0346561373784642"
"mle","0.995518541429187","1.96109747264054","2.96661672270011","0.976131374014771","0.0399742926506769","0.0396558848453109","0.0280799719909346"
"mle-w","0.995518541429187","1.96109747264054","2.96661672270011","0.976131374014771","0.0399742926506769","0.0396558848453109","0.0280799719909346"
