"Method","beta0.x","beta1.x","beta2.x","sigma.x","beta0.y","beta1.y","beta2.y"
"oracle","0.955186920010426","1.99251376186732","2.97909541408646","0.979295341387727","0.0309695179730902","0.0350783382439887","0.0247797746157857"
"naive","-0.370028461556044","1.47430633332807","1.59806934699752","3.10656252818468","0.0906333153405962","0.112152729303866","0.0765379044706605"
"cc","0.930153554774693","1.94448511597081","2.96935029900297","0.963863329610744","0.0425937473359662","0.0470174148048302","0.03490148844171"
"ipw","0.921981987125344","1.98560596868848","3.01634996862619","0.965943184357341","0.0443939853618936","0.0491968054068455","0.0463077573639252"
"ipw-w","0.923627585440462","1.9418667302573","2.98578327693948","0.964156553907363","0.0568594841354552","0.059509094195822","0.0520498583902871"
"mle","0.921866140470159","1.99149164559524","2.99621663832272","0.973293361579107","0.0387346261837615","0.0433016116046733","0.0303308049019542"
"mle-w","0.921866140470159","1.99149164559524","2.99621663832272","0.973293361579107","0.0387346261837615","0.0433016116046733","0.0303308049019542"
