"Method","beta0.x","beta1.x","beta2.x","sigma.x","beta0.y","beta1.y","beta2.y"
"oracle","1.04172150150983","1.96460297336681","3.02230089881472","0.982248055654292","0.0311746685637272","0.0346374333143001","0.0238781482528536"
"naive","-0.201099134606155","1.4174009991194","1.70158550886636","3.06584996178747","0.0844182110523677","0.0994950785333916","0.0750014969118642"
"cc","1.05215063389618","1.93443704242126","3.00133972031854","0.946826725915643","0.0430756448602452","0.0465220355454325","0.0309479476568131"
"ipw","1.05559825932947","1.94906434897418","2.99905442679103","0.946965887238764","0.0484373017496866","0.0546971210420528","0.0377477853025812"
"ipw-w","1.05689393687781","1.92323166003223","3.02645811454585","0.947774078728348","0.0541019608948487","0.054313623279314","0.0392477180399861"
"mle","1.06738588018644","1.95626583100278","2.99366005928848","0.958621046806806","0.0392246120160998","0.0420725698787311","0.0283689115900438"
"mle-w","1.06738588018644","1.95626583100278","2.99366005928848","0.958621046806806","0.0392246120160998","0.0420725698787311","0.0283689115900438"
