"Method","beta0.x","beta1.x","beta2.x","sigma.x","beta0.y","beta1.y","beta2.y"
"oracle","1.07413319110539","1.97693103405735","3.01638747969428","1.01560804938861","0.0321730711318931","0.0338420069555315","0.0243215428996477"
"naive","-0.437294409887119","1.35844918101725","1.65649395536237","3.22363076357158","0.0940423744166991","0.11847859876772","0.0784291707543551"
"cc","1.07586615958608","1.96720250795096","2.98560495367183","1.03083365396229","0.0484345097053745","0.0504213377786549","0.0361989609967611"
"ipw","1.06593197705072","1.96554812755812","2.98989515954829","1.03089835392498","0.0497634101843257","0.0515813476489737","0.036309049652346"
"ipw-w","1.10022672069199","1.98422571158634","2.98225668768489","1.03132805809069","0.0587845616328265","0.0603324215399216","0.0500695329992404"
"mle","1.06692979774416","1.98115313212445","2.99829346039134","1.02328537059486","0.0425623922858131","0.0450078671036898","0.0314375056829179"
"mle-w","1.06692979774416","1.98115313212445","2.99829346039134","1.02328537059486","0.0425623922858131","0.0450078671036898","0.0314375056829179"
