"Method","beta0.x","beta1.x","beta2.x","sigma.x","beta0.y","beta1.y","beta2.y"
"oracle","1.00262941560815","2.01452198880761","3.00689213192739","0.971793659608138","0.0307533256337454","0.0329010664827361","0.0233742811830801"
"naive","-0.313869489295618","1.30077959163019","1.57970481390588","3.23448764696258","0.0941916459617428","0.11256794439527","0.0864958801588784"
"cc","1.05072438080914","2.02551193673528","3.04625982937629","0.947090726869262","0.0437477345722709","0.0484441688182858","0.0344110644738258"
"ipw","1.05272155411986","2.04232591030159","3.04843873256837","0.947224726743014","0.0457890926336577","0.05077629301695","0.0362881723709687"
"ipw-w","1.02937781076156","2.01165684834637","3.04366263410418","0.94744042341028","0.0546045933629717","0.063979395021414","0.04081082213823"
"mle","1.04296646798355","1.99849377229572","3.04378282507229","0.942496196277823","0.0393734228985467","0.0437158124216764","0.0311761778658147"
"mle-w","1.04296646798355","1.99849377229572","3.04378282507229","0.942496196277823","0.0393734228985467","0.0437158124216764","0.0311761778658147"
