"Method","beta0.x","beta1.x","beta2.x","sigma.x","beta0.y","beta1.y","beta2.y"
"oracle","0.978604918825176","1.99854198486365","2.98379860598712","1.02526381972009","0.0325843986737482","0.0331347057946117","0.0252700261994237"
"naive","-0.314421374240893","1.46246609410068","1.68739507812955","3.01139326081904","0.0874300859912014","0.110264556823822","0.0671397112552451"
"cc","0.911283856907137","2.00898203304328","2.97908188822508","1.01793382016177","0.0472181475422822","0.0448772342352081","0.0369694595134476"
"ipw","0.912538344205413","1.99924763016676","2.95046882938247","1.01864614674803","0.047916704717986","0.0487496301575072","0.0417595255948598"
"ipw-w","0.839871562331263","2.0370147505484","2.99934681940486","1.02059080277377","0.0567921803840907","0.0530643981530449","0.0439395802606319"
"mle","0.980153334886674","1.97970202536831","2.95138047402586","1.03048186514723","0.0425386236170588","0.0417920336547992","0.0329071948092241"
"mle-w","0.980153334886674","1.97970202536831","2.95138047402586","1.03048186514723","0.0425386236170588","0.0417920336547992","0.0329071948092241"
