"Method","beta0.x","beta1.x","beta2.x","sigma.x","beta0.y","beta1.y","beta2.y"
"oracle","1.00280505226939","2.07360169772868","3.02156630929912","0.988909142728461","0.0312228285260771","0.0360553015631387","0.0253094555924776"
"naive","-0.228737067480853","1.54007215241984","1.48730165461323","3.24148369316601","0.092198166252124","0.111366813772652","0.0841074432899292"
"cc","1.038131023674","2.07695073165725","3.04041401344933","0.983729820488472","0.0439300942509735","0.052535641525562","0.0355160583917563"
"ipw","1.04977674535263","2.07492375557931","3.02584196061573","0.983952361783929","0.044980917485346","0.0544500097766347","0.036458257497769"
"ipw-w","1.04151642679355","2.08180426482564","3.02190587481382","0.98410865012721","0.0525076571198386","0.0608124657630081","0.0393651218736459"
"mle","1.02015675404796","2.10862754611658","3.04472515503466","0.985406185371297","0.0394193889010022","0.046620675834899","0.0318536688043879"
"mle-w","1.02015675404796","2.10862754611658","3.04472515503466","0.985406185371297","0.0394193889010022","0.046620675834899","0.0318536688043879"
