"Method","beta0.x","beta1.x","beta2.x","sigma.x","beta0.y","beta1.y","beta2.y"
"oracle","1.00907543661402","2.02090362592226","3.00693409288542","0.972301607048227","0.0307302951638966","0.0296317296109128","0.0238520603480403"
"naive","-0.452163234844593","1.45337804372692","1.56108478243628","3.24756380742341","0.0974863028551489","0.107874989305658","0.0757816212073227"
"cc","1.01317037932045","2.00297736302423","3.00556555569542","0.980099046339498","0.0465895314395546","0.0406406384808585","0.0350651665262958"
"ipw","1.0164447285723","1.99761955575645","3.01439311759443","0.98024301417869","0.049119294475529","0.0446733577796701","0.0407186783360085"
"ipw-w","0.993773333359297","1.9754000417645","3.00259698589568","0.980737197508754","0.0586659387646542","0.0543646879815179","0.0388141023609958"
"mle","0.973179847012911","2.02800348281923","3.01419165179915","0.982035833180471","0.0415536820870563","0.0373410392115223","0.0305434365627763"
"mle-w","0.973179847012911","2.02800348281923","3.01419165179915","0.982035833180471","0.0415536820870563","0.0373410392115223","0.0305434365627763"
