"Method","beta0.x","beta1.x","beta2.x","sigma.x","beta0.y","beta1.y","beta2.y"
"oracle","1.03196185083429","2.00389745927755","2.99949265779709","0.983417397812474","0.0310851994256279","0.0308667305860732","0.0231504142912147"
"naive","-0.40840065811951","1.37527626952479","1.62226527610315","3.25743226515706","0.0909054245314686","0.110380876281961","0.0776196397715185"
"cc","1.04781674887595","1.99563120722199","3.00412365773493","1.01603307731685","0.0467406657619655","0.0435224346076245","0.0307967480543464"
"ipw","1.06282658514765","1.99867438099164","3.00228866536101","1.01615037142214","0.0487810292791822","0.0477047550711403","0.0322033397794229"
"ipw-w","1.07977309842962","1.92695487250393","2.98963489212819","1.01849904104736","0.0576055547602749","0.0534174685746527","0.0397715480714115"
"mle","1.01546551950122","2.01773788841439","3.00395893996396","1.00576767848384","0.0413464149733491","0.0393837990169772","0.0277385533632423"
"mle-w","1.01546551950122","2.01773788841439","3.00395893996396","1.00576767848384","0.0413464149733491","0.0393837990169772","0.0277385533632423"
