"Method","beta0.x","beta1.x","beta2.x","sigma.x","beta0.y","beta1.y","beta2.y"
"oracle","0.962668371699413","1.99863566385904","3.03183422757901","0.9776312235645","0.0309704289575277","0.033354090782457","0.0239371138705573"
"naive","-0.375575663479313","1.23288809237573","1.66549632968912","3.0777730267819","0.0870653636846456","0.102280991896595","0.0776930780313796"
"cc","1.03480270660973","1.97402487295986","3.03494835891028","0.95398463492046","0.0427467565301759","0.0461266964091767","0.0319004927916321"
"ipw","1.02058225686298","1.98929244343107","3.04511017532808","0.954212740022655","0.0430936497568934","0.0480227527193187","0.0327972896465683"
"ipw-w","1.03848842174441","1.95933541977455","3.02973207145927","0.954093687106427","0.0534671370833047","0.0619734028605691","0.0401256780663492"
"mle","1.02266842596024","1.97666497243369","3.02427264154232","0.958098793025277","0.0388596409013226","0.0413086274880973","0.0291138884773556"
"mle-w","1.02266842596024","1.97666497243369","3.02427264154232","0.958098793025277","0.0388596409013226","0.0413086274880973","0.0291138884773556"
