"Method","beta0.x","beta1.x","beta2.x","sigma.x","beta0.y","beta1.y","beta2.y"
"oracle","1.03229415092549","1.95153182597449","2.96733344649325","0.946729221501899","0.0302522496599399","0.0311707734456585","0.0236328144592435"
"naive","-0.201741853635419","1.24317012459652","1.51330069473823","3.09462909805364","0.088936801269791","0.101096932034483","0.0766832184539551"
"cc","1.01450739367467","1.89701567690293","2.90573023630581","0.903571515126864","0.0410988686175402","0.0418003142102741","0.0321305184613572"
"ipw","1.03914430662768","1.89399897047329","2.87427584548444","0.904715115202743","0.0425627861935378","0.0443905051016633","0.0371297856942422"
"ipw-w","1.031854223415","1.8928940927402","2.89074181955746","0.903882855418242","0.0500488704487896","0.0499431489056938","0.0344911363911429"
"mle","1.01996762241975","1.9345273418282","2.92634717657484","0.911479937148608","0.037555688059847","0.0384723618014364","0.0287178323457978"
"mle-w","1.01996762241975","1.9345273418282","2.92634717657484","0.911479937148608","0.037555688059847","0.0384723618014364","0.0287178323457978"
