"Method","beta0.x","beta1.x","beta2.x","sigma.x","beta0.y","beta1.y","beta2.y"
"oracle","1.0162057330541","2.07080100432265","3.01389996723773","1.03311834828716","0.0327501205976085","0.0375470123184664","0.0251104059526371"
"naive","-0.320394096386196","1.22737808787504","1.62619133638094","3.17272274495711","0.0938888885138956","0.119715728584892","0.0816487463722347"
"cc","1.05543085236652","2.07007804392009","2.97135911234222","1.05495054226643","0.0499382666344263","0.0577204567172815","0.0399406836402601"
"ipw","1.05140628816315","2.05950608239531","2.96189615074262","1.05505357787008","0.0512178712382086","0.0609868508444916","0.0413402369435806"
"ipw-w","0.99260774695136","2.07382992439829","3.00491590676354","1.0570829302655","0.0616893656619732","0.0630731009258543","0.0465321631626102"
"mle","1.01072969955512","2.06381553305796","2.99810129764223","1.03777419098167","0.042773715346867","0.0486982120884465","0.0325662380272745"
"mle-w","1.01072969955512","2.06381553305796","2.99810129764223","1.03777419098167","0.042773715346867","0.0486982120884465","0.0325662380272745"
