"Method","beta0.x","beta1.x","beta2.x","sigma.x","beta0.y","beta1.y","beta2.y"
"oracle","1.04557843129929","1.92420380819467","2.97206904618705","0.995948365362755","0.0315787487747442","0.0345413711531508","0.0248052278637913"
"naive","-0.340837275061741","1.39325286423562","1.63114019708298","3.05358160848372","0.0892691120640844","0.106398810814406","0.0767717525903565"
"cc","1.01602277199662","1.95561454458274","3.01947493570051","0.985071914914254","0.044995704161527","0.0465785793634901","0.0364377777203647"
"ipw","1.01314326204052","1.9268945882874","3.0127895064403","0.985449458043181","0.0482007711872695","0.0495617951640718","0.0410150181689334"
"ipw-w","1.02738826669737","1.9811975109704","3.05522173393394","0.98633037064422","0.0555266561671182","0.0620359683188232","0.0490692095293431"
"mle","1.01813184320062","1.94329784541278","3.00105488183946","0.977134567247415","0.0397666535672001","0.0420564616258289","0.0311201763343849"
"mle-w","1.01813184320062","1.94329784541278","3.00105488183946","0.977134567247415","0.0397666535672001","0.0420564616258289","0.0311201763343849"
