"Method","beta0.x","beta1.x","beta2.x","sigma.x","beta0.y","beta1.y","beta2.y"
"oracle","1.03747444472786","1.96324040213731","2.97628415071001","1.0059500624432","0.0318186379066158","0.034265726960716","0.0243757357907546"
"naive","-0.251866487654461","1.48304115856159","1.71585104388796","3.05137874004958","0.0845106450361258","0.0945250272206402","0.0782015897650379"
"cc","1.01352397699052","1.94817165548152","2.98376747079272","0.986891477097193","0.0438010766208569","0.0467013432838898","0.0335624460347924"
"ipw","1.04126682296169","1.93777210976936","2.97669126699328","0.987294930612963","0.0451555091959959","0.0493883953982816","0.0360438872464042"
"ipw-w","1.04724612033215","1.98706861857595","2.95892890275849","0.989074606939798","0.0553738540785487","0.0630052840534861","0.0401384431849272"
"mle","1.00175089821411","1.98806724453636","2.98939728420883","0.98673862483049","0.0396863698332333","0.0416576486546865","0.0299920782580817"
"mle-w","1.00175089821411","1.98806724453636","2.98939728420883","0.98673862483049","0.0396863698332333","0.0416576486546865","0.0299920782580817"
