"Method","beta0.x","beta1.x","beta2.x","sigma.x","beta0.y","beta1.y","beta2.y"
"oracle","0.95589610736955","1.97682025464963","2.98892006593233","1.03712940375283","0.0327946323918397","0.0323430634748879","0.0257442010906244"
"naive","-0.370024822389733","1.17674084260364","1.54552963756484","3.14092691317771","0.0936936149321304","0.105214627947812","0.0736262661741196"
"cc","0.927299250684515","1.99371397589417","3.00162226292376","1.01228723472923","0.0458025139920188","0.0448237960440002","0.0384659535008435"
"ipw","0.902716506709666","1.99468651762184","3.0272587726543","1.0130114662627","0.0464339175333631","0.046338411153384","0.0368261933135355"
"ipw-w","0.937489683659957","1.92895919454887","2.99116549785344","1.01430905969213","0.0601293118919622","0.0556599902373953","0.0476578641259227"
"mle","0.942785457971441","2.00286161198279","3.00154139925862","1.0258065542389","0.0414925014137236","0.0416941158573169","0.0333366919442337"
"mle-w","0.942785457971441","2.00286161198279","3.00154139925862","1.0258065542389","0.0414925014137236","0.0416941158573169","0.0333366919442337"
