"Method","beta0.x","beta1.x","beta2.x","sigma.x","beta0.y","beta1.y","beta2.y"
"oracle","1.02115881087782","2.02556264701145","3.02653665707275","0.985895680184787","0.0312145792952286","0.0328810199607159","0.0242514086924048"
"naive","-0.288405770673442","1.31698794698462","1.62860991302796","3.06580890918306","0.0877689498315388","0.112074895131199","0.0777088811369648"
"cc","1.05402304076004","2.02226662150039","3.00893520973104","1.00963176252476","0.0465981343222222","0.0478907127339003","0.0359244076914974"
"ipw","1.04603231729862","2.01647003507478","3.01161785871648","1.00968887259936","0.0491132081861014","0.0513258438181599","0.0382762319840727"
"ipw-w","1.07510137044636","1.96280787441417","2.92933488306242","1.01454901094332","0.0524583884888254","0.0581149214948292","0.0414525925600923"
"mle","1.04665778989408","2.0023579307732","2.99759202790698","0.994891083688287","0.0408691443365484","0.0431033921993646","0.0312849392641724"
"mle-w","1.04665778989408","2.0023579307732","2.99759202790698","0.994891083688287","0.0408691443365484","0.0431033921993646","0.0312849392641724"
