"Method","beta0.x","beta1.x","beta2.x","sigma.x","beta0.y","beta1.y","beta2.y"
"oracle","0.968282449923712","1.98180907989362","2.92760264153925","1.0081509972812","0.0318888421567271","0.0320965352118675","0.0240288868999923"
"naive","-0.392130319470174","1.49179824618372","1.60898466715637","3.15004856705781","0.0895350239806423","0.104017200614683","0.0706605066418464"
"cc","1.0227409707964","1.92999497642777","2.92871952949782","0.971962756895207","0.0458459519562103","0.0459939172869398","0.0367175395840409"
"ipw","1.03892256350224","1.95514642837638","2.94081509674575","0.97252553091839","0.0498721836810652","0.0510167028112831","0.0386855833890875"
"ipw-w","1.07412018936942","1.97102134035247","2.92490270308382","0.974474116626782","0.0586070927413478","0.0583638761321605","0.0489816392945187"
"mle","1.03344497751703","1.93526407161281","2.94063222500822","0.966918679466201","0.040311483078081","0.0407498830068995","0.0311275713430451"
"mle-w","1.03344497751703","1.93526407161281","2.94063222500822","0.966918679466201","0.040311483078081","0.0407498830068995","0.0311275713430451"
