"Method","beta0.x","beta1.x","beta2.x","sigma.x","beta0.y","beta1.y","beta2.y"
"oracle","1.02695861363295","1.98270061867912","3.01907615998108","1.0069592412287","0.0318887495298365","0.0333839635785909","0.0230822787006637"
"naive","-0.538633109550426","1.51608382490974","1.61907420225739","3.26811221661932","0.0945389960746059","0.109986074914799","0.0789590180345259"
"cc","0.969372646477933","1.95921769531022","3.03505948902984","0.985718897526415","0.0473429688224645","0.0513149256321832","0.0321565499082278"
"ipw","0.963971154519596","1.95430288040976","3.05844353205396","0.986301852306682","0.050586305035155","0.0548154865230532","0.040311875830862"
"ipw-w","0.983975248306398","2.0503888192668","3.07678894013698","0.990259439336005","0.0587552933084114","0.0697272289503736","0.0408294272763822"
"mle","0.974381333148331","1.99583691108082","3.04703821258388","0.989525758342339","0.0415034636097847","0.0445824880019076","0.0284344038662457"
"mle-w","0.974381333148331","1.99583691108082","3.04703821258388","0.989525758342339","0.0415034636097847","0.0445824880019076","0.0284344038662457"
