"Method","beta0.x","beta1.x","beta2.x","sigma.x","beta0.y","beta1.y","beta2.y"
"oracle","0.995050250576321","1.99021285998097","3.00288716089111","1.00081277678362","0.0316387040208452","0.0336724183800743","0.0239896426373116"
"naive","-0.380125995173655","1.33043111195853","1.56371148648449","3.16562683736012","0.0876831166570016","0.10324514238079","0.0742560035276305"
"cc","1.03424568045482","2.00626830231812","2.99178805984459","0.961118404421509","0.0431852938911828","0.0464134196554755","0.0319198843407275"
"ipw","1.01600200725251","2.01952855458677","2.99164499222312","0.961388710640347","0.044582970192571","0.0455449141551624","0.0320855525301476"
"ipw-w","1.00480434387813","1.99804421748508","3.00135646251239","0.961663788298223","0.0506719100203522","0.0529688416144682","0.0370892515132083"
"mle","1.00531062533878","1.97987156655602","3.0037136378615","0.966467377914956","0.0392634387742739","0.0424291906126722","0.0287658238709579"
"mle-w","1.00531062533878","1.97987156655602","3.0037136378615","0.966467377914956","0.0392634387742739","0.0424291906126722","0.0287658238709579"
