"Method","beta0.x","beta1.x","beta2.x","sigma.x","beta0.y","beta1.y","beta2.y"
"oracle","1.04984506657062","2.00193947977481","2.9972446949895","1.02476612417128","0.0323194877219663","0.0349489846613921","0.0242774156462627"
"naive","-0.40044784769122","1.31015115139411","1.61419889570569","3.21238419206187","0.091128261528354","0.114443219353892","0.0824930178915206"
"cc","1.0645819594284","1.92521672044524","2.96293309447762","1.02081968655612","0.0473191880194516","0.0516090889499609","0.0332297461640405"
"ipw","1.08158558534586","1.95119745402822","2.93875334646334","1.02201032171176","0.0493391734527215","0.0587794515723016","0.0391584135333785"
"ipw-w","1.03864600761227","1.87887841592805","2.9522706395537","1.02210342753814","0.0574679079747816","0.0580940992078109","0.0376800688049079"
"mle","1.05671738427889","1.95670543407018","2.97301317394691","1.01940167861198","0.0422096340376939","0.0454133310436258","0.0294921250222777"
"mle-w","1.05671738427889","1.95670543407018","2.97301317394691","1.01940167861198","0.0422096340376939","0.0454133310436258","0.0294921250222777"
