"Method","beta0.x","beta1.x","beta2.x","sigma.x","beta0.y","beta1.y","beta2.y"
"oracle","1.03597893999576","2.03073902868016","2.98557710979786","1.02448610431773","0.0323841563169866","0.0362476770184919","0.0252029954464191"
"naive","-0.258255752542749","1.21279515687809","1.45041147759871","3.22738676282506","0.093454482801973","0.114473309761641","0.0774171371226251"
"cc","1.05203202423495","2.00717872871814","3.00187470020105","1.041673236547","0.0469043847969436","0.050933213500176","0.0387407308071818"
"ipw","1.06517071448942","1.97831123805201","2.99158566089053","1.04206333412699","0.0492152235824273","0.0531692754528975","0.0411433520055792"
"ipw-w","1.03525190502538","2.07414255101143","3.03151543212865","1.04356023764858","0.0630752983831804","0.0720822416947856","0.0599695162828922"
"mle","1.02165579705614","2.05372769482252","3.01978906189783","1.04411204537503","0.0420546109376232","0.0429178621919736","0.0234487273538154"
"mle-w","1.02165579705614","2.05372769482252","3.01978906189783","1.04411204537503","0.0420546109376232","0.0429178621919736","0.0234487273538154"
