"Method","beta0.x","beta1.x","beta2.x","sigma.x","beta0.y","beta1.y","beta2.y"
"oracle","0.995742033760493","2.00237570085396","3.01906260949711","0.997695100624291","0.0316286051708684","0.0335430958283705","0.0248046731473287"
"naive","-0.363762001056078","1.39011358997596","1.71106617213107","2.96380689122047","0.0841847124451832","0.101076634956854","0.0722853213877346"
"cc","1.03851075587799","2.01383705980478","3.03650342061623","0.972695823711528","0.0430646845613588","0.0473590885882071","0.0320764298509637"
"ipw","1.05138422129149","2.01169221527353","3.00785783997261","0.973485179077718","0.0467679101818666","0.0516991618160354","0.0351358215650499"
"ipw-w","1.0598983438078","2.0351909485009","3.07666688447156","0.974564635149188","0.055599351666929","0.0572588664018252","0.0416911456367195"
"mle","1.05881967764337","2.0044773170113","3.00537806843131","0.963930700159454","0.0391927374724726","0.042671907401068","0.0295565796163857"
"mle-w","1.05881967764337","2.0044773170113","3.00537806843131","0.963930700159454","0.0391927374724726","0.042671907401068","0.0295565796163857"
