"Method","beta0.x","beta1.x","beta2.x","sigma.x","beta0.y","beta1.y","beta2.y"
"oracle","0.954936716633099","1.98293664194009","3.03236277684754","0.997417014510925","0.0315179721737048","0.033752428940067","0.0222164904203033"
"naive","-0.367030313122819","1.11008010891342","1.59564977365996","3.21462365919079","0.0884866334548399","0.101092616602615","0.0755771270223961"
"cc","0.956753648361023","1.97676745940266","3.0175159932634","0.986955815150377","0.0445290595359646","0.0442193574606809","0.0294059033692296"
"ipw","0.954672898920273","1.97183887050547","3.01055322445667","0.98700900503831","0.0448984461580525","0.0439014650981669","0.0294896732854714"
"ipw-w","0.907500507892423","1.93447542198419","3.01047262311562","0.989222323072525","0.0528114403388773","0.0491088572467647","0.0301021276471221"
"mle","0.982480163552807","1.95106484855685","3.00919369397792","0.991914083866282","0.0403743946897068","0.0414306017209123","0.0274293206979199"
"mle-w","0.982480163552807","1.95106484855685","3.00919369397792","0.991914083866282","0.0403743946897068","0.0414306017209123","0.0274293206979199"
