"Method","beta0.x","beta1.x","beta2.x","sigma.x","beta0.y","beta1.y","beta2.y"
"oracle","0.951795855067951","2.03158724656705","2.99748732003579","1.0201126081877","0.0322090551742058","0.0337596063546332","0.0258613869947022"
"naive","-0.471052662860428","1.33776417478274","1.60418387778904","3.18867419732671","0.0916857628392175","0.104038047852512","0.077695468795768"
"cc","0.971113034069536","1.91631128658085","2.9475922808092","0.983421240808924","0.0461868868654676","0.0500855020460555","0.0390664697393883"
"ipw","0.969109044922982","1.92007311424579","2.93269984931162","0.983683149098739","0.0491473774630776","0.0563881313174356","0.0419954321358285"
"ipw-w","0.991346653951196","1.9052530914602","2.96792715019458","0.984365815769291","0.0539211031150299","0.0579249361629159","0.0468678974278712"
"mle","0.979265466921593","1.9627728913519","2.96664340569492","1.00186726227894","0.0239801734138272","0.0433954863298033","0.0318914137974747"
"mle-w","0.979265466921593","1.9627728913519","2.96664340569492","1.00186726227894","0.0239801734138272","0.0433954863298033","0.0318914137974747"
