"Method","beta0.x","beta1.x","beta2.x","sigma.x","beta0.y","beta1.y","beta2.y"
"oracle","0.95920774040952","2.02787090722877","3.0080248124001","0.986536365174939","0.0311968008540556","0.0341408752690775","0.0227799259132233"
"naive","-0.565663232334209","1.22522137929564","1.74812674382514","3.18309575307026","0.0907296943750668","0.11135566202349","0.0717142810707897"
"cc","0.966188911488029","1.97132611881873","3.00491659621044","0.995306493305952","0.0457952629387481","0.0503015890245984","0.0335561575378239"
"ipw","0.969562914128909","1.97612385288417","3.00552157012456","0.995322164859795","0.0476399119549264","0.0509768603649689","0.0365936574483065"
"ipw-w","0.95563272878315","1.97242466407363","2.99778001886625","0.995450178862342","0.0522973320140299","0.0575171054085496","0.0359142358694953"
"mle","0.974220756806835","2.00673730899882","3.00324890057557","0.989960003177386","0.040667292843557","0.0443308194012651","0.0295046184351899"
"mle-w","0.974220756806835","2.00673730899882","3.00324890057557","0.989960003177386","0.040667292843557","0.0443308194012651","0.0295046184351899"
