"Method","beta0.x","beta1.x","beta2.x","sigma.x","beta0.y","beta1.y","beta2.y"
"oracle","0.961351287038677","2.02703404849626","3.03950138402764","1.02376198334345","0.0324173260834833","0.0336258140336532","0.0240889304384991"
"naive","-0.468140410812689","1.28226887245134","1.63424649542349","3.06410866083704","0.0917162718262955","0.103408800907299","0.0735590179599006"
"cc","0.939178106057279","2.07317783080738","3.04891553185095","1.00998483353542","0.047746946685927","0.0457709911458918","0.0345959674602408"
"ipw","0.934937582822878","2.08206373251748","3.04338359605456","1.01010489588937","0.048058157640361","0.0506562423977983","0.0359454482101987"
"ipw-w","0.867930470778333","2.05799028442665","3.03574513557459","1.01285308034404","0.0559828450676892","0.0558775843171282","0.0431899271652347"
"mle","0.950741260431435","2.04922701788815","3.04139877297193","1.01881178026396","0.0421624189096077","0.0418144231899342","0.0298990019618923"
"mle-w","0.950741260431435","2.04922701788815","3.04139877297193","1.01881178026396","0.0421624189096077","0.0418144231899342","0.0298990019618923"
