"Method","beta0.x","beta1.x","beta2.x","sigma.x","beta0.y","beta1.y","beta2.y"
"oracle","0.996251075458037","1.95823174778455","3.03097544832418","0.990036447478984","0.0312830403622608","0.0342545684602749","0.0238037228652482"
"naive","-0.5130313231758","1.36924729093432","1.57081212317071","3.25483166963684","0.094683218723889","0.116370089256359","0.0736673179040115"
"cc","1.02594489137862","1.9458579943174","3.03186463212776","1.00507288203809","0.0464486184645451","0.0501067047043392","0.0345354366979742"
"ipw","1.0501258963366","1.92534672237369","3.00508893274911","1.00579723276112","0.0483119689695581","0.0549762377853654","0.0380559948980451"
"ipw-w","1.03084430388226","1.95708923353649","2.99087715010925","1.00709184176126","0.0545711879592961","0.0657182343669825","0.0409506613588639"
"mle","0.980334729019785","1.98686593650493","3.03212156834437","1.01053424938772","0.052150863353843","0.0401624441732314","0.0371632767345286"
"mle-w","0.980334729019785","1.98686593650493","3.03212156834437","1.01053424938772","0.052150863353843","0.0401624441732314","0.0371632767345286"
