"Method","beta0.x","beta1.x","beta2.x","sigma.x","beta0.y","beta1.y","beta2.y"
"oracle","0.97363630015894","1.99974228664887","3.03147118786141","1.01606526753652","0.0322962621362442","0.0357722888979831","0.0231845646068316"
"naive","-0.328728828962552","1.33156425812681","1.70273931602863","3.22084623895015","0.0939640203858958","0.122397639619266","0.0752807972780983"
"cc","0.961040045248569","2.0533032974311","3.04222938879443","1.00650837116766","0.0481660747115721","0.0517963392592137","0.0327552644041737"
"ipw","0.957121773264527","2.0473840174678","3.03382361977595","1.00659356557609","0.0479370411424336","0.0546521081314804","0.0342807998052175"
"ipw-w","0.951424301712553","2.0582443333303","3.05106947544224","1.00658688302978","0.0587716006945238","0.0613903431108142","0.0418608729475776"
"mle","0.946811971519115","2.05327174382109","3.04755852542283","1.00788460626342","0.0422907675924536","0.0453349523981915","0.0288662314541759"
"mle-w","0.946811971519115","2.05327174382109","3.04755852542283","1.00788460626342","0.0422907675924536","0.0453349523981915","0.0288662314541759"
