"Method","beta0.x","beta1.x","beta2.x","sigma.x","beta0.y","beta1.y","beta2.y"
"oracle","0.976509158265673","1.94971354464633","3.01448152294756","0.970973631126374","0.0306960409129869","0.0316596866729231","0.0227730686855452"
"naive","-0.475489139933135","1.34153372905317","1.65917095591912","3.25384867758783","0.0953867998250717","0.117598991211608","0.091632238349816"
"cc","1.01004708189562","1.92745633057359","3.00882536960867","0.962846135448762","0.043805252074363","0.0453192393997163","0.0318662117505355"
"ipw","1.00961888736218","1.94624532348089","3.01884228728418","0.963028430815334","0.0456451275829691","0.0468334743432178","0.0335086793715471"
"ipw-w","1.0169334168723","2.01459482193689","3.03833584985982","0.966217790021927","0.0533032514226894","0.0520165883034168","0.0374611066624363"
"mle","0.985949960731923","1.95907443931345","3.02265447236786","0.976139292541363","0.0231028946778241","0.0342686307003063","0.0313551811659611"
"mle-w","0.985949960731923","1.95907443931345","3.02265447236786","0.976139292541363","0.0231028946778241","0.0342686307003063","0.0313551811659611"
