"Method","beta0.x","beta1.x","beta2.x","sigma.x","beta0.y","beta1.y","beta2.y"
"oracle","0.989128515192781","2.00599302581252","2.97342229731199","1.02630022986018","0.0324180029692232","0.0334889565440338","0.0244752063038522"
"naive","-0.47226083015658","1.26773657771051","1.5515004972913","3.15331181178972","0.0911358261765914","0.101152922893671","0.0779823734909773"
"cc","1.03088676647706","2.01167521042711","2.97239292039462","1.0271325279575","0.0462028008198645","0.0463453885320917","0.0337202374030861"
"ipw","1.02579363461328","2.00413221325028","2.98827728845804","1.02748724751801","0.0470096452183662","0.0468168273663189","0.0340120279366686"
"ipw-w","1.02372795654257","2.04961395366871","2.97098770118424","1.02798997284195","0.053912127945983","0.0535771481779127","0.038306256535463"
"mle","1.01125935484603","1.9971484704988","2.95724737466503","1.02109841556747","0.0416217130632268","0.0456042209811871","0.0334895695675077"
"mle-w","1.01125935484603","1.9971484704988","2.95724737466503","1.02109841556747","0.0416217130632268","0.0456042209811871","0.0334895695675077"
