"Method","beta0.x","beta1.x","beta2.x","sigma.x","beta0.y","beta1.y","beta2.y"
"oracle","0.989106568921863","2.00252915185039","2.9791434087175","1.00307588620097","0.0317220046515126","0.0342485686163117","0.02375879257722"
"naive","-0.458210978403118","1.45245242023258","1.58212952772046","3.30323150353873","0.0925411542567761","0.113016598607388","0.0793519191045286"
"cc","1.01471925718129","1.98919847264268","2.94653477563237","0.972642368420592","0.0449141955143459","0.0474351979473937","0.0355179155981637"
"ipw","1.02922721053099","1.97923907815344","2.9411474236863","0.972776520811186","0.0467862629310145","0.0493617061992805","0.0345890582699359"
"ipw-w","1.02264431557498","1.98642406737809","2.97454367967865","0.973603909978043","0.0522979408464895","0.0571534408173019","0.0400981189357197"
"mle","1.00651784431278","1.97920125159221","2.96572145158512","0.980475428553595","0.0403080202509891","0.0423657988008207","0.0304158645294936"
"mle-w","1.00651784431278","1.97920125159221","2.96572145158512","0.980475428553595","0.0403080202509891","0.0423657988008207","0.0304158645294936"
