"Method","beta0.x","beta1.x","beta2.x","sigma.x","beta0.y","beta1.y","beta2.y"
"oracle","0.991898235921694","1.98881617782032","2.92245931646485","1.00326439155797","0.031783947210061","0.0339744508702488","0.0251467630272072"
"naive","-0.355548448098837","1.41440701915622","1.53694288095746","3.06326311602392","0.086392528453458","0.102757142797453","0.0793286134982236"
"cc","0.954773474025925","1.98549940154525","2.96208158798911","1.01604880056012","0.0455355421106855","0.0465016631197787","0.0360622593457457"
"ipw","0.949635763801939","1.96868987735618","2.95698102038877","1.01619363295025","0.0491493280667613","0.0496316771596114","0.0409316199046309"
"ipw-w","0.920498922756085","2.03193982382186","2.91249178976347","1.02131165104355","0.0565829011223466","0.0610755191104375","0.04832315667957"
"mle","0.966108098106956","1.98272788954532","2.94470112330719","1.00469651961676","0.0405472776532172","0.0417170684661299","0.0320729014878934"
"mle-w","0.966108098106956","1.98272788954532","2.94470112330719","1.00469651961676","0.0405472776532172","0.0417170684661299","0.0320729014878934"
