"Method","beta0.x","beta1.x","beta2.x","sigma.x","beta0.y","beta1.y","beta2.y"
"oracle","0.995160107709949","2.00075710653065","3.00229209574088","1.00339205577384","0.0316907334321514","0.0340882576171258","0.0247124384754254"
"naive","-0.393779903432174","1.30664369436886","1.68095110436201","3.09859090193432","0.0856494745431554","0.105721715884903","0.0715438305747285"
"cc","0.967760607705195","2.01382572294688","3.03272660704601","0.993119219879806","0.0453793202669875","0.0487897927883569","0.0331284013974644"
"ipw","0.968800270847623","2.02920058086537","3.02821357122811","0.993271162330596","0.046762206407948","0.0513452966628289","0.0350633034777142"
"ipw-w","0.991001178724255","2.00912781310287","3.03916985402656","0.993497738724775","0.0530778312752828","0.0642150640848371","0.0450646697540315"
"mle","0.994195340190022","1.97933401117948","3.03168411868062","1.01013535647106","0.0410284688581768","0.0443550277678807","0.0297287101915637"
"mle-w","0.994195340190022","1.97933401117948","3.03168411868062","1.01013535647106","0.0410284688581768","0.0443550277678807","0.0297287101915637"
