"Method","beta0.x","beta1.x","beta2.x","sigma.x","beta0.y","beta1.y","beta2.y"
"oracle","1.01527717477582","1.97149365492647","2.9378237546422","1.00028296481495","0.031632350570464","0.0343030227252678","0.0251851680735623"
"naive","-0.31776306619506","1.20414255415082","1.44873760039051","3.08929719350483","0.0921103753853586","0.109332571805169","0.0773140818591474"
"cc","0.98674555988456","1.91134594148846","2.93547771104387","1.02103566749621","0.0475333470981832","0.0494872675212979","0.0404592097456417"
"ipw","1.01062641460774","1.86118408844437","2.88500743035697","1.02328096853624","0.0514437892948488","0.0583353372374639","0.0551676179248809"
"ipw-w","0.983765564583266","1.9778425298733","2.97901055222885","1.02334505639386","0.0575883643931417","0.0651061975654486","0.0541652226181305"
"mle","1.01477666951598","1.9616446684314","2.91404589182157","1.01078813650684","0.0416339502952382","0.0444372112432505","0.0338748572871557"
"mle-w","1.01477666951598","1.9616446684314","2.91404589182157","1.01078813650684","0.0416339502952382","0.0444372112432505","0.0338748572871557"
