"Method","beta0.x","beta1.x","beta2.x","sigma.x","beta0.y","beta1.y","beta2.y"
"oracle","0.987499310934048","1.94693442232396","2.95693692896792","0.979946501129189","0.0309767667519007","0.0328081183413574","0.0238919971464189"
"naive","-0.492803627752054","1.31497305885889","1.64837669380349","3.15413113366828","0.0893703154614875","0.109064673629747","0.0775567019082677"
"cc","0.952778397679923","1.91052330729582","2.97677925291264","0.960368094700401","0.04309133407016","0.0452855883875508","0.0322779055244921"
"ipw","0.963767147518451","1.90252599188909","2.97622979211611","0.960458652730803","0.0453546134857086","0.044474284928801","0.0334114376958727"
"ipw-w","0.980891695631938","1.92424245464277","2.99162933386301","0.961133525269569","0.0500731456900878","0.0578950466082741","0.0387641413829726"
"mle","0.948346053481981","1.89802814356252","2.96313790946529","0.964002805024242","0.0392348968141929","0.0410128416030963","0.0293733446433078"
"mle-w","0.948346053481981","1.89802814356252","2.96313790946529","0.964002805024242","0.0392348968141929","0.0410128416030963","0.0293733446433078"
