"Method","beta0.x","beta1.x","beta2.x","sigma.x","beta0.y","beta1.y","beta2.y"
"oracle","0.962860653302568","1.99907737222974","2.94670048556821","0.990410065714077","0.0313849459696078","0.0344858529813216","0.0233272744987953"
"naive","-0.373998870292645","1.62687840294465","1.57466565696042","3.16377366733716","0.0891527215842162","0.108363659498019","0.077491750439586"
"cc","0.97082817431874","1.99279163371932","2.97289566778017","1.00634524615675","0.0449786168969079","0.0490016684504711","0.0331191509164798"
"ipw","0.95173497972187","2.00316502698711","3.01426522856278","1.0078500506276","0.0461355786711953","0.0476763057074798","0.0357047175859557"
"ipw-w","0.938742488214884","1.98983558943448","2.95737453780058","1.00720377778296","0.0520139199248784","0.0534539040877465","0.0393741071516224"
"mle","0.963980753538811","2.00310593559066","2.95684896083598","1.0013033187028","0.0404927800907455","0.0448337193643383","0.0294790894862225"
"mle-w","0.963980753538811","2.00310593559066","2.95684896083598","1.0013033187028","0.0404927800907455","0.0448337193643383","0.0294790894862225"
