"Method","beta0.x","beta1.x","beta2.x","sigma.x","beta0.y","beta1.y","beta2.y"
"oracle","0.999649743605578","1.9662644191448","3.03293192409416","0.998281411432459","0.0315475962716202","0.0332715895378148","0.0240633621571652"
"naive","-0.172564299504528","1.09963029124729","1.42681957284476","3.18427320261529","0.0954363081844295","0.103401478207438","0.0779259364689693"
"cc","1.07756193086913","1.96451683396692","3.01671053012655","0.94846904869715","0.0436393553855801","0.0466197383270905","0.0338022982747183"
"ipw","1.05969582898268","1.98234615175402","3.0248113348399","0.948755194228381","0.0446533898420961","0.0464848238213176","0.035371921848992"
"ipw-w","1.09152962200791","1.93770555753641","3.00920874548431","0.948879372556088","0.0502231381081017","0.0493639756919064","0.0374443413552789"
"mle","1.04876925158855","1.9541602733609","3.02479705405896","0.959341165680603","0.0396522377489708","0.0419044222795599","0.0300178556987691"
"mle-w","1.04876925158855","1.9541602733609","3.02479705405896","0.959341165680603","0.0396522377489708","0.0419044222795599","0.0300178556987691"
