"Method","beta0.x","beta1.x","beta2.x","sigma.x","beta0.y","beta1.y","beta2.y"
"oracle","0.986393318843218","1.97632143877993","2.93185435172023","1.0317110232862","0.0327967503702222","0.0341466412735875","0.0240387116744132"
"naive","-0.303462455387188","1.29546011561436","1.59520976157613","3.10058632310871","0.0899303244729673","0.10653663864678","0.0772318660800876"
"cc","1.01656251452994","1.93809609929982","2.90863650035684","1.05110994719595","0.0486087416301007","0.0460102634830159","0.0375187056256356"
"ipw","0.994664474752055","1.94548242556273","2.92330192529654","1.05141715795058","0.053929105585581","0.0628024733552433","0.0416567022197701"
"ipw-w","0.981934969918885","1.9585891169024","2.94476398602539","1.05235664678074","0.0549711767786197","0.0514471346741996","0.0419446965091111"
"mle","1.00174543935247","1.93628821667385","2.93114434787963","1.05262211272772","0.0429530480282229","0.0415218778589523","0.0314264429165941"
"mle-w","1.00174543935247","1.93628821667385","2.93114434787963","1.05262211272772","0.0429530480282229","0.0415218778589523","0.0314264429165941"
