"Method","beta0.x","beta1.x","beta2.x","sigma.x","beta0.y","beta1.y","beta2.y"
"oracle","0.992210402605117","1.99790419845623","2.96004363241587","1.03111044514923","0.0326940387580606","0.0347568108936352","0.0239742754446307"
"naive","-0.304984218618333","1.42513182998581","1.62332757455573","3.15838631706418","0.0905119696618158","0.104755455495111","0.0775838801739601"
"cc","1.0101622868832","1.99720908848103","2.96166601022263","1.02152208663889","0.0456010665604157","0.0469509000221918","0.0316831491413831"
"ipw","1.01748873642311","1.99327515512088","2.95587612271486","1.02156652629105","0.0467657142784496","0.0521861955951366","0.0339495503551526"
"ipw-w","0.994814211396141","2.02025240580748","2.96696352012785","1.02184308874295","0.0508773800809329","0.0520256257556483","0.0347391560082972"
"mle","0.975114960132176","1.99194638099994","2.95974598295486","1.03078972615434","0.0414482500374635","0.0432374225996415","0.0288557418469528"
"mle-w","0.975114960132176","1.99194638099994","2.95974598295486","1.03078972615434","0.0414482500374635","0.0432374225996415","0.0288557418469528"
