"Method","beta0.x","beta1.x","beta2.x","sigma.x","beta0.y","beta1.y","beta2.y"
"oracle","0.986964894333104","2.06044515947879","3.01120181920187","1.0110198877859","0.0319214620504593","0.0356016639168057","0.024511783070522"
"naive","-0.376883053665321","1.27294928135951","1.62198105218907","3.2368374042085","0.0953008786672987","0.113937325426935","0.082026000672527"
"cc","0.987836434685571","2.10143636565166","3.02667840481915","1.00300025309177","0.0455178803232154","0.050515479958599","0.0341125231803615"
"ipw","1.02014095001252","2.08183037612895","3.00690076672141","1.00370229434096","0.0487287039414913","0.0594522047953896","0.0351554548746472"
"ipw-w","1.01610587464783","2.09021336966923","3.04415490022361","1.0040938585918","0.0555722566583007","0.058997660893273","0.0413815556892256"
"mle","0.946538833887257","2.10887635355316","3.04264628722044","1.00771981675372","0.0408015890439337","0.0458535525557729","0.0304191038328693"
"mle-w","0.946538833887257","2.10887635355316","3.04264628722044","1.00771981675372","0.0408015890439337","0.0458535525557729","0.0304191038328693"
