"Method","beta0.x","beta1.x","beta2.x","sigma.x","beta0.y","beta1.y","beta2.y"
"oracle","0.964267779477504","2.01015970300152","3.01838732482757","0.997443307521327","0.0315626559378968","0.0329703769666385","0.0247466405722346"
"naive","-0.348329492169601","1.2980690463531","1.67400317131408","3.09539896117786","0.0878658907264279","0.104555928797906","0.0788460792171612"
"cc","0.947498022459839","2.04397410149","3.02194768306234","0.983323554882493","0.0445385801306876","0.0461167115429345","0.0346911747627786"
"ipw","0.94695752779234","2.0453196710083","3.0156622486058","0.983366176143702","0.0462358592710318","0.049515812663104","0.0386600921300138"
"ipw-w","0.934637428767513","1.98776422714805","2.95761628361882","0.987108547306529","0.0540614148472319","0.060290461264094","0.0405553492913514"
"mle","0.89451724970474","2.04267841862061","3.05998401993786","0.989279111503267","0.0401746841731299","0.0421282449165271","0.0309793718947476"
"mle-w","0.89451724970474","2.04267841862061","3.05998401993786","0.989279111503267","0.0401746841731299","0.0421282449165271","0.0309793718947476"
