"Method","beta0.x","beta1.x","beta2.x","sigma.x","beta0.y","beta1.y","beta2.y"
"oracle","0.970599048940181","1.96732253476635","3.01862077738593","1.04948576886211","0.0332791833261875","0.0352865439465403","0.0260953725572195"
"naive","-0.356942610923422","1.22810135699509","1.63023866983784","3.08298675077471","0.0910912726340466","0.107314841596289","0.0731404213828002"
"cc","0.917397625044282","2.00091356582208","3.03632332389671","1.0589926460493","0.0494512728932709","0.0519352110762129","0.036880463688938"
"ipw","0.89494028017508","2.03274874593824","3.04500252282926","1.05957277739093","0.0546221885608991","0.0624300854101517","0.0433428991478351"
"ipw-w","0.902602814509324","2.03195976781983","3.02262560941147","1.06000919379353","0.0608318282084815","0.0592357759291212","0.0471960195511807"
"mle","0.926945762492202","1.98506157315637","3.0238271301753","1.05531391976931","0.0432103858929113","0.0457045325999405","0.0318272495371925"
"mle-w","0.926945762492202","1.98506157315637","3.0238271301753","1.05531391976931","0.0432103858929113","0.0457045325999405","0.0318272495371925"
