"Method","beta0.x","beta1.x","beta2.x","sigma.x","beta0.y","beta1.y","beta2.y"
"oracle","0.999227366139798","1.99992247454301","3.02117893078276","0.997782396620513","0.0315552391763359","0.0324276455856511","0.023979292516136"
"naive","-0.398965361153087","1.3117327932035","1.73047360062238","3.05411179328093","0.0891711583091519","0.106841323403097","0.0749108032950145"
"cc","0.970441607849747","2.00869646318469","3.04461739184923","1.01754611284813","0.0457881762161012","0.0491135175703888","0.0348620300268756"
"ipw","0.980263422551116","2.0305355265908","3.06665442439141","1.01814254636186","0.047413846184986","0.0488659003857149","0.0389200133598941"
"ipw-w","1.00770726886929","1.9815115573211","3.06481129048936","1.01958003605302","0.0559515228508949","0.0604645931302653","0.0394447660873058"
"mle","1.01988963542581","1.9859773488754","3.01793274079209","1.02782414105099","0.04172142293597","0.0442344914173565","0.0316296264265448"
"mle-w","1.01988963542581","1.9859773488754","3.01793274079209","1.02782414105099","0.04172142293597","0.0442344914173565","0.0316296264265448"
