"Method","beta0.x","beta1.x","beta2.x","sigma.x","beta0.y","beta1.y","beta2.y"
"oracle","0.981202876170905","1.9933934983532","2.99275851777423","1.02306222744005","0.032348232951745","0.0341860088846532","0.0247293778280484"
"naive","-0.398022178795201","1.07450065458914","1.58475206119984","3.24788013359306","0.0917090740151113","0.115033808932279","0.0858774839442941"
"cc","1.01407948229976","2.00443707637518","2.94809932354878","0.994125112219082","0.0461391988682304","0.0476848021125618","0.0335168100787393"
"ipw","1.00272432185893","2.00809849248738","2.9538879163588","0.994197887475224","0.0476513630742418","0.0493333318666928","0.0353452028609999"
"ipw-w","1.0056913050396","2.03358834105494","2.95951936215483","0.994496612771192","0.0540246321713794","0.0547196787751335","0.0371492731502517"
"mle","1.00969653883409","1.96844699399702","2.92820583020173","0.997076714002127","0.0409728473067813","0.0432162295307025","0.0297696110744737"
"mle-w","1.00969653883409","1.96844699399702","2.92820583020173","0.997076714002127","0.0409728473067813","0.0432162295307025","0.0297696110744737"
