"Method","beta0.x","beta1.x","beta2.x","sigma.x","beta0.y","beta1.y","beta2.y"
"oracle","1.01525263577454","2.04574208586978","2.99584254834717","1.0255051497006","0.0324168360785064","0.0344881439661975","0.0244841859635404"
"naive","-0.406408538531442","1.41661466436348","1.69510528076471","3.1764155530669","0.0912799866963197","0.109812461376661","0.0832114356100364"
"cc","1.02367752353987","2.08747536990813","3.04338559147947","1.02025449867582","0.0463958594616296","0.0489581820643815","0.0357961392970223"
"ipw","1.02343685847406","2.08323215438453","3.03639367153543","1.02029617516918","0.0494378504311674","0.0540684459443736","0.0385930728842511"
"ipw-w","1.02126215558718","2.10270046619892","3.04108981225222","1.02039261042547","0.0547878595532221","0.0603929955958011","0.04171406579404"
"mle","0.987908455269657","2.08658328337344","3.05373628501793","1.01281604925093","0.0412650164522698","0.0443634141212966","0.0314112276913653"
"mle-w","0.987908455269657","2.08658328337344","3.05373628501793","1.01281604925093","0.0412650164522698","0.0443634141212966","0.0314112276913653"
