"Method","beta0.x","beta1.x","beta2.x","sigma.x","beta0.y","beta1.y","beta2.y"
"oracle","1.00105208311658","1.97379076053519","2.99560587911089","0.988249555322826","0.0313025806558812","0.0323196508341336","0.0228621959746085"
"naive","-0.476480989251834","1.29691469675045","1.64303774058284","3.16611212153835","0.0895689616669453","0.10779837264063","0.0690608103376424"
"cc","0.985842820185575","1.9423821367844","2.97187155122499","1.0177405286211","0.0458588526599791","0.0434341329240125","0.0356072259929954"
"ipw","0.994189914201615","1.9468596129953","2.95388881162335","1.01810834881528","0.0473903533621516","0.0484641150061968","0.0422109132242659"
"ipw-w","0.948858841634719","1.92717406188362","2.93988298050077","1.01950464117496","0.0549554583599748","0.056057343754918","0.0417598461718915"
"mle","0.956651860274638","1.93904072262091","2.9927280612891","1.01123558465959","0.041098580886344","0.0404919863264118","0.0314979088466555"
"mle-w","0.956651860274638","1.93904072262091","2.9927280612891","1.01123558465959","0.041098580886344","0.0404919863264118","0.0314979088466555"
