"Method","beta0.x","beta1.x","beta2.x","sigma.x","beta0.y","beta1.y","beta2.y"
"oracle","0.956236222762104","2.01521163440338","3.00765364410411","1.0201152308549","0.0323172541551982","0.0340282737622702","0.0222701546709929"
"naive","-0.509431624558684","1.46551297314417","1.73946332475403","3.24712232114374","0.0906457685540796","0.11625420809375","0.0775811506848117"
"cc","0.993592973084323","1.99233108762882","3.02805424105312","1.01803078411181","0.0473259792325798","0.0472500399726555","0.0301473315552657"
"ipw","1.00296276624258","2.00784134078781","3.01045982108277","1.01858333454933","0.0474622397804499","0.0490435379660097","0.0311746854863926"
"ipw-w","0.991872500872003","1.94406177682849","3.01449216746086","1.01902144414158","0.0592722328530132","0.0563188109397782","0.036886300820603"
"mle","0.990285694961306","1.99720804900277","3.03143548673111","1.02438312841349","0.0423588803508295","0.0440374371491236","0.0311843997894089"
"mle-w","0.990285694961306","1.99720804900277","3.03143548673111","1.02438312841349","0.0423588803508295","0.0440374371491236","0.0311843997894089"
