"Method","beta0.x","beta1.x","beta2.x","sigma.x","beta0.y","beta1.y","beta2.y"
"oracle","0.998273221680793","1.92482304064424","2.99045335047715","1.02893678883306","0.032503857833165","0.0344021632645494","0.0256708411460136"
"naive","-0.3737276979942","1.20458671326282","1.58626200232331","3.13970364620997","0.0928010086186729","0.102717045698151","0.0755723029782445"
"cc","0.970229093765842","1.93676010053024","3.02959362936411","1.03618926542079","0.0486015337423132","0.0462129560697815","0.0383141724566627"
"ipw","0.969362258763221","1.936273128762","3.0395877636308","1.03628553874999","0.0497469821380541","0.0504188903646446","0.0376715169114844"
"ipw-w","0.945310611054474","1.90732052659568","2.98744860377094","1.03841347653511","0.0591987373862476","0.0589680979341337","0.0456557986256813"
"mle","0.981735318189637","1.91049456485758","3.00819206645492","1.01366900756717","0.0421596741321015","0.0417663327491125","0.0333119980621275"
"mle-w","0.981735318189637","1.91049456485758","3.00819206645492","1.01366900756717","0.0421596741321015","0.0417663327491125","0.0333119980621275"
