"Method","beta0.x","beta1.x","beta2.x","sigma.x","beta0.y","beta1.y","beta2.y"
"oracle","0.984592114053469","2.03165581750693","3.00168198800655","0.958722634595709","0.0304309923003195","0.0328293365246874","0.0223635746478513"
"naive","-0.338388158396657","1.40758938663658","1.62585064045972","3.22794016831617","0.0928186112420913","0.107506973430617","0.0792101847431911"
"cc","0.920670975302454","2.01833276650803","3.04417992214422","0.963650427870302","0.0441156773627395","0.0458598571758889","0.0319638406057358"
"ipw","0.913529343934327","2.01972280367323","3.04072540365093","0.963701071740175","0.0441303151916523","0.0468127640709241","0.0329974406278825"
"ipw-w","0.934113117692892","1.98554799909894","3.05428107759803","0.964595618787963","0.0522552757750942","0.0553408522588597","0.0387746705422645"
"mle","0.935819066293896","2.01150009291886","3.04097499433674","0.956116064922176","0.0394874152856626","0.0413529395478311","0.0282990812782764"
"mle-w","0.935819066293896","2.01150009291886","3.04097499433674","0.956116064922176","0.0394874152856626","0.0413529395478311","0.0282990812782764"
