"Method","beta0.x","beta1.x","beta2.x","sigma.x","beta0.y","beta1.y","beta2.y"
"oracle","0.974654925165619","1.98961380577239","3.03186329620364","0.980048914912636","0.0310697905859324","0.0314785577776066","0.0217327183402069"
"naive","-0.360233027361079","1.23501143886854","1.59345850582646","3.33747423454529","0.0953480456961469","0.108437603172743","0.0792502341578882"
"cc","1.06725484969443","1.92934055342861","3.00889512718291","0.962631083657444","0.0429407328482093","0.0391129593764262","0.0295475740477845"
"ipw","1.08305485238486","1.93487435548521","3.01838577980423","0.962890746322344","0.0434711276786372","0.0409932386143731","0.0314200554487177"
"ipw-w","1.04394654450369","1.94575200328535","2.99547643899587","0.963498126789131","0.0519959846104815","0.0457879877985195","0.032690550622121"
"mle","1.00838056817214","1.94721691422683","3.03660407358682","0.968181818435206","0.0390778305465646","0.0368906044646008","0.0267575073258102"
"mle-w","1.00838056817214","1.94721691422683","3.03660407358682","0.968181818435206","0.0390778305465646","0.0368906044646008","0.0267575073258102"
