"Method","beta0.x","beta1.x","beta2.x","sigma.x","beta0.y","beta1.y","beta2.y"
"oracle","0.999141322318111","1.9635989448154","3.02984662125261","0.983728470170372","0.0311246178825031","0.0343617353011031","0.0234758625529223"
"naive","-0.407961433613899","1.22291718751339","1.63371822359098","3.23695382335054","0.0931688337608889","0.106551475114541","0.0737465040843972"
"cc","0.997405172592296","1.99101527340605","3.01234704128166","0.979148833125139","0.0438196599493453","0.0487389673066798","0.0358790899235335"
"ipw","1.00134125257004","1.97508560914451","2.99974627416873","0.979320597017385","0.0433280887837505","0.0495972336793364","0.0333516248856119"
"ipw-w","1.01224769779897","1.98877792060449","2.99641067265342","0.979448363609234","0.0553995359314958","0.0624840091820905","0.045414323691594"
"mle","0.977352023036329","1.99755270723903","3.05547110720538","0.997337454187165","0.0400444320034123","0.0439793819353149","0.0316887324006189"
"mle-w","0.977352023036329","1.99755270723903","3.05547110720538","0.997337454187165","0.0400444320034123","0.0439793819353149","0.0316887324006189"
