"Method","beta0.x","beta1.x","beta2.x","sigma.x","beta0.y","beta1.y","beta2.y"
"oracle","0.961451210764806","1.95658694538635","2.97129488105513","0.987509722961072","0.0313401235882905","0.0351139331013249","0.0242064299261796"
"naive","-0.31850346509589","1.20980036664104","1.55139219287287","3.15588977542993","0.0902480614181281","0.106298968165492","0.0795591674525436"
"cc","0.957999688655582","1.96335206181963","2.93638816882045","0.959611726793172","0.0453458076359967","0.048431644126513","0.0334591757306917"
"ipw","0.964038434157578","1.95824972666582","2.92452363025524","0.959730358689959","0.0481279991817537","0.0510605484511302","0.0352405473161925"
"ipw-w","0.970957082983068","1.93262480481581","2.94701569960657","0.960546046261737","0.0496722172925987","0.0525984948592297","0.0366360400217879"
"mle","0.92275902501149","2.01089788840379","2.97769537463046","0.979748878185545","0.0410175378854084","0.0443440417993605","0.0298492079785691"
"mle-w","0.92275902501149","2.01089788840379","2.97769537463046","0.979748878185545","0.0410175378854084","0.0443440417993605","0.0298492079785691"
