"Method","beta0.x","beta1.x","beta2.x","sigma.x","beta0.y","beta1.y","beta2.y"
"oracle","0.995097377517015","1.97736423498234","2.99110740816964","1.01719127680987","0.0321727164330519","0.0329634876200885","0.0246924438782108"
"naive","-0.433744917580548","1.41653278741592","1.60894828577515","3.3337414117556","0.0991227456408228","0.111057989928391","0.0757152004090272"
"cc","1.00534128260733","1.95875974168608","2.97762846437624","1.01225652558439","0.0462352876187721","0.0479254841726748","0.0369342538106705"
"ipw","1.00070333647247","1.96962364413351","2.97133547221987","1.01240835514688","0.047944135976358","0.0502163170906842","0.0355153412368548"
"ipw-w","1.01490350313632","2.00028550379979","2.97630587444585","1.01317293467517","0.0591757615810312","0.0575417388331731","0.0451203375109702"
"mle","0.981566195969067","1.98830334024076","3.00995497489339","1.02559853935783","0.041909768204958","0.0442884018989927","0.0325620370863875"
"mle-w","0.981566195969067","1.98830334024076","3.00995497489339","1.02559853935783","0.041909768204958","0.0442884018989927","0.0325620370863875"
