"Method","beta0.x","beta1.x","beta2.x","sigma.x","beta0.y","beta1.y","beta2.y"
"oracle","1.00681134484853","1.99887418314991","2.99523713846286","1.00629273964383","0.0318611989142364","0.0349782618412329","0.0243355165263806"
"naive","-0.454435428772489","1.19988622394992","1.63041807373884","3.10414356828269","0.0875201941162578","0.110329504356195","0.0702154249330468"
"cc","0.980488987351725","2.01562430701181","3.01200482054618","0.987222983130113","0.045404868229372","0.0477755810855017","0.0315074208532921"
"ipw","0.959101266794477","2.02709644413811","3.05532351278915","0.989039836262629","0.047355789602946","0.0513723049895043","0.0346009852105423"
"ipw-w","1.04149019485146","2.02210548629364","3.01122665957161","0.989111367058938","0.0558257468788693","0.0558274542620456","0.0395075688895315"
"mle","1.04827340073943","1.97924313049169","2.96888523853797","0.978660650311238","0.0399111475516388","0.0428372234302532","0.0286701175579726"
"mle-w","1.04827340073943","1.97924313049169","2.96888523853797","0.978660650311238","0.0399111475516388","0.0428372234302532","0.0286701175579726"
