"Method","beta0.x","beta1.x","beta2.x","sigma.x","beta0.y","beta1.y","beta2.y"
"oracle","0.996808564113986","1.92961409278883","2.97003878658762","0.991779625728406","0.0313783326413652","0.0322273130273482","0.0250528164240051"
"naive","-0.365457489929724","1.25494473254042","1.67405986658178","3.077366717542","0.0830229865095449","0.102214207002522","0.0762790722512461"
"cc","1.00164333036725","1.91458026688396","2.93698800604654","0.985731571925142","0.0435621685459374","0.0443789053994828","0.0368273543957957"
"ipw","0.997908851093888","1.89404823142496","2.937204122755","0.985957465125701","0.0449278890058012","0.0455802044430309","0.0367734420810681"
"ipw-w","0.990136766650313","1.9399143537946","2.94166402876969","0.986100939326829","0.0469114891789797","0.0513591653128004","0.0416900459678041"
"mle","0.995269238520779","1.93330967796666","2.9527849077345","0.976228997256293","0.039167352143129","0.0404619631740369","0.0316993535537408"
"mle-w","0.995269238520779","1.93330967796666","2.9527849077345","0.976228997256293","0.039167352143129","0.0404619631740369","0.0316993535537408"
