"Method","beta0.x","beta1.x","beta2.x","sigma.x","beta0.y","beta1.y","beta2.y"
"oracle","1.03039478413975","1.96562154523542","3.00464142089089","0.979748950001686","0.0312431197840047","0.0343563622919904","0.0253639326759451"
"naive","-0.470115111630039","1.36361725772838","1.61555332517581","3.15923272766162","0.0905027944122936","0.104986233936323","0.0773165760159969"
"cc","1.09399161688443","1.95180676251525","2.97312975353995","0.967886609241018","0.0439178471233624","0.0528757803481062","0.0354325007685611"
"ipw","1.10297603771612","1.96269619649047","2.9875438204384","0.968146519738816","0.0444399079580268","0.0510012643208768","0.0349608035034572"
"ipw-w","1.1080091613458","1.96561711432501","3.00092206748543","0.968751441323705","0.0545607944810404","0.064006117761735","0.0474839989922481"
"mle","1.0878283516356","1.95818841868708","2.9830485343619","0.9774154245186","0.0399930797639392","0.0467329405107847","0.0319010932396458"
"mle-w","1.0878283516356","1.95818841868708","2.9830485343619","0.9774154245186","0.0399930797639392","0.0467329405107847","0.0319010932396458"
