"Method","beta0.x","beta1.x","beta2.x","sigma.x","beta0.y","beta1.y","beta2.y"
"oracle","1.0065655099121","2.01042795386953","3.00245705796724","1.01004223416078","0.032025808548241","0.0345570701885397","0.0238781451052325"
"naive","-0.264547252153216","1.41912314330895","1.59234804696052","3.19717859158722","0.091657018897671","0.111143027736209","0.080556287324307"
"cc","1.00171622204873","1.99503143191715","3.02418784413939","0.995547887915821","0.0451645091536881","0.0470401862467014","0.0324664394933853"
"ipw","0.999601204874753","1.9577559537773","3.00533872535287","0.996275309243256","0.0474867743255951","0.0497518367513082","0.0342393898409587"
"ipw-w","0.98088434599476","1.97937273050787","3.01755341111588","0.995932931371835","0.0572872530400135","0.0604946902280037","0.0394167648451629"
"mle","0.983646719423118","1.9926029158033","3.00702069694692","0.987680717777035","0.040874488588786","0.0433976399130529","0.0295892965267237"
"mle-w","0.983646719423118","1.9926029158033","3.00702069694692","0.987680717777035","0.040874488588786","0.0433976399130529","0.0295892965267237"
