"Method","beta0.x","beta1.x","beta2.x","sigma.x","beta0.y","beta1.y","beta2.y"
"oracle","1.00463516206479","2.00327770099536","2.99511053833495","0.964498583176337","0.0305108368151476","0.0330150079342719","0.0229441773217821"
"naive","-0.398210545983562","1.18861186036171","1.67492678156092","3.15154701697257","0.0923370471757693","0.100228785781552","0.0757603741628229"
"cc","0.982324405905916","2.01671721942611","3.00297980236006","0.985897836929327","0.0460354677085907","0.0483536089400018","0.0336960381196356"
"ipw","0.998391209860191","2.00207230162419","2.96640722260417","0.987087606751414","0.0493132342869075","0.0556689143007065","0.0403781138312671"
"ipw-w","0.977938230947209","2.00799140244069","2.99700587457944","0.985961256404829","0.0543691520258005","0.0537970100594274","0.0372842247388461"
"mle","0.989460624246295","2.02411732383209","2.98746623509473","0.978453263767604","0.0383747559257674","0.036323560481125","0.0262605544936392"
"mle-w","0.989460624246295","2.02411732383209","2.98746623509473","0.978453263767604","0.0383747559257674","0.036323560481125","0.0262605544936392"
