"Method","beta0.x","beta1.x","beta2.x","sigma.x","beta0.y","beta1.y","beta2.y"
"oracle","1.03122373808928","1.9493087085879","3.0190831838422","1.0523177959154","0.0333301340524038","0.0358404741708947","0.0258221649044039"
"naive","-0.405410754516441","1.28166782523878","1.63820502440205","3.21627316010811","0.0942691274812265","0.105219346105231","0.0754946697473994"
"cc","1.03010749394922","1.95009031213652","3.05333851627703","1.06023930827687","0.0480919674235337","0.0517173469942512","0.0371807141316172"
"ipw","1.0180506771208","1.95436004658541","3.07411128614316","1.0606122079481","0.0502398153651763","0.0550940369944588","0.0384480003362843"
"ipw-w","1.02974875886784","1.90453215937459","3.03120351405126","1.06127841809301","0.0594377813254103","0.0637422235739593","0.0418097741547119"
"mle","1.04846345928354","1.94439206226354","3.02414071972982","1.06243543461949","0.0428881785878283","0.0460959408444605","0.033210828046369"
"mle-w","1.04846345928354","1.94439206226354","3.02414071972982","1.06243543461949","0.0428881785878283","0.0460959408444605","0.033210828046369"
