"Method","beta0.x","beta1.x","beta2.x","sigma.x","beta0.y","beta1.y","beta2.y"
"oracle","0.997654783100823","2.01644372344363","3.02400791267758","0.987777025313207","0.0314315054278469","0.031528444164809","0.024106032781363"
"naive","-0.392888958068684","1.34368957414204","1.62757523940251","3.27613561631115","0.0959676972413061","0.112433763212917","0.0743655656964832"
"cc","0.998563971995067","2.00781455704407","3.00576343931925","0.976646135209515","0.0466099353510252","0.0437661156172605","0.037069214250277"
"ipw","0.987383150754499","1.99732538421834","3.00802314069643","0.976784503406644","0.049745328282899","0.0489575147164361","0.0411419159683343"
"ipw-w","1.01902390212205","1.96044955690931","2.96133372539736","0.978792727243967","0.0540640524940968","0.0484686552780304","0.0436451908122833"
"mle","0.980906619981564","2.02218892453906","3.03477860362356","0.984186952001329","0.0411852749131519","0.0392852626032848","0.0317747567206314"
"mle-w","0.980906619981564","2.02218892453906","3.03477860362356","0.984186952001329","0.0411852749131519","0.0392852626032848","0.0317747567206314"
