"Method","beta0.x","beta1.x","beta2.x","sigma.x","beta0.y","beta1.y","beta2.y"
"oracle","1.02033315622387","2.02570360100705","3.00704092745167","1.00777839769918","0.0319408706939893","0.0334746943686891","0.0232542038254435"
"naive","-0.296264333729659","1.34642389796683","1.64952333582382","3.13820965106352","0.0931934431236228","0.1003425488795","0.0759526154855499"
"cc","1.02286048976743","2.01545505761183","3.00056460482088","1.0521451885617","0.0488844392737666","0.0501399826440328","0.0356478376925716"
"ipw","1.02058309763921","1.99602806754478","3.00092373779108","1.05232679525375","0.0511623696598442","0.0536664157675969","0.0400814160805562"
"ipw-w","0.963258823696394","2.01149506514303","3.01512394063536","1.05376729397094","0.0594974134999759","0.0588673739793923","0.0406848441203603"
"mle","1.03071064251088","2.01338058895186","2.9898675513317","1.04167993157031","0.0429397836820842","0.0448021459883785","0.0311213518314363"
"mle-w","1.03071064251088","2.01338058895186","2.9898675513317","1.04167993157031","0.0429397836820842","0.0448021459883785","0.0311213518314363"
