"Method","beta0.x","beta1.x","beta2.x","sigma.x","beta0.y","beta1.y","beta2.y"
"oracle","1.03073346721399","2.01802698092978","2.99778999920306","0.948870943283055","0.030043555622578","0.0299589811930158","0.0217767285161645"
"naive","-0.359023212310479","1.22160149532098","1.63600626361332","3.08134977174268","0.0887525638690046","0.103509435647657","0.0813979199875044"
"cc","0.984896167659013","2.04736763403962","3.01387686667111","0.954062748958529","0.0432989474423651","0.0387882187987119","0.0296915595747097"
"ipw","1.00794047600032","2.04374165348355","2.99996405020002","0.954444126356364","0.0444659283213296","0.0396592880205533","0.0321369928371039"
"ipw-w","1.02826236898077","2.06638110630095","2.99734828046356","0.955438307936888","0.0516018735369609","0.0455622399449638","0.035357905218877"
"mle","1.00480573520065","2.03384153002106","2.99707388051103","0.963294785209725","0.0394190127700238","0.0369552942001489","0.027379658810316"
"mle-w","1.00480573520065","2.03384153002106","2.99707388051103","0.963294785209725","0.0394190127700238","0.0369552942001489","0.027379658810316"
