"Method","beta0.x","beta1.x","beta2.x","sigma.x","beta0.y","beta1.y","beta2.y"
"oracle","1.02210496862922","1.98696219971462","2.9577588696018","0.982043521644078","0.0310158334024627","0.0341527677994399","0.0227767947478677"
"naive","-0.349970460997576","1.20233883487145","1.57572993967743","3.12507672274522","0.0918187168620335","0.104503956709788","0.0826443447538715"
"cc","0.974318880976442","1.96018997379414","2.93360043444646","0.993071908603506","0.0475513924354203","0.0496886667064189","0.0324179800043397"
"ipw","0.960832904049318","1.96974180899598","2.92900206722332","0.993270957213834","0.0484443697275678","0.0492568690079319","0.0367814579622832"
"ipw-w","1.01548991304824","1.94934597908393","2.94262698568553","0.994240972527963","0.0572538987099913","0.0575004489177052","0.0347370907271632"
"mle","1.02329709001301","1.95060652362307","2.93755331956545","0.999054264662152","0.0418326553583608","0.0442537269848929","0.0300144241448976"
"mle-w","1.02329709001301","1.95060652362307","2.93755331956545","0.999054264662152","0.0418326553583608","0.0442537269848929","0.0300144241448976"
