"Method","beta0.x","beta1.x","beta2.x","sigma.x","beta0.y","beta1.y","beta2.y"
"oracle","0.985966720645953","2.02111577158559","3.03283747284495","1.00320043122828","0.031742734715262","0.0336617762188735","0.0232792956816035"
"naive","-0.445100226263245","1.38507821565737","1.78257421198969","3.12438199333953","0.0884740737049733","0.104201724521895","0.080095813017144"
"cc","0.955820201481112","2.06333962344633","3.03909904753478","1.00059258699652","0.0444610014496555","0.0416139596696219","0.0318183949717225"
"ipw","0.968948168355569","2.06541681482549","3.03163338537405","1.00072323117362","0.0467288520419111","0.0437175424616996","0.0337390160788545"
"ipw-w","0.949138329494492","2.02758911635859","3.01928396833993","1.0013930999164","0.0543264313876387","0.0514679227629861","0.0385856866763153"
"mle","0.950142134003099","2.04070303009197","3.04533626202632","1.00280903097512","0.0404262252443054","0.0397364436336661","0.0295070799724259"
"mle-w","0.950142134003099","2.04070303009197","3.04533626202632","1.00280903097512","0.0404262252443054","0.0397364436336661","0.0295070799724259"
