"Method","beta0.x","beta1.x","beta2.x","sigma.x","beta0.y","beta1.y","beta2.y"
"oracle","1.00418887171368","2.08260203520073","3.05827164223336","1.00360616586212","0.0317749784197039","0.0335931034662465","0.0247942262394743"
"naive","-0.31058686094895","1.2299756224711","1.67083293950509","3.10480950412888","0.0876028694637728","0.105466163979514","0.0833040847120142"
"cc","0.974405521742073","2.06861813077815","3.04987543232678","0.9878993765845","0.0451086237107789","0.0467677496642633","0.0360334142311991"
"ipw","0.985556743265142","2.05051593355933","3.03386555401376","0.988180951396798","0.0467739752267627","0.0499056008617584","0.0377718218946392"
"ipw-w","0.987643635365836","2.05838870626617","3.08436107494406","0.989556622075272","0.0560423905108085","0.0550937988864179","0.0397047296407528"
"mle","0.966117594156204","2.08776606567252","3.06939082634425","0.998549645410318","0.040552042144643","0.0415917104175978","0.0313903107081449"
"mle-w","0.966117594156204","2.08776606567252","3.06939082634425","0.998549645410318","0.040552042144643","0.0415917104175978","0.0313903107081449"
