"Method","beta0.x","beta1.x","beta2.x","sigma.x","beta0.y","beta1.y","beta2.y"
"oracle","1.02179814706903","1.97927073301397","3.01725740648575","0.977982754678997","0.030936068125079","0.0312678569136825","0.022574180468192"
"naive","-0.383470808045824","1.22634069481306","1.68596307157987","3.15989909273954","0.0893581482503936","0.103006786579166","0.0763336339404776"
"cc","0.979477144141941","1.97580228806792","2.99061273636493","0.937049039878609","0.0420312976799629","0.0427236055868295","0.0321538276506627"
"ipw","0.993817632308484","1.96629720340891","2.9692160277999","0.937479259079046","0.0450951664921468","0.056628862388989","0.0417712141588213"
"ipw-w","0.960606888624728","1.97409174370573","2.9603378092292","0.938351674648998","0.0569597243214138","0.0558637999466137","0.0421816916247975"
"mle","0.982380227771324","1.98345542553549","3.01402895616125","0.937937840541087","0.038641220486722","0.0392748991517732","0.0287304469855467"
"mle-w","0.982380227771324","1.98345542553549","3.01402895616125","0.937937840541087","0.038641220486722","0.0392748991517732","0.0287304469855467"
