"Method","beta0.x","beta1.x","beta2.x","sigma.x","beta0.y","beta1.y","beta2.y"
"oracle","0.994106890185181","1.9592101474084","2.98776473591354","1.01143163639508","0.0321329995526023","0.0342360474896372","0.0245909162434781"
"naive","-0.299731750631521","1.37264910026441","1.64448432380986","3.13755538898502","0.0868496561038962","0.108520136717345","0.0805833613137563"
"cc","0.986038525241699","1.99393516957955","3.0009969754675","1.01392949749687","0.0471683949294516","0.0484979222242649","0.0362820410305789"
"ipw","0.975785424035156","1.9643801247634","3.00555243117706","1.01444109039613","0.0499461546394977","0.0522643444111484","0.041453223048483"
"ipw-w","0.961118820348925","2.0447460405857","3.00249709283152","1.01551170135714","0.0556267939470561","0.0546183658302581","0.0398714628101936"
"mle","0.972518849563961","2.0157465596882","3.0081082287925","1.00814342784124","0.0416636427243471","0.044513810379531","0.0307323220879994"
"mle-w","0.972518849563961","2.0157465596882","3.0081082287925","1.00814342784124","0.0416636427243471","0.044513810379531","0.0307323220879994"
