"Method","beta0.x","beta1.x","beta2.x","sigma.x","beta0.y","beta1.y","beta2.y"
"oracle","1.01816300445356","2.04653491383661","3.0328710006709","0.982084192510446","0.0312966404917505","0.0307587638620579","0.0230057738257708"
"naive","-0.410014934061771","1.46071093499783","1.69555053611792","3.20359052439236","0.0913517806719999","0.106712352171166","0.0684041884897989"
"cc","1.00224830172713","2.08554288674078","3.06347379645579","0.979325294263025","0.043859041949661","0.0462156893165583","0.0320346160020195"
"ipw","1.01426027027714","2.07226906055044","3.04790681869378","0.979596180047167","0.0456108735008133","0.0469767274571026","0.0336116459866361"
"ipw-w","0.970707013200192","2.0617612804575","3.03786534663239","0.980769248486141","0.0529959370161967","0.0535936528444897","0.0325958300803284"
"mle","1.01085622861445","2.0598319851196","3.0427254004324","0.963860959505083","0.0393306620101752","0.0407763016899632","0.0281336241316259"
"mle-w","1.01085622861445","2.0598319851196","3.0427254004324","0.963860959505083","0.0393306620101752","0.0407763016899632","0.0281336241316259"
