"Method","beta0.x","beta1.x","beta2.x","sigma.x","beta0.y","beta1.y","beta2.y"
"oracle","1.05209564805704","2.00186102556072","3.000419217077","0.962079350255672","0.0304608343233761","0.0319742496246271","0.0235169457951089"
"naive","-0.212428845918119","1.27606893253292","1.58287102797916","3.1570346998567","0.0882403247430902","0.102962487045866","0.0780878011779303"
"cc","1.07893799831364","2.05278990426096","3.01136523236448","0.9200652104851","0.0412616617713604","0.0433321452668062","0.0317070194778313"
"ipw","1.05886278668458","2.07627941463449","3.0388422250534","0.920891039364928","0.042966139195292","0.0483224332960881","0.0320321301312568"
"ipw-w","1.10276880432096","2.03261433237651","2.9578030659045","0.922768908692448","0.0525809988858919","0.0451684616030582","0.038242657841598"
"mle","1.06278846117549","2.0370264695321","3.00040689548179","0.92472981531072","0.0378163455769603","0.0396683604026946","0.0288246365385272"
"mle-w","1.06278846117549","2.0370264695321","3.00040689548179","0.92472981531072","0.0378163455769603","0.0396683604026946","0.0288246365385272"
