"Method","beta0.x","beta1.x","beta2.x","sigma.x","beta0.y","beta1.y","beta2.y"
"oracle","1.0222753158503","1.94645063311","2.9401627823524","0.977274896823523","0.0311337234420832","0.0320808194743394","0.0235927034220834"
"naive","-0.280271469037247","1.29932460502885","1.58406559564336","3.14671348556272","0.0939920239651332","0.101985755302047","0.0785032241628689"
"cc","1.05983503788497","1.93376627363801","2.90189868821275","0.964574602948262","0.0464958447313931","0.0461081024551768","0.03737710577326"
"ipw","1.04899892186902","1.92532646539828","2.89308221776096","0.964740371708906","0.0513470940735062","0.051563195948539","0.0490471845365929"
"ipw-w","1.06120305304787","1.92668072567228","2.91686005776933","0.964913127494328","0.0531789707003849","0.0558488360524017","0.0427461085503155"
"mle","1.05598592064027","1.94099228620929","2.90603250347216","0.974385644204585","0.0411118644018461","0.0412572387789994","0.0315899469630718"
"mle-w","1.05598592064027","1.94099228620929","2.90603250347216","0.974385644204585","0.0411118644018461","0.0412572387789994","0.0315899469630718"
