"Method","beta0.x","beta1.x","beta2.x","sigma.x","beta0.y","beta1.y","beta2.y"
"oracle","0.980222318920276","2.07067882778181","3.02501057608056","1.01472269700097","0.0320799913531078","0.0332486174973997","0.0235115370412614"
"naive","-0.320442375286831","1.32630256499706","1.66778831918655","3.22259059851657","0.0914189470025187","0.114861619519794","0.0835889289422366"
"cc","0.993457838861492","2.04432961669896","3.00859918050204","1.05206144006146","0.0465090046395575","0.0453278832431206","0.0347507125977169"
"ipw","1.01014178924061","2.04096847673167","3.00468320806895","1.05218796441456","0.048888477716595","0.0499830334528553","0.0347447277278141"
"ipw-w","1.09713123447151","2.03180760034956","2.99524658644669","1.05691595190392","0.0586917388136851","0.0577861918833425","0.0422091477774096"
"mle","0.968322327834826","2.0648771201118","3.04357278198563","1.05435502951226","0.0419348596635642","0.0416716015952297","0.0305543463592534"
"mle-w","0.968322327834826","2.0648771201118","3.04357278198563","1.05435502951226","0.0419348596635642","0.0416716015952297","0.0305543463592534"
