"Method","beta0.x","beta1.x","beta2.x","sigma.x","beta0.y","beta1.y","beta2.y"
"oracle","0.991062753701793","2.02853905263324","3.00129537259925","0.987300114333339","0.0311997384529138","0.031830287109969","0.0243066920460059"
"naive","-0.36998429749413","1.32110158955998","1.67025205206006","3.08928421317866","0.0899017135816779","0.095391175849287","0.0764725434021868"
"cc","1.03517873802583","2.04104216721408","2.97025684850468","0.948525362769336","0.043281321330432","0.0452782193256966","0.0359729875268939"
"ipw","1.06310735700154","2.03335368251785","2.93203655832414","0.95005780826095","0.0454503983718313","0.0481508383306734","0.0386714113711739"
"ipw-w","1.00907941228966","2.10062398463081","2.99781570939513","0.950686199157893","0.0508327997422541","0.0547734093448583","0.0439518266312071"
"mle","1.06589600220022","2.05267626361656","2.97486204315632","0.958029906926871","0.0393726185867301","0.040542645652415","0.0316636217909119"
"mle-w","1.06589600220022","2.05267626361656","2.97486204315632","0.958029906926871","0.0393726185867301","0.040542645652415","0.0316636217909119"
