"Method","beta0.x","beta1.x","beta2.x","sigma.x","beta0.y","beta1.y","beta2.y"
"oracle","0.973873818570134","2.030167042509","3.02878493310854","0.98344858614141","0.0311209163155886","0.0335166257160366","0.0235062194554441"
"naive","-0.308160358977059","1.31036814274523","1.59684335679785","3.11286846458847","0.0897289797366137","0.106562483077356","0.0731286379489444"
"cc","0.958338100566848","2.02046672138749","3.04167184396802","0.985133079472954","0.0449396536667888","0.0474716139751811","0.0335729623985499"
"ipw","0.959285195914954","2.01829411926363","3.04235653257163","0.985137369020105","0.0463832991981004","0.0480632384131759","0.0332302414016094"
"ipw-w","0.960380269341531","2.0368088131561","2.98014646187907","0.989427178467258","0.0583026604425006","0.059689733924005","0.0427799578060132"
"mle","0.975811363716022","2.02740889982444","3.02929121134693","0.975217564509226","0.0400677041937475","0.0421031700602875","0.0298559189945396"
"mle-w","0.975811363716022","2.02740889982444","3.02929121134693","0.975217564509226","0.0400677041937475","0.0421031700602875","0.0298559189945396"
