"Method","beta0.x","beta1.x","beta2.x","sigma.x","beta0.y","beta1.y","beta2.y"
"oracle","1.01692030616311","2.01164134344748","2.99194808948409","1.03795223214244","0.0328402261822724","0.0345389974075073","0.0252029885508427"
"naive","-0.448732070626118","1.27399615814938","1.62882436280884","3.24601520082549","0.0947586885629075","0.104350397333867","0.0741045763091718"
"cc","1.00402753211089","2.00506748070169","3.01109302990971","1.01999733520537","0.0453932699765957","0.0494974690769099","0.0363402726357216"
"ipw","1.00014566923847","2.01816287738724","3.01421811714997","1.02008062636705","0.047354809440115","0.0534663190109085","0.0369783092180556"
"ipw-w","1.00329473496986","1.99875126658751","3.00671371480334","1.02002438516413","0.0556763059389972","0.0548352159887431","0.041203121503017"
"mle","1.02999923026755","1.98942032766439","3.00201292306773","1.01808926183302","0.0415044845526893","0.0439364999619535","0.0323702046674241"
"mle-w","1.02999923026755","1.98942032766439","3.00201292306773","1.01808926183302","0.0415044845526893","0.0439364999619535","0.0323702046674241"
