"Method","beta0.x","beta1.x","beta2.x","sigma.x","beta0.y","beta1.y","beta2.y"
"oracle","1.02917940024712","2.00684576326082","3.01667510734154","0.970130477869514","0.0306106684624381","0.0325591201279348","0.025468337703704"
"naive","-0.238185786763892","1.42142822280433","1.58463815300368","3.11070703606098","0.0934368413145741","0.111590760208634","0.0793200584925224"
"cc","1.01631788509519","2.01144424089695","3.02626021339261","0.938319933854253","0.0437739719532886","0.0431282417560745","0.036424229756602"
"ipw","1.00924419888567","2.00727523220136","3.02467405796778","0.938360191378708","0.0438004682080545","0.0435766560570583","0.0372128909759281"
"ipw-w","1.00722344291887","2.0137911411877","3.02820540165947","0.938362342354429","0.0522559441859464","0.0512812000957661","0.0408534068289119"
"mle","1.0294288054628","2.00470548714957","3.01981595931998","0.940694173344276","0.0394631355848382","0.0403288448970637","0.0318215297667127"
"mle-w","1.0294288054628","2.00470548714957","3.01981595931998","0.940694173344276","0.0394631355848382","0.0403288448970637","0.0318215297667127"
