"Method","beta0.x","beta1.x","beta2.x","sigma.x","beta0.y","beta1.y","beta2.y"
"oracle","1.04897276605256","2.02242148468573","3.00387500019888","1.04118132626649","0.0329261232205861","0.036121181807988","0.0248680304852926"
"naive","-0.334922651762336","1.28964891836906","1.69969630094544","3.26260156743648","0.0925030469983736","0.112392829121627","0.0799328509764751"
"cc","1.06549885119083","2.04733818656379","3.00715730176045","1.03576503201708","0.0474052202541427","0.0502493784359595","0.0350454807791471"
"ipw","1.05290383255158","2.06194076547289","3.03115271920035","1.0362449661972","0.050491089310196","0.0619716961420216","0.0419399679184509"
"ipw-w","1.01690690808593","2.09288454907522","3.04369968553867","1.03790570826437","0.0550062456991441","0.0594511371052814","0.0407347031839767"
"mle","1.06361192424946","2.07566315889947","3.01953410519837","1.03846974487872","0.0420440813432868","0.0451600582166697","0.0307777739225908"
"mle-w","1.06361192424946","2.07566315889947","3.01953410519837","1.03846974487872","0.0420440813432868","0.0451600582166697","0.0307777739225908"
