"Method","beta0.x","beta1.x","beta2.x","sigma.x","beta0.y","beta1.y","beta2.y"
"oracle","1.01602824651046","1.9562885509398","3.00573136344923","1.02164279904591","0.0323647391853347","0.037148751728834","0.0243045807690103"
"naive","-0.195774150985455","1.31257993523553","1.5979416256507","3.08478272627706","0.0897718639920382","0.111253790216438","0.0774335830673335"
"cc","1.00949745813267","1.90889392619922","2.99053929705037","1.02000000746268","0.0452810575709148","0.0494350071747531","0.0342550425182663"
"ipw","1.00744034190688","1.90665606455192","2.99216428075346","1.02000816671684","0.0463661744796419","0.0514346569221128","0.0333872991272614"
"ipw-w","1.02068035869569","1.91788016996875","3.01878722743774","1.02083368539233","0.0592041891935375","0.056368839314139","0.0394796429758001"
"mle","1.04595174862051","1.91577574828876","2.96331483988417","1.03100402141194","0.041263404256722","0.0456127563055348","0.0309902496122348"
"mle-w","1.04595174862051","1.91577574828876","2.96331483988417","1.03100402141194","0.041263404256722","0.0456127563055348","0.0309902496122348"
