"Method","beta0.x","beta1.x","beta2.x","sigma.x","beta0.y","beta1.y","beta2.y"
"oracle","0.948601271125851","1.9993785136317","2.98890283455546","0.985435162158194","0.0311477286612283","0.033292710719827","0.0225854595230062"
"naive","-0.40534941694719","1.28880750492802","1.6827527196237","3.01615276566127","0.0860622295638466","0.0956548776451332","0.071953156043929"
"cc","0.93418614176745","1.93364227021773","3.0243836344864","1.00509738907146","0.045331445056024","0.0471078717373601","0.0341275923384332"
"ipw","0.942024011847902","1.9096399954943","3.01096725358035","1.0054322299548","0.0480492803113304","0.0539151716673186","0.037670118479835"
"ipw-w","0.944988568865859","1.9123657190801","3.02305680226072","1.00539683039531","0.0562647478879272","0.0561478878844421","0.0434740053901171"
"mle","0.953066533681028","1.96209313549365","3.00853372101663","0.995168017164172","0.0403677886497069","0.0428791505294732","0.0299051748963877"
"mle-w","0.953066533681028","1.96209313549365","3.00853372101663","0.995168017164172","0.0403677886497069","0.0428791505294732","0.0299051748963877"
