"Method","beta0.x","beta1.x","beta2.x","sigma.x","beta0.y","beta1.y","beta2.y"
"oracle","1.07220208964098","1.99601628589631","2.97558855330082","0.991591690848684","0.0314827254881639","0.0330539263376859","0.0241753016743979"
"naive","-0.288058774892779","1.22193894380726","1.47014497731048","3.15896229034026","0.0941979259032886","0.110753796697231","0.0802152189691579"
"cc","1.07212655505954","2.02995648762822","2.96481802131836","0.969723219366711","0.0447096676348696","0.0466304933190905","0.0338988206471976"
"ipw","1.07701013007057","2.04630909577489","2.97095799200668","0.969856627343818","0.0479093989978788","0.0512115409559642","0.040700845592994"
"ipw-w","1.11033980986067","1.99797667286686","2.9537508003956","0.970845557242226","0.0528302177946012","0.0537748174170941","0.0402552332815277"
"mle","1.03162738904295","2.0571669965706","2.99547338628477","0.993212620955687","0.0413441063056769","0.0441922596355349","0.0312256149497628"
"mle-w","1.03162738904295","2.0571669965706","2.99547338628477","0.993212620955687","0.0413441063056769","0.0441922596355349","0.0312256149497628"
