"Method","beta0.x","beta1.x","beta2.x","sigma.x","beta0.y","beta1.y","beta2.y"
"oracle","0.968211938447881","2.03090245077476","3.0060212711485","0.915801473306389","0.02909203864067","0.0310017932185753","0.0218302696282082"
"naive","-0.555209168450209","1.16827246542136","1.6993938550148","3.13206653181407","0.0906264074038395","0.104970059554774","0.0728092204589428"
"cc","0.968862387317751","1.97029104962929","2.98664909186576","0.890540353328256","0.0398130143642355","0.0430736919033846","0.0310302787459361"
"ipw","0.959680778715615","1.9684124852614","2.99756346850998","0.890700557458623","0.0415070158412062","0.0453268379038584","0.0297100954732828"
"ipw-w","0.983515090349975","1.97966258590061","2.98646571222656","0.890697912127871","0.045112333451382","0.0445221821612585","0.0374523537595333"
"mle","0.94378942027468","1.98687689440785","3.01430679533508","0.889690079290207","0.0365865814216084","0.0342310921448157","0.0282641431345596"
"mle-w","0.94378942027468","1.98687689440785","3.01430679533508","0.889690079290207","0.0365865814216084","0.0342310921448157","0.0282641431345596"
