"Method","beta0.x","beta1.x","beta2.x","sigma.x","beta0.y","beta1.y","beta2.y"
"oracle","0.925801227834931","2.02137228327882","2.96872420273864","0.991396896236497","0.0313505477551318","0.0329425148668081","0.023039773127605"
"naive","-0.49224771437133","1.35806785108578","1.62792860666236","3.12970265693283","0.0890175557343994","0.102000391623975","0.0710285142459186"
"cc","0.880615942251136","2.02240092133688","2.91124170873324","1.00868324943221","0.0450573292021694","0.0474217420653168","0.0302579690619653"
"ipw","0.882234766079517","2.03381249927107","2.92327597110034","1.0088426569184","0.0467082505372255","0.0475347582880803","0.0332520942825521"
"ipw-w","0.910334606033393","2.01426963408881","2.93917838679983","1.01028778309191","0.0550336869770017","0.0496511190169953","0.0364569956452925"
"mle","0.868140170287812","2.00849726952844","2.92774824934838","1.00443557600055","0.0405066107278885","0.0426685437540211","0.0277381564079877"
"mle-w","0.868140170287812","2.00849726952844","2.92774824934838","1.00443557600055","0.0405066107278885","0.0426685437540211","0.0277381564079877"
