"Method","beta0.x","beta1.x","beta2.x","sigma.x","beta0.y","beta1.y","beta2.y"
"oracle","1.01420047254607","2.01956254082191","2.98534756830512","0.983069681919373","0.0311513824701513","0.0325623604284507","0.0225847288086712"
"naive","-0.276077786887205","1.43305251394146","1.63103741173677","3.2638225947307","0.0897721554901023","0.0969174716178269","0.0761572032933493"
"cc","1.02243215798234","2.02631297967268","3.00837266312373","0.965977164077186","0.0444273243129315","0.045158006923978","0.0318068728726986"
"ipw","1.01172565067689","2.01169896168276","3.03857855493947","0.967258427425485","0.0468838077573084","0.049276089421202","0.0366186998785995"
"ipw-w","1.07925515627032","2.06460469646802","2.99048985171725","0.96880055743946","0.0497988490495384","0.0504852476247485","0.034550373315852"
"mle","1.01296000128716","2.02849162182897","3.01178707214194","0.9763465032256","0.0404947927711973","0.04093256880053","0.0287419932588009"
"mle-w","1.01296000128716","2.02849162182897","3.01178707214194","0.9763465032256","0.0404947927711973","0.04093256880053","0.0287419932588009"
