"Method","beta0.x","beta1.x","beta2.x","sigma.x","beta0.y","beta1.y","beta2.y"
"oracle","0.986364494657737","1.95699371526324","2.98176304221292","0.992688508584498","0.0314933467196416","0.0356437089076019","0.0245350566086783"
"naive","-0.389026446374482","1.11947311686631","1.52102863915811","3.11801681661654","0.087971005056598","0.109603202486288","0.0723637891951263"
"cc","0.993253275627682","1.9586044951725","2.99256419351293","1.02802351149434","0.0486687860575939","0.0527087073398814","0.0363299601142714"
"ipw","0.982735436359891","1.97653926011603","2.99638228830617","1.02821238854843","0.0509410697786044","0.0538416282817489","0.0413654602622492"
"ipw-w","0.996746808018116","1.97536072716654","2.9888336247152","1.02821267038051","0.0596855657530351","0.0703998720367423","0.0443531590206857"
"mle","1.0172206330448","1.92732877045295","2.97773250318861","1.01485713819705","0.0422308591859583","0.0467877285327494","0.0313238023653443"
"mle-w","1.0172206330448","1.92732877045295","2.97773250318861","1.01485713819705","0.0422308591859583","0.0467877285327494","0.0313238023653443"
