"Method","beta0.x","beta1.x","beta2.x","sigma.x","beta0.y","beta1.y","beta2.y"
"oracle","0.999153878218513","2.05169447527419","2.99712007342216","1.00703427594852","0.0318551105842059","0.0334279593342679","0.0234695809799503"
"naive","-0.438015333913843","1.40160609031431","1.62928956926627","3.21273643136067","0.0909812093425255","0.111342990467967","0.0758371412274248"
"cc","0.976232167575999","2.07269811842834","2.97605293594345","0.967258270881139","0.0440154056334971","0.0463051195744956","0.0333701899051248"
"ipw","0.986666331305341","2.04554482818076","2.95967057770073","0.967697771829035","0.0456419161157675","0.0477282143916943","0.0373024307692838"
"ipw-w","0.945276082356189","2.0283876861089","2.96320249151019","0.968669824055523","0.0549261497952132","0.0621901829049635","0.046301361958897"
"mle","0.982150135797578","2.06923260366805","2.96734931777255","0.962259209215134","0.0393467038305825","0.0418524714424192","0.0298057416331901"
"mle-w","0.982150135797578","2.06923260366805","2.96734931777255","0.962259209215134","0.0393467038305825","0.0418524714424192","0.0298057416331901"
