"Method","beta0.x","beta1.x","beta2.x","sigma.x","beta0.y","beta1.y","beta2.y"
"oracle","0.967746912072076","1.98684706166947","3.00383735936422","1.00447802120085","0.0317589317915949","0.0345656772098747","0.0238281391852893"
"naive","-0.386095631647396","1.41855453505512","1.731083877462","3.14778485829505","0.0883821209930936","0.116170494163924","0.0802118932224389"
"cc","0.979004366573859","1.96430782190505","2.98490250040907","1.00393948233477","0.0442377631244452","0.0486198927532553","0.0315336802375162"
"ipw","0.998392269548708","1.95626246926574","2.97297163738716","1.00420022484467","0.0460146613457517","0.0507347173196552","0.032737512504338"
"ipw-w","0.960185202383143","1.94625268109915","3.00846811603855","1.00496788000773","0.0514543608508479","0.0544335002532466","0.034297708767811"
"mle","0.991419082500995","2.03082881965148","3.01140993675899","1.01884067289373","0.0404150476754816","0.0445098871072637","0.028706354577114"
"mle-w","0.991419082500995","2.03082881965148","3.01140993675899","1.01884067289373","0.0404150476754816","0.0445098871072637","0.028706354577114"
