"Method","beta0.x","beta1.x","beta2.x","sigma.x","beta0.y","beta1.y","beta2.y"
"oracle","1.0029783887734","2.01565937415312","2.99899349755242","1.0387084012237","0.0327762599600551","0.0355004815180522","0.0235774548293408"
"naive","-0.359979466148612","1.31157038869194","1.63391174106801","3.3424343214966","0.0957578112389116","0.109360483048468","0.0834861542671615"
"cc","1.00461460044451","1.98257716067229","2.98243804584693","1.04744699240822","0.0485858230782626","0.0489792314883306","0.0342046973299163"
"ipw","0.998438465914416","1.99648625133872","2.98850126048686","1.04754007648232","0.0499255674457032","0.0496561515434894","0.0335955671955439"
"ipw-w","1.00069424233381","2.04917867868357","3.01196777328204","1.04938630949718","0.0604819467600392","0.0632234723255693","0.0432737378617639"
"mle","1.00381367523773","2.00148507686082","3.00116071797027","1.05933218298087","0.0431425908569523","0.044635742664192","0.0302855847519217"
"mle-w","1.00381367523773","2.00148507686082","3.00116071797027","1.05933218298087","0.0431425908569523","0.044635742664192","0.0302855847519217"
