"Method","beta0.x","beta1.x","beta2.x","sigma.x","beta0.y","beta1.y","beta2.y"
"oracle","0.983183587227894","2.01661515921201","2.96127448918363","1.01391797160774","0.0320686169883431","0.0347722006253195","0.0245201287596617"
"naive","-0.276908914474786","1.22283367307705","1.55608471111717","3.10970415225494","0.0911642263397265","0.102122272118753","0.0921773854218606"
"cc","0.945984317623792","2.02079048433455","2.98379667781578","0.987710029552762","0.045289865819727","0.0491428758727211","0.0350839857889566"
"ipw","0.953183082523508","2.02098732751843","2.97425090339578","0.987802569591281","0.0443867110093195","0.0486852310668023","0.0342541938607255"
"ipw-w","0.951022388744488","2.03977862903","3.00618275542981","0.988203895415223","0.053842807763431","0.0572078458623028","0.0399688414408065"
"mle","0.967088171033091","1.99232778272524","2.97182909236299","0.998162896821344","0.0403232528120611","0.0435853917278244","0.0306951150086737"
"mle-w","0.967088171033091","1.99232778272524","2.97182909236299","0.998162896821344","0.0403232528120611","0.0435853917278244","0.0306951150086737"
