"Method","beta0.x","beta1.x","beta2.x","sigma.x","beta0.y","beta1.y","beta2.y"
"oracle","0.992397656878562","2.03333378412544","3.00799800362253","0.983993191133592","0.0310964784372309","0.0335519451580404","0.0240671848493808"
"naive","-0.344575413737483","1.31966933317484","1.6201620482518","3.19869032123689","0.0924000325110721","0.108426432222121","0.07559497643838"
"cc","1.00354471084357","1.99886606982056","2.99530216025399","0.996199039582801","0.0452948984979661","0.0471102712078235","0.0354807905356783"
"ipw","1.03557246809735","2.01594991439728","2.98676512591588","0.996956083182336","0.0451972389653942","0.0463381982138635","0.0337551459901547"
"ipw-w","0.98801732330908","1.99492799742274","3.00267348822821","0.996368666988321","0.0547502395128599","0.0557536890490345","0.037812886438161"
"mle","0.992341604027999","2.01067617988401","2.98619467178605","0.996226040510102","0.0419212758371136","0.042871787562752","0.0286017901310743"
"mle-w","0.992341604027999","2.01067617988401","2.98619467178605","0.996226040510102","0.0419212758371136","0.042871787562752","0.0286017901310743"
