"Method","beta0.x","beta1.x","beta2.x","sigma.x","beta0.y","beta1.y","beta2.y"
"oracle","1.00819171780187","1.99325097779168","2.96783150327697","0.992567960792832","0.0315912660396239","0.0325039404161977","0.0225957558428089"
"naive","-0.356729472495302","1.12303447134964","1.59190686077815","3.17783932871109","0.0978924104318492","0.109725524250662","0.0735678626952998"
"cc","1.0001905966597","1.99102601596983","2.9579809348099","0.980632289567369","0.0464249962341992","0.0459087231664896","0.0344366112518662"
"ipw","0.986673611614284","2.01668440290617","2.97127736243429","0.980979452343229","0.0466913909599306","0.0496487697338322","0.0368121030282604"
"ipw-w","0.993933566420052","1.96786121931628","2.9163556175295","0.982337099348093","0.0566051681285156","0.05051730034641","0.0372368034128713"
"mle","0.978211738731488","1.99415873454578","2.96705608174038","0.976432720707183","0.0410505376994504","0.0418254116731344","0.0299945231478138"
"mle-w","0.978211738731488","1.99415873454578","2.96705608174038","0.976432720707183","0.0410505376994504","0.0418254116731344","0.0299945231478138"
