"Method","beta0.x","beta1.x","beta2.x","sigma.x","beta0.y","beta1.y","beta2.y"
"oracle","1.03460086143947","1.9951895105721","2.98330824590439","0.978170371949221","0.030969162061942","0.0299004204369525","0.0230918243273882"
"naive","-0.467653775582321","1.48368227991549","1.66620003949826","3.16985631663514","0.0912235492561656","0.101657336941128","0.0737568939070231"
"cc","1.06909786372011","2.00274011381831","2.98102308146999","0.975978998576695","0.0455032661035903","0.0460307191988754","0.0351185457939721"
"ipw","1.07194131298922","2.00775644947571","2.97240014753067","0.976076712304283","0.0485193631636772","0.0497763486694444","0.0420832730509587"
"ipw-w","1.08559114152064","2.06256834873969","2.96508616609707","0.978546231457739","0.061812154991582","0.0587915117164599","0.0513102676994666"
"mle","1.04341496302984","2.01313220065326","2.99581144735825","0.983294315404471","0.0404449954183349","0.0407437853438185","0.0306726606663943"
"mle-w","1.04341496302984","2.01313220065326","2.99581144735825","0.983294315404471","0.0404449954183349","0.0407437853438185","0.0306726606663943"
