"Method","beta0.x","beta1.x","beta2.x","sigma.x","beta0.y","beta1.y","beta2.y"
"oracle","1.01038839822686","1.99527102130793","3.01873896369598","0.975231987978263","0.0309706123889983","0.0316029047206567","0.0221345095508969"
"naive","-0.278010929774982","1.21427872541516","1.64097252363704","3.29841364069217","0.096300680638468","0.105749507899326","0.0855897979596298"
"cc","1.09340056773053","2.02673317624","2.99200308394226","0.939641460893953","0.0426727892580827","0.0420884872281383","0.0305602397768635"
"ipw","1.11188696838447","2.01915449780841","2.98140196006941","0.939860801258031","0.0453283143008596","0.0439492138206743","0.0330913838223599"
"ipw-w","1.10095976839381","2.06469713869974","2.98349247516475","0.940708179063141","0.0518416601866629","0.0491969336060334","0.0330226987506396"
"mle","1.04356838441241","2.0180775334768","3.02582281271744","0.947508120691025","0.0388024045079904","0.0384250131950433","0.0275138234385349"
"mle-w","1.04356838441241","2.0180775334768","3.02582281271744","0.947508120691025","0.0388024045079904","0.0384250131950433","0.0275138234385349"
