"Method","beta0.x","beta1.x","beta2.x","sigma.x","beta0.y","beta1.y","beta2.y"
"oracle","0.970041638814622","2.02826380446863","3.04946747839768","0.996554313414204","0.0314884743309847","0.0329025562783506","0.0251538875843497"
"naive","-0.430132303596772","1.26676664979044","1.59339101048052","3.2952618105395","0.0966390006582864","0.110791200068809","0.0841767147144063"
"cc","0.955136059670113","2.06127940801143","3.06587529219516","0.982438938962928","0.0451373065849555","0.0469174147833538","0.0365983984744247"
"ipw","0.973693980460252","2.03080235497713","3.03334871300061","0.983419347998081","0.045416595626093","0.0479894383713829","0.0353410462993829"
"ipw-w","0.903012724527834","2.0610671458815","3.07968626444309","0.983818859519527","0.0545519600807865","0.0541492313652452","0.0442935853279589"
"mle","0.977365871071595","2.09343571072718","3.06159950658692","0.983984514143723","0.0407829214329599","0.0415475658893018","0.032042989552158"
"mle-w","0.977365871071595","2.09343571072718","3.06159950658692","0.983984514143723","0.0407829214329599","0.0415475658893018","0.032042989552158"
