"Method","beta0.x","beta1.x","beta2.x","sigma.x","beta0.y","beta1.y","beta2.y"
"oracle","1.01606737396114","1.99930909098235","3.0537581320288","0.97704901753057","0.0307530633087462","0.0354465141452014","0.0226388109980582"
"naive","-0.360491413530473","1.21256713618623","1.52725777175814","3.33079736570886","0.0993401677579764","0.116473794531564","0.0831537655544441"
"cc","1.0391118858977","1.99145395061442","3.03912152931373","0.980226311028919","0.0454081181443809","0.0496338654328206","0.0332621344201805"
"ipw","1.01776292187704","2.03898147546437","3.07234333920879","0.981681989429244","0.0461699866975323","0.0494397554421176","0.0392917604521531"
"ipw-w","1.00054788622807","2.00548491531573","3.06253059687809","0.981196512313274","0.0575259162122375","0.0582399930319659","0.0421061401663102"
"mle","1.0506376267152","1.97476867388031","3.04261982736482","0.98811019058986","0.0405292764705033","0.0459506723641011","0.0289796562818102"
"mle-w","1.0506376267152","1.97476867388031","3.04261982736482","0.98811019058986","0.0405292764705033","0.0459506723641011","0.0289796562818102"
