"Method","beta0.x","beta1.x","beta2.x","sigma.x","beta0.y","beta1.y","beta2.y"
"oracle","1.04663431916202","1.99667968753443","3.01854016481537","0.996916511023151","0.0316146101255516","0.0309683672534726","0.023504314246524"
"naive","-0.332076039292641","1.26399857431722","1.57708005962396","3.1251590946788","0.0933174114466702","0.100274554637139","0.0719699870811296"
"cc","1.0913687836166","1.99515284913864","2.99037844120808","0.993957800569636","0.0459140979582283","0.0427393151363095","0.0338347959552663"
"ipw","1.10289092100343","2.00293390319905","2.97153826687598","0.994411829837546","0.050661428363152","0.0480501719783224","0.0393916264852908"
"ipw-w","1.1042416413258","1.98910774829018","2.98032916536248","0.994089071120736","0.0556410740389896","0.0470906097033059","0.0381011172537081"
"mle","1.08931038153239","1.95172396931898","2.97471516512142","0.996271282104311","0.0411424998052407","0.039174362515559","0.030697650510461"
"mle-w","1.08931038153239","1.95172396931898","2.97471516512142","0.996271282104311","0.0411424998052407","0.039174362515559","0.030697650510461"
