"Method","beta0.x","beta1.x","beta2.x","sigma.x","beta0.y","beta1.y","beta2.y"
"oracle","0.938007403205374","2.0087360231866","3.016583231232","0.987970523241559","0.0312350093452097","0.0334436546021925","0.022784456110504"
"naive","-0.48270444913057","1.19164979480535","1.73670294041306","3.16696845521507","0.0902034303512999","0.106445182975125","0.0762078632904683"
"cc","0.961512749278569","2.03594965197202","3.05815637413165","0.981930578154682","0.0442828737641611","0.0455055408412598","0.0315363864367877"
"ipw","0.946832589106957","2.04636169474957","3.05675496299391","0.982114110366717","0.0485115302230403","0.0497338216834136","0.0363400553325685"
"ipw-w","0.882174098968682","2.04887538862964","3.07498410108454","0.985062631800321","0.0587213419001148","0.0606991844898521","0.039609218012282"
"mle","0.9650489793473","1.99864383101422","3.04498637267553","0.986166867632823","0.0403191416741271","0.0423257264081657","0.028884803458906"
"mle-w","0.9650489793473","1.99864383101422","3.04498637267553","0.986166867632823","0.0403191416741271","0.0423257264081657","0.028884803458906"
