"Method","beta0.x","beta1.x","beta2.x","sigma.x","beta0.y","beta1.y","beta2.y"
"oracle","1.01818284017481","2.04320848847921","3.04138916139628","1.02175688224167","0.0322452519015633","0.0347304374783405","0.024689218325377"
"naive","-0.34266374357747","1.42948337538653","1.60910710428922","3.24347681854399","0.0928232742840806","0.116567909795317","0.0792021816322181"
"cc","1.01179547386671","2.02101245163686","3.04644932304785","0.990109076983993","0.0462922378076123","0.0512517930035942","0.0342301541284703"
"ipw","1.04630395374963","2.01577995674515","3.02716091490839","0.990831803045398","0.0467994527605693","0.054579191023038","0.0358814915803662"
"ipw-w","0.995940417978059","2.06695584670178","3.07602312384391","0.991304318642554","0.0550548065674235","0.0592625376755059","0.043075151974896"
"mle","1.01952358951896","2.02583859204757","3.03993284706493","0.995934989419884","0.0378548247955174","0.0928074675729452","0.032263293263158"
"mle-w","1.01952358951896","2.02583859204757","3.03993284706493","0.995934989419884","0.0378548247955174","0.0928074675729452","0.032263293263158"
