"Method","beta0.x","beta1.x","beta2.x","sigma.x","beta0.y","beta1.y","beta2.y"
"oracle","0.980732914063368","2.03578804568614","3.0065813162087","1.00233640295298","0.0317128047826167","0.0347049600671619","0.0249031809471577"
"naive","-0.362566904311825","1.20005063933665","1.51255751047378","3.19715884769149","0.0901716335829275","0.109184182470203","0.0777247232073216"
"cc","0.954273780539304","2.04166323093089","2.99002112283363","1.0307926501757","0.0459140837307718","0.0472449296696674","0.0342789084208508"
"ipw","0.936501626061339","2.04463892555121","3.01699221057413","1.03151478204598","0.0478486791967371","0.0524059352657148","0.0384181919858051"
"ipw-w","0.985860734626251","2.04204175992504","2.95476272424592","1.03224415919413","0.0565180840819111","0.0517266888245225","0.0368192020856795"
"mle","0.923163699308321","2.01679452916398","3.00045106410409","1.03773508198831","0.0416108415951595","0.044411966409367","0.0306142693129012"
"mle-w","0.923163699308321","2.01679452916398","3.00045106410409","1.03773508198831","0.0416108415951595","0.044411966409367","0.0306142693129012"
