"Method","beta0.x","beta1.x","beta2.x","sigma.x","beta0.y","beta1.y","beta2.y"
"oracle","0.989638702034325","2.06237664815012","3.048999929961","0.988694044608438","0.0313163102108097","0.033249995873693","0.0223243532398332"
"naive","-0.461493698180977","1.28951293743055","1.46903008643352","3.39695837744124","0.097970608785912","0.108382816263283","0.0735687928944225"
"cc","1.05056133770194","2.11135151926992","3.07690997535192","0.995986166956997","0.0459350989173206","0.0481709659781534","0.0328235733187259"
"ipw","1.03669870724924","2.10104433532483","3.07133994880429","0.996152029828653","0.0474704722381506","0.0497646991743574","0.0347667926144347"
"ipw-w","1.08078851007514","2.15540935277733","3.07000699206618","0.997513893386123","0.0542581961145724","0.0538191995350436","0.0384035118884496"
"mle","1.03142456759804","2.12339408018779","3.06281265324891","0.994863407337732","0.0409438465093894","0.0430878481920965","0.0291430241576357"
"mle-w","1.03142456759804","2.12339408018779","3.06281265324891","0.994863407337732","0.0409438465093894","0.0430878481920965","0.0291430241576357"
