"Method","beta0.x","beta1.x","beta2.x","sigma.x","beta0.y","beta1.y","beta2.y"
"oracle","0.971746326327681","1.98114343238166","2.96652737647811","0.992850593156094","0.0314939193493693","0.0345639326398783","0.0239600615928259"
"naive","-0.42561949643496","1.43938992234385","1.78400122196776","3.06551684448368","0.0877545171795356","0.0991464274183374","0.071860613714088"
"cc","1.00559288690696","1.97744026032188","2.92108449104013","1.02498544750724","0.0461105404593558","0.0479780945191275","0.0339488906612987"
"ipw","0.998129215011618","1.95942887150694","2.93103832200797","1.02531141373971","0.0496667823860816","0.0519525681185147","0.0408788549091372"
"ipw-w","1.00540375294666","2.03504948313603","2.92946469119139","1.0264893712374","0.0556771806789329","0.0543662465247315","0.0424012265071199"
"mle","0.990047462073605","1.96725082377539","2.93563429169959","1.02117979990605","0.0412178100375717","0.0431234824584358","0.0297603828347286"
"mle-w","0.990047462073605","1.96725082377539","2.93563429169959","1.02117979990605","0.0412178100375717","0.0431234824584358","0.0297603828347286"
