"Method","beta0.x","beta1.x","beta2.x","sigma.x","beta0.y","beta1.y","beta2.y"
"oracle","0.990749409196797","1.99620749538235","3.04324516190458","1.01094334596566","0.0319593404551937","0.0319236823057272","0.0242858216491551"
"naive","-0.450558330811192","1.31634206344353","1.73737491057337","3.1351064564573","0.0931851839442055","0.0967876976021568","0.0753251377737281"
"cc","0.963558275797823","1.93876939368335","2.99338618738236","0.984955977688937","0.0470099117035859","0.0465577351538882","0.0343876972664038"
"ipw","0.92640905563722","1.96437797577696","3.02325619121257","0.986209504339877","0.0473508045743455","0.0476904026859772","0.0362410807013959"
"ipw-w","1.01696676635395","1.93544952296574","2.94098340750595","0.988098178710324","0.0558066291793408","0.0521687366084254","0.0415953955586914"
"mle","0.964704606848592","1.98928046899947","3.02159899689182","0.998286283145151","0.0418354846166799","0.0425690137474396","0.0309244989989968"
"mle-w","0.964704606848592","1.98928046899947","3.02159899689182","0.998286283145151","0.0418354846166799","0.0425690137474396","0.0309244989989968"
