"Method","beta0.x","beta1.x","beta2.x","sigma.x","beta0.y","beta1.y","beta2.y"
"oracle","0.973464592779209","2.05530387680968","3.00944877326528","0.98146041419902","0.0310435146842711","0.031202231067867","0.0238629705581695"
"naive","-0.291008865801419","1.35627873701936","1.56350536938501","3.09748014616247","0.0870321956203966","0.104526440239411","0.0823058521892761"
"cc","0.988448878512924","2.00913399563821","2.96747391591181","1.00076754322756","0.0443494390449486","0.0454649891508528","0.0331506707556707"
"ipw","0.968995204557592","2.01295775763097","2.96992879863004","1.00095318528928","0.0466004148330701","0.046134330338726","0.0351878851295179"
"ipw-w","0.994308753619771","1.94762682752662","2.95197337404744","1.00239930888669","0.0553740287404433","0.0646128813306155","0.0447824395508554"
"mle","1.01321151520083","2.02333439758971","2.95490857118011","0.996742969884334","0.0398432507484371","0.0405826032250419","0.0296947618484587"
"mle-w","1.01321151520083","2.02333439758971","2.95490857118011","0.996742969884334","0.0398432507484371","0.0405826032250419","0.0296947618484587"
