"Method","beta0.x","beta1.x","beta2.x","sigma.x","beta0.y","beta1.y","beta2.y"
"oracle","0.972592895778846","1.96909729041322","2.98612795834573","1.03115407046455","0.032629618854173","0.0379472151900849","0.0243197631734094"
"naive","-0.384256923519264","1.39838392024915","1.61841404957329","3.14409401826264","0.0894133617182402","0.108330568231475","0.0736467142580887"
"cc","0.949611354870443","2.01923866916664","2.94666534785969","0.980800864448878","0.044991952159011","0.0503323717421374","0.0341693863613267"
"ipw","0.965707709129181","2.01370214552233","2.90994374871037","0.982038042305695","0.0456282321301751","0.0537688832856917","0.0359410732465909"
"ipw-w","0.951365333410501","1.97868376097897","2.91646673243913","0.981958033616595","0.0561385494448607","0.0648605436031798","0.0421297808919262"
"mle","0.956357469888484","2.01871225376529","2.9706698956194","0.989366411948314","0.0404865691777585","0.0462927847403442","0.0303683476816839"
"mle-w","0.956357469888484","2.01871225376529","2.9706698956194","0.989366411948314","0.0404865691777585","0.0462927847403442","0.0303683476816839"
