"Method","beta0.x","beta1.x","beta2.x","sigma.x","beta0.y","beta1.y","beta2.y"
"oracle","0.977433817509759","2.04794349574491","2.99894250426489","1.02113719047674","0.032297371719613","0.0382732055191093","0.0256505553707088"
"naive","-0.367849676754063","1.2471636148595","1.67058953572249","3.05868757258257","0.0887361906172342","0.106129810393126","0.0758559203874376"
"cc","1.01192817988514","1.98215974553995","2.9913588608581","1.03349677492403","0.0467558041739343","0.0552565189621712","0.0339287501456142"
"ipw","1.01004322381432","1.99301089644746","3.00424915965012","1.03364642746596","0.0478073517804375","0.0556011393364168","0.0332665568840399"
"ipw-w","1.03513469178737","1.98711810501834","2.95818439543638","1.03477166750611","0.0541334336148674","0.0571543586672357","0.0453125094411331"
"mle","1.01795393920727","1.99080057145767","2.97015827101195","1.02801992007422","0.0415510895460809","0.0484265243135271","0.0309232241761994"
"mle-w","1.01795393920727","1.99080057145767","2.97015827101195","1.02801992007422","0.0415510895460809","0.0484265243135271","0.0309232241761994"
