"Method","beta0.x","beta1.x","beta2.x","sigma.x","beta0.y","beta1.y","beta2.y"
"oracle","1.03209135774437","2.01799796127706","3.0126268152489","0.980664703097356","0.0310645141534094","0.034276355225121","0.0239576380002399"
"naive","-0.388846685255092","1.35408503836704","1.61262590270865","3.18936388969283","0.0905560556418575","0.115880974172205","0.0772167822306731"
"cc","0.947859184835455","2.04936516254467","3.02938786887978","0.95822152800867","0.0448649957056712","0.048173284212448","0.0352091107356315"
"ipw","0.928690244437636","2.06733640727429","3.04837191399525","0.958699915450242","0.0466773670608851","0.0538145367663501","0.0360724870382604"
"ipw-w","0.988059976116882","2.06438883578147","3.02935393211216","0.959184078181547","0.0473238546556544","0.0486723364576993","0.0373435758078087"
"mle","0.987933389236516","2.03280561041682","3.00807293652492","0.971373673924413","0.0401607031996024","0.0443905724354455","0.0311461286155939"
"mle-w","0.987933389236516","2.03280561041682","3.00807293652492","0.971373673924413","0.0401607031996024","0.0443905724354455","0.0311461286155939"
