"Method","beta0.x","beta1.x","beta2.x","sigma.x","beta0.y","beta1.y","beta2.y"
"oracle","1.00781729145131","1.91568954090582","2.98157682873494","1.04555086194149","0.0330723192762423","0.0353792344323875","0.024326750489063"
"naive","-0.363370426213221","1.1340073220547","1.70104513689529","3.06608217768741","0.0891490979508773","0.110598564365707","0.0790113528402731"
"cc","1.03509664401011","1.90364272806956","2.98059616011255","1.04570041910545","0.0482779536892985","0.0472550672415153","0.0370492627153298"
"ipw","1.01414198686557","1.90895242310102","2.99873106690085","1.04608780250237","0.0503611468218623","0.0479592897073999","0.0411117921154944"
"ipw-w","0.977713046956155","1.89315319291467","3.01973913174951","1.0483772941781","0.0556997013841501","0.0654596960297167","0.051509236497984"
"mle","1.07649967427016","1.94335870828577","2.98821382554006","1.05107162175587","0.0428328382837012","0.0438992124683455","0.0323009361639632"
"mle-w","1.07649967427016","1.94335870828577","2.98821382554006","1.05107162175587","0.0428328382837012","0.0438992124683455","0.0323009361639632"
