"Method","beta0.x","beta1.x","beta2.x","sigma.x","beta0.y","beta1.y","beta2.y"
"oracle","0.919850801626727","2.06099086790219","2.99294982347592","1.00712747724245","0.0318729229968081","0.0347981238205527","0.0225351781228949"
"naive","-0.394748953096576","1.52681840858095","1.60982688856337","3.24654717479987","0.0883441907491991","0.112422897417755","0.0788454176391341"
"cc","0.897899487214469","2.00969418453003","2.96969438910103","1.0083503126802","0.04447314740936","0.0427655749990954","0.0322130374493791"
"ipw","0.913718356526702","1.9962422819538","2.94000016551959","1.00910985339028","0.048626994984385","0.0473425522846464","0.0385004716504406"
"ipw-w","0.894793955683676","2.02154080485502","2.9864833092884","1.00859065163154","0.0513544263382701","0.0500167836262331","0.0392728744222871"
"mle","0.92255077693619","2.03088595159568","2.99967991508093","1.01617876909332","0.0404667893211099","0.0406228391928994","0.0285237604681859"
"mle-w","0.92255077693619","2.03088595159568","2.99967991508093","1.01617876909332","0.0404667893211099","0.0406228391928994","0.0285237604681859"
