"Method","beta0.x","beta1.x","beta2.x","sigma.x","beta0.y","beta1.y","beta2.y"
"oracle","0.966693242145131","1.9642768619517","2.99553222836661","0.975518593570354","0.0308048357129682","0.0336805270112974","0.0235977603035524"
"naive","-0.405916061548282","1.32075388699728","1.60301276743534","3.03141983667143","0.0860666511276954","0.10521876330901","0.0661266877170049"
"cc","0.935236121562176","1.96852941881604","3.00236708662021","0.968678049470073","0.0450203779515495","0.0503124056506465","0.033289075726587"
"ipw","0.918151290532851","1.99053892658354","3.00715563820308","0.968992093765169","0.0485098222661719","0.0576865041599468","0.0381050687956586"
"ipw-w","0.951362398418078","1.93065134020307","2.92096105483252","0.974349917472466","0.0534170445248038","0.0598142044470109","0.0423098025119751"
"mle","0.946978731824316","2.00322916299189","2.98682687983792","0.966126543611021","0.0400363562489767","0.0436702124172544","0.0293369657844206"
"mle-w","0.946978731824316","2.00322916299189","2.98682687983792","0.966126543611021","0.0400363562489767","0.0436702124172544","0.0293369657844206"
