"Method","beta0.x","beta1.x","beta2.x","sigma.x","beta0.y","beta1.y","beta2.y"
"oracle","0.989455134243144","1.97489565286519","2.99522055517119","0.975246089221816","0.0308332091350343","0.0327135929273607","0.0217745404408001"
"naive","-0.545006845755549","1.17327511671286","1.64114835702174","3.22069782764073","0.0984569881195892","0.106639487765473","0.0690888930232911"
"cc","1.00322754054185","1.96456990821291","3.00435431509821","0.986366992173724","0.0464924150823078","0.0475107067447939","0.033404958835972"
"ipw","0.971955921267705","1.97713495776678","3.01562007306428","0.986890307678017","0.0484176739283089","0.0506146830780393","0.034985804407894"
"ipw-w","1.02227487198177","1.91919087476332","2.99291979929104","0.987394123513519","0.0572202748706051","0.0551834443744139","0.042308727537304"
"mle","1.00913361347658","1.96342636507132","2.99713999945605","0.972508826812827","0.0408474115828889","0.0412774976613867","0.0290206271144554"
"mle-w","1.00913361347658","1.96342636507132","2.99713999945605","0.972508826812827","0.0408474115828889","0.0412774976613867","0.0290206271144554"
