"Method","beta0.x","beta1.x","beta2.x","sigma.x","beta0.y","beta1.y","beta2.y"
"oracle","0.989186796575637","2.11594350484231","3.03641808698072","0.996515211326671","0.0314538554416149","0.0344439617790248","0.0233398366564633"
"naive","-0.36877802939253","1.2480646941472","1.6360100929507","3.19049777961799","0.0906673330018853","0.119557274694984","0.0864843332043225"
"cc","0.947109434634624","2.11308790121571","3.04604414913106","1.01627177741682","0.046612444528389","0.048339928430087","0.0340417070478474"
"ipw","0.964665551855569","2.15678010521641","3.03744504471399","1.01753681549961","0.0476380567228633","0.0519074294316043","0.0347202741596779"
"ipw-w","0.974766142541131","2.15513021295331","3.06581606606576","1.01759660531674","0.0493724875863198","0.0505327782050134","0.0369588940962645"
"mle","0.939766340072765","2.10028498121935","3.03889469609991","1.0030927422432","0.0410533408048694","0.0437392571383945","0.0302819406875042"
"mle-w","0.939766340072765","2.10028498121935","3.03889469609991","1.0030927422432","0.0410533408048694","0.0437392571383945","0.0302819406875042"
