"Method","beta0.x","beta1.x","beta2.x","sigma.x","beta0.y","beta1.y","beta2.y"
"oracle","1.01674298352046","2.01689946134529","3.01760618835598","1.03827581700865","0.0329022926663733","0.0365025349284559","0.0253100706356559"
"naive","-0.414949298257552","1.21154822961261","1.64797782294339","3.14599592233467","0.0907729445494316","0.109541128076638","0.0732013951714423"
"cc","1.02456250158422","2.00046967298698","3.03145860182126","1.03360532525618","0.0470543587558539","0.0499315688133426","0.0357278893003283"
"ipw","1.01885963790466","2.02568838034216","3.05487240544007","1.03416969140632","0.0507691723832017","0.0606668899161076","0.0425775078430917"
"ipw-w","0.953516774775354","2.02258415498862","3.02974798777698","1.03634169090595","0.0564201659155223","0.061612837829167","0.0468691351855563"
"mle","1.00186828254436","1.99088213011652","3.01808082892391","1.02562305521902","0.0415924774505287","0.0449477344934539","0.0317464239601505"
"mle-w","1.00186828254436","1.99088213011652","3.01808082892391","1.02562305521902","0.0415924774505287","0.0449477344934539","0.0317464239601505"
