"Method","beta0.x","beta1.x","beta2.x","sigma.x","beta0.y","beta1.y","beta2.y"
"oracle","0.996638986473685","1.99281916557832","3.00568935277991","1.00179082286773","0.0316536574365824","0.0346827763265728","0.0222398254330874"
"naive","-0.393610230624642","1.34831542985327","1.58626671597491","3.19754515702994","0.091405543274749","0.0998012722253015","0.072147722798261"
"cc","0.935468104057645","1.98624241649069","2.98799337399635","0.990155069933179","0.0456088561248679","0.0449428730584492","0.0335838745121449"
"ipw","0.956415378097612","1.97770352058459","2.97308259864005","0.99048814912305","0.0463735076201585","0.0460799786652554","0.0327001641906941"
"ipw-w","0.979511536342667","2.01393685411974","2.99482922564618","0.99148761288248","0.0535775609973035","0.0545442118933286","0.0390119082033836"
"mle","0.936040494542188","2.01071343006384","3.01617016675816","0.98697033202103","0.040439826483546","0.0408775453082215","0.0290770663002684"
"mle-w","0.936040494542188","2.01071343006384","3.01617016675816","0.98697033202103","0.040439826483546","0.0408775453082215","0.0290770663002684"
