"Method","beta0.x","beta1.x","beta2.x","sigma.x","beta0.y","beta1.y","beta2.y"
"oracle","1.00279519992708","2.01075014213129","2.99769434510947","1.02495486251128","0.0325221623216323","0.035201504227164","0.0264768670615535"
"naive","-0.318727397824311","1.24929516139411","1.5808672331167","3.05231647866051","0.0875156600219657","0.109226615896877","0.0763674250935938"
"cc","0.992238583461501","2.00479170571262","2.98889127997357","1.03119371329601","0.0457096039470241","0.0503803955906324","0.0367448182033034"
"ipw","0.996523232057175","1.99457639937263","2.99574569236297","1.03134076805535","0.047711994026998","0.057792419330279","0.0380494588112099"
"ipw-w","0.972151512236306","1.96417140645892","2.95134063361118","1.03279319148259","0.0570858981767787","0.0641700197409278","0.0440787448722334"
"mle","1.02347906705069","2.01407959710487","2.99151190274825","1.0331297130186","0.0410393877868587","0.0445637115326723","0.0326866574148332"
"mle-w","1.02347906705069","2.01407959710487","2.99151190274825","1.0331297130186","0.0410393877868587","0.0445637115326723","0.0326866574148332"
