"Method","beta0.x","beta1.x","beta2.x","sigma.x","beta0.y","beta1.y","beta2.y"
"oracle","0.961515715424379","1.94658158803242","2.99494269755029","1.01617392505236","0.0320946646562835","0.032993561912755","0.0256826527005133"
"naive","-0.455664486055044","1.22874566082457","1.5652956886848","3.12912972888579","0.0914959450825239","0.105929862927685","0.0770006072715344"
"cc","1.00258891268356","1.9429755080564","2.97784904041333","1.03219956055341","0.0474683147002258","0.0525885203596633","0.0377520908455276"
"ipw","0.98093364857877","1.93576559571115","3.00549422243457","1.0330857809211","0.048973250498586","0.0537717386858534","0.0388906887430846"
"ipw-w","1.03024480893228","1.93048219404733","2.99208886340984","1.03300545301197","0.0589011725057978","0.066362257300863","0.0432012997274455"
"mle","0.969444802903162","1.93670673256111","2.9799654379439","1.0253075986273","0.0420194440638448","0.0452978101183698","0.0324134429862195"
"mle-w","0.969444802903162","1.93670673256111","2.9799654379439","1.0253075986273","0.0420194440638448","0.0452978101183698","0.0324134429862195"
