"Method","beta0.x","beta1.x","beta2.x","sigma.x","beta0.y","beta1.y","beta2.y"
"oracle","1.00456098405345","1.98484896205845","3.02081891456806","1.04483347119681","0.0330265088318563","0.0346599652053237","0.0244615637954116"
"naive","-0.406543389204072","1.11272707987392","1.62343393818853","3.233968461245","0.0901015923243682","0.120355682937175","0.0756402592926153"
"cc","0.974013486343044","1.96326875860573","2.9843096304889","1.03687488040095","0.0471902599160942","0.0509848570616052","0.034628167393163"
"ipw","0.965276023730316","1.95798973642681","2.98575803244829","1.03692768097852","0.048690706811074","0.0557878406086021","0.0383953926170987"
"ipw-w","0.952262576521914","1.94110521065718","2.94830489911076","1.03833410263339","0.055123796427974","0.0592472205027425","0.0393962909116968"
"mle","0.988123816113155","1.97598097325489","3.01473342036729","1.03905072029742","0.0421749430740041","0.0448796403774569","0.0304095699734371"
"mle-w","0.988123816113155","1.97598097325489","3.01473342036729","1.03905072029742","0.0421749430740041","0.0448796403774569","0.0304095699734371"
