"Method","beta0.x","beta1.x","beta2.x","sigma.x","beta0.y","beta1.y","beta2.y"
"oracle","1.05513354863101","1.99414616405234","3.03092335095779","0.983924656774527","0.0310315265586099","0.0313229139297527","0.0245790477083547"
"naive","-0.412230368338957","1.39128567055327","1.69434584839243","3.14190833913634","0.0906615726011658","0.0991800227814547","0.07362163229335"
"cc","1.02859110480106","2.06555556778662","3.07001999185935","0.970771120514521","0.0440442524853415","0.0464032026631186","0.0349056862807827"
"ipw","1.02636317947139","2.06428271800521","3.07152432963085","0.97077692218536","0.047185962961194","0.0468562092195113","0.035852994659325"
"ipw-w","1.08489318021997","2.00548800883858","3.03130545721048","0.973861292565889","0.0501901188990567","0.0536284049706743","0.0379290399693922"
"mle","1.02311064111745","2.06308216514311","3.06011419668551","0.973671689992955","0.0400294871246498","0.0422147283880901","0.0311532846632338"
"mle-w","1.02311064111745","2.06308216514311","3.06011419668551","0.973671689992955","0.0400294871246498","0.0422147283880901","0.0311532846632338"
