"Method","beta0.x","beta1.x","beta2.x","sigma.x","beta0.y","beta1.y","beta2.y"
"oracle","0.962742557790458","1.9713937582817","3.00759994704127","0.980464186754087","0.0309597913866481","0.0313458180882136","0.0256610312467192"
"naive","-0.31438737080618","1.26616104283599","1.39789257543","3.25553792034162","0.0960083094664889","0.106030811133229","0.0798536364934953"
"cc","0.955729132481068","1.98100207491824","3.01460312006448","0.996945458375546","0.0449450353575757","0.0459469777798927","0.0362885741647021"
"ipw","0.945375759988999","1.97358516227717","2.99263965171618","0.997447561856936","0.046807141375624","0.0491525704780904","0.0388181392412616"
"ipw-w","0.95301361941773","1.96348253057665","3.03020613767065","0.997405814694801","0.0569907226966302","0.0576190823822766","0.0425770846394604"
"mle","0.919545762468353","1.94188212536189","3.02379826942897","1.00880212992967","0.0408962549121863","0.0419833999848485","0.0325395244050282"
"mle-w","0.919545762468353","1.94188212536189","3.02379826942897","1.00880212992967","0.0408962549121863","0.0419833999848485","0.0325395244050282"
