"Method","beta0.x","beta1.x","beta2.x","sigma.x","beta0.y","beta1.y","beta2.y"
"oracle","1.01798465848302","2.01832355162584","3.0184516375623","0.989645984552641","0.0313080127701423","0.0326742523351014","0.0224059125247999"
"naive","-0.426767990819285","1.08099351039089","1.63653909398434","3.1665578750113","0.0944301235726056","0.108678126790116","0.0795932079061885"
"cc","0.98028914147578","1.97516183407972","2.99842610231525","1.0104677234627","0.0475324363469401","0.0470172414556317","0.0350775382571622"
"ipw","0.981645250963943","1.95059756207699","3.00310578464815","1.01082350529933","0.0480705140363255","0.0503029419011201","0.0372538928347773"
"ipw-w","0.969373565067787","1.98588920858954","2.95832498898833","1.01237833021771","0.0557463989214809","0.0625463175431562","0.0420031808329036"
"mle","1.01770008230908","1.97776634902988","3.01883036932162","1.02578347147522","0.0422269100823325","0.0423093976051878","0.030535966506494"
"mle-w","1.01770008230908","1.97776634902988","3.01883036932162","1.02578347147522","0.0422269100823325","0.0423093976051878","0.030535966506494"
