"Method","beta0.x","beta1.x","beta2.x","sigma.x","beta0.y","beta1.y","beta2.y"
"oracle","0.995731840398096","1.93243773643285","2.96935178373465","1.03663936725304","0.0327792808433462","0.0330567334827491","0.0244267272652508"
"naive","-0.410574515950369","1.27680398178253","1.62943064734647","3.15836323406335","0.0953484933847705","0.101720328030855","0.0773767042994496"
"cc","1.04896387539338","1.91735493280998","2.94146857508555","1.04486412305928","0.0464114922045501","0.0475299830519029","0.0360406513933038"
"ipw","1.04925728814116","1.92531620860554","2.92028324271393","1.04538171102082","0.0489211235371385","0.0494014725907563","0.0364534453427885"
"ipw-w","1.06055504910398","1.98418654514901","2.97864100394876","1.04734157394021","0.0552304167128645","0.0561281407343888","0.0441432784231192"
"mle","1.02448425864692","1.92723188556","2.97052421385205","1.04408351667499","0.0421859933062291","0.0432609128476049","0.0322720606560078"
"mle-w","1.02448425864692","1.92723188556","2.97052421385205","1.04408351667499","0.0421859933062291","0.0432609128476049","0.0322720606560078"
