"Method","beta0.x","beta1.x","beta2.x","sigma.x","beta0.y","beta1.y","beta2.y"
"oracle","1.03858171847088","2.04338354904033","2.99890830352279","0.991959916225405","0.0314141735526138","0.0328054479768182","0.0255233500924997"
"naive","-0.245752085120645","1.3846299804845","1.58614295363771","2.99593110402799","0.0837599266952942","0.101098073324735","0.07866263416114"
"cc","1.00277701552702","2.0253709060069","2.97816441568129","0.989126211873921","0.0435282756184455","0.0451546440791518","0.0362345875850928"
"ipw","1.01652961668597","2.00830459807025","2.97300315441035","0.989341096812966","0.0449274976277208","0.0454597502421823","0.0372046975040625"
"ipw-w","1.01511613215103","2.01517753247572","2.95680765048397","0.989535444998261","0.051833865072232","0.0533403091141197","0.0445138260617765"
"mle","1.05215486845125","2.01194473536494","2.96232569780178","0.993912714268676","0.0396624591283286","0.0414850248333191","0.0330281063872955"
"mle-w","1.05215486845125","2.01194473536494","2.96232569780178","0.993912714268676","0.0396624591283286","0.0414850248333191","0.0330281063872955"
