"Method","beta0.x","beta1.x","beta2.x","sigma.x","beta0.y","beta1.y","beta2.y"
"oracle","0.955336084433931","2.05539913880048","3.02110215051935","0.97005801106827","0.0306691826669929","0.0312134837263187","0.0251456715072849"
"naive","-0.398545041684772","1.41158417027691","1.50723748756618","3.12751436910529","0.088152549212737","0.104403161798545","0.0781692160539266"
"cc","1.00326554982146","2.02783093211101","3.00713088836133","0.934218665255127","0.0427530872637969","0.0424975334553776","0.0331915846458567"
"ipw","1.02469924270639","2.02870202469084","3.00339475712321","0.934460549931485","0.0417484364890307","0.0401291907982636","0.0308272575645573"
"ipw-w","1.06103652531885","1.98731965525701","2.97825222194332","0.93661843276084","0.0513941089415246","0.0489066638197777","0.0377298902255994"
"mle","1.0025330620691","2.02684372176062","2.99539948455819","0.939047201127281","0.0386789052780375","0.0384863856483752","0.0303243361636102"
"mle-w","1.0025330620691","2.02684372176062","2.99539948455819","0.939047201127281","0.0386789052780375","0.0384863856483752","0.0303243361636102"
