"Method","beta0.x","beta1.x","beta2.x","sigma.x","beta0.y","beta1.y","beta2.y"
"oracle","0.985009821457181","1.93114221668838","2.9632213311438","0.97103069051519","0.0307676305215852","0.0325061596553881","0.0234434041357762"
"naive","-0.350912007406524","1.41572514037722","1.63398314663341","3.12127581492308","0.0910233592345704","0.1078896865175","0.0796203660559917"
"cc","1.01087172439416","1.93459252965647","2.92888112129017","0.938220156865119","0.0416422987320077","0.0427407814178237","0.0319381817183376"
"ipw","1.01014564256495","1.97111900479324","2.92200751079248","0.939110217862448","0.0441310146757897","0.0444696544147838","0.0332493345121796"
"ipw-w","1.02527491820986","1.96017747411157","2.90696809639657","0.939381904691931","0.0480934336247929","0.0513282120284366","0.0372690573167628"
"mle","0.972667376292276","1.96735893341595","2.96675362149518","0.94764782304029","0.0386721113784704","0.0399589863630892","0.0282728608790474"
"mle-w","0.972667376292276","1.96735893341595","2.96675362149518","0.94764782304029","0.0386721113784704","0.0399589863630892","0.0282728608790474"
