"Method","beta0.x","beta1.x","beta2.x","sigma.x","beta0.y","beta1.y","beta2.y"
"oracle","0.963036514187131","1.99447377695223","2.96763055340469","1.01868905393668","0.0322056901143139","0.033690416072491","0.0253461511340093"
"naive","-0.442483494256479","1.33809849247345","1.54993498707686","3.24330956271917","0.0898030728191624","0.105829790440763","0.0771589738716148"
"cc","1.01828001698815","2.03668302044775","2.96849870604413","1.01698053995288","0.0480479570053266","0.0513285572415104","0.0382350289698367"
"ipw","1.00407856109288","2.01647723548596","2.96929458939991","1.01725384615736","0.0490298949490987","0.0577913793981006","0.0371319306705294"
"ipw-w","1.03133109204938","2.01013862603741","2.96891836325779","1.01744595287395","0.0539530579900171","0.0590920405507676","0.0419392165373269"
"mle","1.00284639256991","2.03275099832319","2.97793643198342","1.00878525436543","0.0416749304800495","0.0446329609852845","0.0322144469508984"
"mle-w","1.00284639256991","2.03275099832319","2.97793643198342","1.00878525436543","0.0416749304800495","0.0446329609852845","0.0322144469508984"
