"Method","beta0.x","beta1.x","beta2.x","sigma.x","beta0.y","beta1.y","beta2.y"
"oracle","0.998584854418069","2.04932778904084","2.97587162657799","1.03090974589199","0.0326022156125294","0.0343965216331878","0.0238687798389711"
"naive","-0.325471819340117","1.33438082213035","1.65336442502655","3.29374628250474","0.0955339126793865","0.113837813729924","0.0786500008962078"
"cc","0.993120075759219","1.98378290898727","2.98248268826366","1.02805480112086","0.0471368014082925","0.0485835643264993","0.0339547965936763"
"ipw","1.00262519651079","1.99775120490439","2.96461813611926","1.02858506659347","0.0487504750448915","0.0491312513402816","0.0370648794060321"
"ipw-w","0.991970755368431","1.96562433797053","2.97996296138681","1.02818924335678","0.0560680456209418","0.0552024822332013","0.0346599268308852"
"mle","0.980988999570571","2.04451550991011","3.00783668093992","1.02652608397255","0.0418815624893574","0.0436748415599918","0.029669650880671"
"mle-w","0.980988999570571","2.04451550991011","3.00783668093992","1.02652608397255","0.0418815624893574","0.0436748415599918","0.029669650880671"
