"Method","beta0.x","beta1.x","beta2.x","sigma.x","beta0.y","beta1.y","beta2.y"
"oracle","0.988360977640878","1.93674283615627","2.92359179312015","1.00704740732008","0.0318294423066834","0.03329675447775","0.0235977575524186"
"naive","-0.382357699788549","1.33775326542901","1.6278353322755","3.00976915656531","0.088695921073275","0.0961905416729465","0.0730330106760494"
"cc","1.00059977320141","1.93225562232975","2.90966667431497","1.00658301969378","0.0459273719482375","0.0435426439553483","0.0353052329967391"
"ipw","0.990945554183503","1.92564076752558","2.91663596294685","1.00670602444164","0.0467888401145291","0.0472310950913519","0.0370575502051812"
"ipw-w","1.01209738613316","1.92888986895913","2.92072589617234","1.00681852085082","0.0509668381501897","0.0560584069903586","0.04404554519784"
"mle","0.993782204907208","1.95539654011651","2.92209722374333","1.00495699077564","0.0409071946455567","0.0396357283930859","0.033028363324811"
"mle-w","0.993782204907208","1.95539654011651","2.92209722374333","1.00495699077564","0.0409071946455567","0.0396357283930859","0.033028363324811"
