"Method","beta0.x","beta1.x","beta2.x","sigma.x","beta0.y","beta1.y","beta2.y"
"oracle","0.976905809586553","2.00286911124979","2.99952343797439","1.0164075683492","0.0322879491351648","0.0367024358224032","0.0242093746244807"
"naive","-0.359268770463076","1.21127005067913","1.7636139448848","3.03677374874035","0.0889716883796304","0.106716589610455","0.0769665528372009"
"cc","0.937848500299082","2.0397872682419","3.05041175207598","1.01026727440478","0.0454522277877026","0.0498334441083438","0.0353894686818515"
"ipw","0.951487773094067","2.0053193682944","3.0532710502474","1.01102334860277","0.0512294848033364","0.0621756131516377","0.0407976947126333"
"ipw-w","0.963474182045561","2.03659816992655","3.07056925125246","1.01120043677898","0.0521499409804189","0.0584058031353372","0.043590748676793"
"mle","0.961349694167313","2.0152716638898","3.01689718521944","1.00738790267992","0.0406175265075954","0.045598276310144","0.0309262670848201"
"mle-w","0.961349694167313","2.0152716638898","3.01689718521944","1.00738790267992","0.0406175265075954","0.045598276310144","0.0309262670848201"
