"Method","beta0.x","beta1.x","beta2.x","sigma.x","beta0.y","beta1.y","beta2.y"
"oracle","0.963771970487519","1.97105226040866","2.96672080607094","0.985002519723121","0.0312409322379801","0.035435638479267","0.0243413048811359"
"naive","-0.446136101155226","1.38991076821731","1.49139376767831","3.1292004491691","0.0890512986088466","0.11705977969157","0.0718149792729167"
"cc","0.971898127170852","1.96199679087027","2.94189081464458","0.924049429422682","0.0431119443088842","0.0473020387870702","0.0324137811814602"
"ipw","0.978764694927404","1.96227351966497","2.95534233155734","0.92427785859511","0.0442494916095741","0.0485857500445232","0.0354005732020471"
"ipw-w","0.970200897218739","1.98217099835149","2.94827655715426","0.924235500155739","0.0495770335771366","0.0523439379293452","0.0391381430873569"
"mle","0.978063907698327","1.94802651571638","2.926010669678","0.930442328255761","0.0775360953494165","0.0500489342291158","0.0362528855336621"
"mle-w","0.978063907698327","1.94802651571638","2.926010669678","0.930442328255761","0.0775360953494165","0.0500489342291158","0.0362528855336621"
