"Method","beta0.x","beta1.x","beta2.x","sigma.x","beta0.y","beta1.y","beta2.y"
"oracle","1.05610287734541","1.9244518088238","2.96641608740202","1.05930009999158","0.0335006797969151","0.0379079434687384","0.0251825214337005"
"naive","-0.311263458838623","0.975572754642293","1.49503906200645","3.11808095455549","0.0913535350836862","0.104819083420501","0.0751243774941566"
"cc","1.02401175634536","1.91803610046714","2.9749264321898","1.0778943270787","0.049118471891696","0.0540934543560515","0.0359977038236633"
"ipw","1.01265550228926","1.93898262910233","2.98587572669371","1.07813711917491","0.0500535426252631","0.0538016382641139","0.0363099874059344"
"ipw-w","1.03758475851979","1.95905461072234","2.96390949820271","1.07910415437542","0.0564048715676937","0.0655136001845188","0.0505461810978022"
"mle","1.02205165304018","1.92532368681628","2.96936045004221","1.07397322341817","0.0435972549485966","0.0478595116372251","0.0315721966071016"
"mle-w","1.02205165304018","1.92532368681628","2.96936045004221","1.07397322341817","0.0435972549485966","0.0478595116372251","0.0315721966071016"
