"Method","beta0.x","beta1.x","beta2.x","sigma.x","beta0.y","beta1.y","beta2.y"
"oracle","1.01424752036395","2.03094856733196","3.01591277409381","0.957941608217484","0.030350835201074","0.0318267752743922","0.0221786095492255"
"naive","-0.404686004665207","1.23251348491791","1.45062893482793","3.23641797021914","0.0953696848374941","0.113889389118165","0.0731629563958129"
"cc","1.02988450562125","2.06152974380101","3.04960844762357","0.955691416666034","0.0440023324162039","0.0488973753157272","0.033181789987935"
"ipw","1.02114965541977","2.10236503954461","3.09248008182573","0.957307848251567","0.0469101874957642","0.0592100058366161","0.0426425186170912"
"ipw-w","1.06516235804078","2.09648053903916","3.0618572747159","0.95692827704048","0.0528580704875152","0.0577106023257623","0.0360156955894947"
"mle","1.01513910205308","2.05669249730215","3.07190557686729","0.967288844968957","0.0401048925466382","0.0439310368823348","0.0295220487612792"
"mle-w","1.01513910205308","2.05669249730215","3.07190557686729","0.967288844968957","0.0401048925466382","0.0439310368823348","0.0295220487612792"
