"Method","beta0.x","beta1.x","beta2.x","sigma.x","beta0.y","beta1.y","beta2.y"
"oracle","1.05636775949605","2.05909923903459","3.02978600046329","1.04590864592471","0.033165028446807","0.0353928391943118","0.0259528457541809"
"naive","-0.482677448720295","1.35096277178615","1.69274316611348","3.1883601184138","0.0926846999294091","0.115425863811273","0.0742050962661281"
"cc","1.08213444647764","1.9973726952761","3.02195052059873","1.05196621839572","0.0485344066045874","0.0551004754805776","0.0396951233921657"
"ipw","1.07452185775105","1.99795195307492","3.04306954597787","1.05239568275944","0.0514809882286427","0.0565488713656461","0.0449317867531385"
"ipw-w","1.04562425524602","2.05656093201492","3.0544617855179","1.05387081047049","0.0545232491467792","0.0676172073855535","0.0484383995100468"
"mle","1.10886124924278","1.98614712774641","3.00048849329239","1.04276141235742","0.0431556446604182","0.0478759322738803","0.0347485086335807"
"mle-w","1.10886124924278","1.98614712774641","3.00048849329239","1.04276141235742","0.0431556446604182","0.0478759322738803","0.0347485086335807"
