"Method","beta0.x","beta1.x","beta2.x","sigma.x","beta0.y","beta1.y","beta2.y"
"oracle","0.987095343750122","2.00367053959842","3.01897915524113","0.985631312235868","0.0311699628751244","0.0341810464201787","0.0221640046613118"
"naive","-0.303619428687176","1.29549252690066","1.64994367498727","3.1417261236565","0.0913426960719406","0.104916961176649","0.0721012453981648"
"cc","1.05737745574653","2.00630630119332","2.99273095649513","0.977583373358415","0.0441211538663076","0.0458027688023526","0.031820526736167"
"ipw","1.07011986115464","2.01827486918767","2.99021149157319","0.977753863121775","0.0472079585352007","0.0559087283393705","0.0387019026808076"
"ipw-w","1.01666492376692","2.0188602630403","3.00108817188974","0.9784236184067","0.0561146899975558","0.0584200321524952","0.0370192667917229"
"mle","1.03882114106694","2.01312101173101","3.0090186748425","0.971433884189608","0.0386753660215063","0.0412866197772117","0.0283864724196364"
"mle-w","1.03882114106694","2.01312101173101","3.0090186748425","0.971433884189608","0.0386753660215063","0.0412866197772117","0.0283864724196364"
