"Method","beta0.x","beta1.x","beta2.x","sigma.x","beta0.y","beta1.y","beta2.y"
"oracle","1.02116274650152","1.96389466865749","2.96386993706849","0.985651846028982","0.0311893075095123","0.0332304705917899","0.023606198103097"
"naive","-0.374977730039627","1.34608025770346","1.53722319162458","3.13839399264498","0.0918198709268851","0.108169146579417","0.0807174937082525"
"cc","1.03014075116673","1.97756191992688","2.94994360938055","1.00204938407979","0.0461761072363757","0.0509720896832627","0.033463814743767"
"ipw","1.02314378495176","1.98088578625301","2.95517558145066","1.00208732606712","0.0467848552299454","0.05138823610632","0.032756323121379"
"ipw-w","0.99296816976102","2.01809823525091","2.942458434292","1.00372758449745","0.0583127484377976","0.0645123518016488","0.0424115031535076"
"mle","1.02378761415602","1.96980296094081","2.96409573484278","1.00874983312171","0.0414211119932669","0.0446778818260515","0.0298345709521087"
"mle-w","1.02378761415602","1.96980296094081","2.96409573484278","1.00874983312171","0.0414211119932669","0.0446778818260515","0.0298345709521087"
