"Method","beta0.x","beta1.x","beta2.x","sigma.x","beta0.y","beta1.y","beta2.y"
"oracle","1.00274517450544","1.96305716234526","2.99917287662548","1.00087688356775","0.0317835978883161","0.0347464061386003","0.0234044994297326"
"naive","-0.303699884823375","1.17413688218172","1.69129202160795","3.12476042854563","0.0892679047381452","0.108816430476888","0.0715556057854264"
"cc","0.994069397626412","1.98004775226388","3.02576020089674","1.00789630627163","0.0461502726807798","0.0513948558355186","0.0335927443295991"
"ipw","0.993590305277971","1.9807819049092","3.03635474954626","1.00801186961611","0.0472651752423132","0.0532701946420617","0.0358935122619035"
"ipw-w","0.99660546658067","1.95789772833951","3.0282445379257","1.00815021235493","0.0557408001148612","0.0621371776325063","0.0501500736365856"
"mle","0.995570792360338","1.95629514113642","3.02015555884733","1.002253626085","0.0775418829759079","0.0470370656457557","0.0375114786628327"
"mle-w","0.995570792360338","1.95629514113642","3.02015555884733","1.002253626085","0.0775418829759079","0.0470370656457557","0.0375114786628327"
