"Method","beta0.x","beta1.x","beta2.x","sigma.x","beta0.y","beta1.y","beta2.y"
"oracle","0.994569386927898","1.95300076917489","2.99110925623866","0.987120247489668","0.0313052576931963","0.0351998815586925","0.0235122563418632"
"naive","-0.380880675178512","1.35622331532029","1.61809131090204","3.12014178234055","0.0887542580070508","0.122095450199964","0.0762445802853561"
"cc","0.971463024954209","1.982977843425","2.9931418526391","0.976575770446207","0.0428923856843173","0.0502347634619894","0.0334130010443148"
"ipw","0.944853048266594","1.96777092535688","2.99833790753472","0.977108210602722","0.0432737206686068","0.051304841292401","0.0310199089527362"
"ipw-w","0.95519112724744","1.97691419076802","2.97748240220674","0.977002384724826","0.0536103571853913","0.0599368645828168","0.0480356336957448"
"mle","0.977709611630998","1.95274321015306","2.97705235026874","0.973340631667542","0.0390638294466479","0.0452512557879832","0.0300375100505535"
"mle-w","0.977709611630998","1.95274321015306","2.97705235026874","0.973340631667542","0.0390638294466479","0.0452512557879832","0.0300375100505535"
