"Method","beta0.x","beta1.x","beta2.x","sigma.x","beta0.y","beta1.y","beta2.y"
"oracle","1.02053109782915","1.94033600827366","2.98314549705484","0.985670508201781","0.031158751849511","0.0335954424498746","0.0254873855584389"
"naive","-0.309118761863614","1.34482382598114","1.64429528623006","3.19316174281686","0.0874210613422308","0.106602059296529","0.0868472959912627"
"cc","1.0349464550112","1.9147283332891","2.9775739923418","0.961076137294138","0.0416992409684568","0.0469940343187797","0.034077413312121"
"ipw","1.02805303942673","1.90520175736983","2.97562747082481","0.961148053297651","0.0433032186935414","0.0496373783587992","0.0331072431492922"
"ipw-w","1.0066431620948","1.86408038745002","2.96548037815615","0.962807020944083","0.0472108857225565","0.0546518409321287","0.0435019036219678"
"mle","1.03871965513571","1.92426603391338","2.97957081161438","0.963573242920739","0.0383743088227771","0.0421965971750766","0.030644461687296"
"mle-w","1.03871965513571","1.92426603391338","2.97957081161438","0.963573242920739","0.0383743088227771","0.0421965971750766","0.030644461687296"
