"Method","beta0.x","beta1.x","beta2.x","sigma.x","beta0.y","beta1.y","beta2.y"
"oracle","1.01028470079237","2.00158964497587","2.99302591728199","0.949612979904674","0.0301628852038006","0.031951220677088","0.0219561305607679"
"naive","-0.293788167033784","1.49955937394116","1.67495945637206","3.20332785377131","0.0917555955455125","0.109641602076864","0.0862132731525339"
"cc","1.00426245812702","1.97463838486654","3.00585590868126","0.935229062820813","0.0418098997268456","0.0455827288970413","0.0303615143589653"
"ipw","0.999027090533345","1.99215057132831","3.02169699970759","0.935496245248124","0.0420062821953806","0.0440645986172544","0.0300095125904847"
"ipw-w","1.02860489562073","1.96181086752372","2.99862888246238","0.935560850375058","0.049018649445109","0.0518149928592652","0.0354822697699087"
"mle","1.01156034353827","1.98209649813762","3.00251132671511","0.937763223600647","0.0382842198985946","0.0410737564464239","0.027582402350752"
"mle-w","1.01156034353827","1.98209649813762","3.00251132671511","0.937763223600647","0.0382842198985946","0.0410737564464239","0.027582402350752"
