"Method","beta0.x","beta1.x","beta2.x","sigma.x","beta0.y","beta1.y","beta2.y"
"oracle","1.01329307412804","1.95960231155923","2.9929251902335","1.02162932240764","0.0323844435972993","0.0336491068531389","0.0250701284507556"
"naive","-0.326297566674787","1.17092748078461","1.63703086646977","3.2845341764515","0.0966333179098896","0.105407158437216","0.0829312287962439"
"cc","1.11623825609559","1.8818779332338","2.91835168291463","1.00043226075298","0.0471723908146598","0.048612341643251","0.036305004978278"
"ipw","1.12304607397526","1.8707133053185","2.91485324958059","1.00050393824848","0.0494646073622716","0.0501337799293961","0.0382822408505338"
"ipw-w","1.10250142573172","1.89812652633848","2.91248930258778","1.00078199177884","0.0603020803821547","0.0563878941090826","0.0425743472390014"
"mle","1.08175860938514","1.89975921933495","2.96686493522707","1.01940632280669","0.0430852849729691","0.0445260133933302","0.0314014428576023"
"mle-w","1.08175860938514","1.89975921933495","2.96686493522707","1.01940632280669","0.0430852849729691","0.0445260133933302","0.0314014428576023"
