"Method","beta0.x","beta1.x","beta2.x","sigma.x","beta0.y","beta1.y","beta2.y"
"oracle","0.982896463078991","1.99594533929558","2.98878392044251","1.00073132315764","0.031779851108573","0.0320642741458695","0.0244269047093482"
"naive","-0.251249495618027","1.48979082297948","1.74640487657567","3.04774697192075","0.0860191684031328","0.100888554867349","0.0765097248558871"
"cc","0.917783699684624","1.99842815292267","2.99570124465621","0.985977758669829","0.0439894788222514","0.0415015502049836","0.0336413523379268"
"ipw","0.933123276246341","2.00893807634858","3.00015913792229","0.986176181890798","0.048597034153627","0.0488172112875357","0.0411792976958304"
"ipw-w","0.922414084019684","1.95845846780134","2.95174255534528","0.987842981549924","0.0525068688447046","0.0535583880755298","0.0395924828690971"
"mle","0.927020134672168","2.00632233500383","2.99614896622131","0.980760722115305","0.0394234419033849","0.0381271640986782","0.0296540906401209"
"mle-w","0.927020134672168","2.00632233500383","2.99614896622131","0.980760722115305","0.0394234419033849","0.0381271640986782","0.0296540906401209"
