"Method","beta0.x","beta1.x","beta2.x","sigma.x","beta0.y","beta1.y","beta2.y"
"oracle","1.04658705389006","1.94227863007288","2.96463646812989","0.983428182368817","0.0311334830068131","0.0306754187214731","0.0242379638147455"
"naive","-0.343998072096183","1.40760181153396","1.56769797556305","3.08102889075534","0.0878126951813831","0.101009835560329","0.086545415862621"
"cc","1.01812472349091","1.92184201391689","2.96365509747632","1.00543836501531","0.0456196771850606","0.0436056232934756","0.0347682700399111"
"ipw","1.00067434716938","1.93894708145542","2.99097662126612","1.00604230083246","0.0455589462988497","0.0441624010722383","0.0365981154756741"
"ipw-w","1.01824461123992","1.91642814120257","2.94119762371083","1.00584439667722","0.0576275417465008","0.05160096775733","0.0407349341442802"
"mle","1.01935139318853","1.98421793220003","2.94121782491719","1.01518420851613","0.0410009324370736","0.0398517445434818","0.0304507469609609"
"mle-w","1.01935139318853","1.98421793220003","2.94121782491719","1.01518420851613","0.0410009324370736","0.0398517445434818","0.0304507469609609"
