"Method","beta0.x","beta1.x","beta2.x","sigma.x","beta0.y","beta1.y","beta2.y"
"oracle","0.991930244557359","2.0145443230422","3.02357083502883","0.962508116329883","0.0304553382727529","0.0318460949497202","0.0221043681473829"
"naive","-0.4790295229768","1.30413847536625","1.62712281840376","3.16404894437243","0.0923295295799693","0.108261116636306","0.0763740624515598"
"cc","0.944959852088051","2.04561145044207","3.06949290968681","0.983893974702556","0.0451500562880334","0.045098450437392","0.0326219925077059"
"ipw","0.924712623070694","2.05582378147931","3.09758086163479","0.98470110010498","0.0477505033086643","0.0492964734090951","0.0385489583652301"
"ipw-w","0.961302073382492","2.01994608688723","3.0919387236472","0.985270945896533","0.0543275199590884","0.0531275380148794","0.0385838955259354"
"mle","0.978677104911527","2.0516879824336","3.05731263257961","0.988284504387659","0.0407236877069855","0.0364413646309512","0.0294746328514291"
"mle-w","0.978677104911527","2.0516879824336","3.05731263257961","0.988284504387659","0.0407236877069855","0.0364413646309512","0.0294746328514291"
