"Method","beta0.x","beta1.x","beta2.x","sigma.x","beta0.y","beta1.y","beta2.y"
"oracle","1.02637177740952","2.03978944763832","3.02749921911321","1.01542726190794","0.0320564168302717","0.0357173595245278","0.0254144117987733"
"naive","-0.221825408820931","1.36410815107564","1.56387133557537","3.22639865095619","0.0934990738007594","0.114352619810013","0.0873363405241511"
"cc","0.944094899496949","2.04754008528695","3.06424191080556","1.00988410130176","0.045295850135618","0.0506152713784782","0.0368026933904948"
"ipw","0.950726127301024","2.03168840681096","3.08092368616482","1.01042412946858","0.0468962652998288","0.0517938758289421","0.0384920560351056"
"ipw-w","0.943219136938553","2.02732468889755","3.037336091039","1.01049779281822","0.0517140784364479","0.0666316652680274","0.0434483531397413"
"mle","1.00040627649976","2.0622292962777","3.03392888905149","1.02343508204881","0.041363667439159","0.0447444453729261","0.0334117967674861"
"mle-w","1.00040627649976","2.0622292962777","3.03392888905149","1.02343508204881","0.041363667439159","0.0447444453729261","0.0334117967674861"
