"Method","beta0.x","beta1.x","beta2.x","sigma.x","beta0.y","beta1.y","beta2.y"
"oracle","1.0359645735741","1.93265936193932","2.96737555957195","0.99698337274809","0.0314983849966371","0.0321012480733846","0.024008202966538"
"naive","-0.247282159589268","1.4680581375284","1.76398512915842","3.02352923207325","0.0892776216941336","0.105936665634278","0.0742570459926273"
"cc","1.03311193022832","1.96634180783949","2.95762810832598","1.00787615436492","0.0451959262437388","0.0466488608001775","0.0352046082890966"
"ipw","1.02107994506095","1.94364503117072","2.95649423874585","1.00821431479686","0.0483046582412856","0.0504945139219327","0.0379239933295769"
"ipw-w","1.01778482849382","1.98766885624439","2.99374635562521","1.0089081819354","0.0551363469868877","0.0584368899455932","0.0451491064639479"
"mle","0.987742181480938","1.97292571266179","2.99113973441269","1.00785613057793","0.0405839405627687","0.0424006871342709","0.0318197960235622"
"mle-w","0.987742181480938","1.97292571266179","2.99113973441269","1.00785613057793","0.0405839405627687","0.0424006871342709","0.0318197960235622"
