"Method","beta0.x","beta1.x","beta2.x","sigma.x","beta0.y","beta1.y","beta2.y"
"oracle","1.02353964319666","1.98267537051802","3.02551006090092","0.972824095000436","0.03075283948035","0.0342236844210456","0.0234258157306738"
"naive","-0.411620793210909","1.33466827464187","1.75820067097955","3.0955005608415","0.0890767338042405","0.108993498299176","0.0741013985358571"
"cc","0.999966156419105","2.04678404452134","3.04302587044903","1.00176821802789","0.0459683357530959","0.0494795959921167","0.0350298555849671"
"ipw","1.00458579228144","2.02468600065397","3.04721906915526","1.00208233576891","0.0491639135626672","0.051279480125782","0.0376259120277248"
"ipw-w","0.997791587621617","2.09695437847907","3.08731405271018","1.00386280974838","0.0545528973046497","0.0552103447203644","0.0463756994310157"
"mle","0.988710820242027","2.02180545121896","3.04032318123336","0.993589809292097","0.0404855195183211","0.0448712580599902","0.0311656881623688"
"mle-w","0.988710820242027","2.02180545121896","3.04032318123336","0.993589809292097","0.0404855195183211","0.0448712580599902","0.0311656881623688"
