"Method","beta0.x","beta1.x","beta2.x","sigma.x","beta0.y","beta1.y","beta2.y"
"oracle","1.06456736618615","2.00013825467873","2.99147632405816","0.972784003568526","0.0307928522492808","0.0327021483258484","0.0228404576101537"
"naive","-0.381650689383598","1.38630250145236","1.5753317327224","3.1605922507074","0.0945493847929847","0.101679757288584","0.0745789933169144"
"cc","1.00506551502337","1.94182515051991","2.95077909427892","0.960865263837895","0.0452176036408815","0.0440407525040264","0.0366273080917427"
"ipw","0.988666169084451","1.95896785862015","3.00593661358845","0.963325655557154","0.0497766922783499","0.05225152534596","0.0412613788692981"
"ipw-w","1.01531875543262","1.94893706897393","2.91676731186971","0.962049793593356","0.0536304450397119","0.0504296411250446","0.0450632214698826"
"mle","1.03709144438407","1.96875553152396","2.97239183235132","0.984438295254603","0.0406541199576483","0.0405399341923787","0.031637861251476"
"mle-w","1.03709144438407","1.96875553152396","2.97239183235132","0.984438295254603","0.0406541199576483","0.0405399341923787","0.031637861251476"
