"Method","beta0.x","beta1.x","beta2.x","sigma.x","beta0.y","beta1.y","beta2.y"
"oracle","0.995704241335363","2.03274610824774","3.04632528904967","1.01568572574319","0.0321179228004145","0.0364529198932496","0.0241825766351641"
"naive","-0.320034391632085","1.4361918836124","1.54149824157621","3.34501109517091","0.0954974588013247","0.114832216044676","0.0848514477721385"
"cc","1.03769235613453","2.02168412791406","3.02876209864517","1.00465328108269","0.0446773484026756","0.051391200106023","0.0353033915377414"
"ipw","1.02684810722511","2.04444312957024","3.06103404341933","1.00554241614531","0.0477948716494178","0.0544603536936577","0.045960445420549"
"ipw-w","1.05125362817865","2.01331067392796","3.03882554935534","1.00494978614189","0.0554524724812287","0.0613222848696887","0.0420223450318683"
"mle","1.00902764197344","2.05289291163239","3.04157232780691","1.00257182827476","0.0410162830084854","0.0456721088104519","0.0313775613305955"
"mle-w","1.00902764197344","2.05289291163239","3.04157232780691","1.00257182827476","0.0410162830084854","0.0456721088104519","0.0313775613305955"
