"Method","beta0.x","beta1.x","beta2.x","sigma.x","beta0.y","beta1.y","beta2.y"
"oracle","1.02088480155769","2.00284340513392","3.01261538193296","0.995944330328679","0.0315887100339896","0.0320475973341416","0.0230735253627574"
"naive","-0.516891137667711","1.3321906559359","1.68314366008138","3.21981894039761","0.0944261037348164","0.108311779641753","0.0795335137944797"
"cc","1.05317504703803","1.9505798624512","2.99542929221666","1.01499591594183","0.0463133593613395","0.0490093563571133","0.0363785202865666"
"ipw","1.05604509442464","1.95539573359869","3.00187223777102","1.01503912514258","0.0465522157738127","0.0494205310237095","0.0373702621849378"
"ipw-w","1.09015714998491","1.9013326006207","2.97430155987544","1.0165031087136","0.0536043454579071","0.0525000972532103","0.0401582369461983"
"mle","1.03492844927287","1.99071537417999","3.01453258223928","1.00580415887917","0.0441421749472912","0.0401288090206351","0.0283581392785939"
"mle-w","1.03492844927287","1.99071537417999","3.01453258223928","1.00580415887917","0.0441421749472912","0.0401288090206351","0.0283581392785939"
