"Method","beta0.x","beta1.x","beta2.x","sigma.x","beta0.y","beta1.y","beta2.y"
"oracle","0.942352733077772","2.05635031098371","3.04581238159302","0.995529095968264","0.0314651724973398","0.0335892114270253","0.0243126226566004"
"naive","-0.578441760507783","1.22726747684967","1.58115328267758","3.26399946623419","0.0930072021827081","0.111228304001749","0.075118112161509"
"cc","0.959110758705474","2.0913454522828","3.04059888925979","0.997243156079294","0.0462920891129109","0.0455528086041705","0.0340883912665632"
"ipw","0.941550043999494","2.09408408201147","3.05413754322865","0.997525106429361","0.0488178230553866","0.0489967331479068","0.0362361206625821"
"ipw-w","0.932141269562044","2.06538086779025","3.02883060300339","0.998040058243182","0.0555779763923403","0.0544354569831995","0.0421300681798896"
"mle","0.963119483540666","2.05709296927884","3.0291480447821","0.98378459158034","0.0408189557758097","0.0417872634360798","0.0298844803937244"
"mle-w","0.963119483540666","2.05709296927884","3.0291480447821","0.98378459158034","0.0408189557758097","0.0417872634360798","0.0298844803937244"
