"Method","beta0.x","beta1.x","beta2.x","sigma.x","beta0.y","beta1.y","beta2.y"
"oracle","0.980032006000264","1.95872998943945","3.00690191969081","1.00592663132092","0.0317818887738253","0.0362492436599592","0.0257412193281542"
"naive","-0.31893479197589","1.30641284393705","1.65948542799367","3.03667815665766","0.0859473397079976","0.106515906905327","0.0745430396196325"
"cc","1.01587814188101","2.04094554805462","3.02611053841766","1.02672018130395","0.0460256047260384","0.050943729931288","0.0366943825734248"
"ipw","1.00291649518684","2.07486538564279","3.03716944501921","1.02721103997383","0.0488138366637638","0.0547466271400337","0.0438368800794953"
"ipw-w","0.974149032568431","2.06337496626154","3.03308783157418","1.0276881668318","0.0514838150863018","0.0584280255068338","0.0422280042721625"
"mle","1.01804395137322","2.00026859517479","3.01361150524937","1.02436552472087","0.0297877197866032","0.105295407649863","0.0968302750221968"
"mle-w","1.01804395137322","2.00026859517479","3.01361150524937","1.02436552472087","0.0297877197866032","0.105295407649863","0.0968302750221968"
