"Method","beta0.x","beta1.x","beta2.x","sigma.x","beta0.y","beta1.y","beta2.y"
"oracle","1.0232071782972","1.95908478066881","2.94132301324308","1.01501488151192","0.0322213780426603","0.034120012867657","0.0246901454411403"
"naive","-0.449436949975274","1.27239427901306","1.52027610183395","3.22433902257906","0.094442624275105","0.106937624191301","0.0733936581443863"
"cc","1.07556188721802","1.97297477674463","2.93821376345832","0.978447666529183","0.0455864823192578","0.0488585626898816","0.0356526119894168"
"ipw","1.07022904986316","1.98810525492692","2.96006731201324","0.978903116292312","0.0455466417336284","0.0504330172777187","0.0342578928101585"
"ipw-w","1.07990368513223","1.97914891298562","2.97471917528034","0.979789751000734","0.0529177870581854","0.0557872323152927","0.043050652303443"
"mle","1.03399812507527","1.94257527819563","2.94287735384865","0.978608112442142","0.0406280701583222","0.0439906310725462","0.0309721126513857"
"mle-w","1.03399812507527","1.94257527819563","2.94287735384865","0.978608112442142","0.0406280701583222","0.0439906310725462","0.0309721126513857"
