"Method","beta0.x","beta1.x","beta2.x","sigma.x","beta0.y","beta1.y","beta2.y"
"oracle","1.03212714231175","1.9955576930763","3.03452502848569","1.00518270582755","0.0318836275521602","0.0346867971197497","0.0230658222707626"
"naive","-0.327690996390586","1.31353243747118","1.75530372059293","3.24943668711864","0.093093477529512","0.110236078244659","0.0912864346954851"
"cc","1.03416650513571","2.04292064663446","3.05073009215297","1.02445666515335","0.045399876132231","0.049177369572933","0.0328997712000872"
"ipw","1.0432442771491","2.04008849035787","3.05067856385212","1.02449941548294","0.0475388832629647","0.053574183274833","0.0375078614815045"
"ipw-w","1.02908384601824","2.06519893176014","3.05657791244687","1.02466808449009","0.0520409369981056","0.0578842909970963","0.0358847409011119"
"mle","1.03080367562947","2.00263700708936","3.05666388643007","1.01902427220398","0.0411166085794264","0.0449328531282523","0.0295396576449453"
"mle-w","1.03080367562947","2.00263700708936","3.05666388643007","1.01902427220398","0.0411166085794264","0.0449328531282523","0.0295396576449453"
