"Method","beta0.x","beta1.x","beta2.x","sigma.x","beta0.y","beta1.y","beta2.y"
"oracle","0.960733982912","2.02403761189525","3.03189825972032","0.973677722371522","0.0308174623795429","0.032897143289361","0.0227147926039496"
"naive","-0.46454073057504","1.29352414389272","1.53188615954036","3.31428706525359","0.0984743501778714","0.108631404846231","0.0824246604236305"
"cc","0.975400636460528","2.02576784243474","3.0054228778318","0.979731608465681","0.0451617496897884","0.0470578496748955","0.0324944447976512"
"ipw","0.975995603131052","2.00636746100975","3.00711738719605","0.979945751584063","0.0468325163408236","0.049391856840381","0.0358023992024077"
"ipw-w","0.981113874752995","2.03587536049328","3.03882055958361","0.980814028403744","0.053620158985923","0.0504722917657681","0.0364453806968505"
"mle","0.953731891085947","2.00389960736534","3.01635824047659","0.990397284268477","0.0407263429910442","0.0424482375808964","0.0296940681481994"
"mle-w","0.953731891085947","2.00389960736534","3.01635824047659","0.990397284268477","0.0407263429910442","0.0424482375808964","0.0296940681481994"
