"Method","beta0.x","beta1.x","beta2.x","sigma.x","beta0.y","beta1.y","beta2.y"
"oracle","0.964439568428298","2.00982964809805","3.01312100354958","0.945791656341511","0.0301806347033045","0.0304094113997519","0.0235831229611874"
"naive","-0.545452544229692","1.27037295460451","1.53066746264292","3.14151241512852","0.088504614361115","0.102104081274474","0.0733250091198271"
"cc","0.931340449323779","1.98860238543185","3.03864020255592","0.964055782874623","0.0435501494124884","0.0445108778622724","0.0384835065809168"
"ipw","0.92889632789982","1.94370207518313","3.0303721053852","0.96500698407962","0.0475606297043479","0.0467261827811951","0.0405456642529768"
"ipw-w","0.903408655022684","2.01082617724525","3.08480056986195","0.965965946008069","0.0556892076646221","0.0521910553750844","0.0470105120413162"
"mle","0.941158355522616","1.98385052472932","3.02535169520407","0.97122654238921","0.0398628721200949","0.0404676848045275","0.0335706081213748"
"mle-w","0.941158355522616","1.98385052472932","3.02535169520407","0.97122654238921","0.0398628721200949","0.0404676848045275","0.0335706081213748"
