"Method","beta0.x","beta1.x","beta2.x","sigma.x","beta0.y","beta1.y","beta2.y"
"oracle","1.0038272007153","2.02918621668921","3.05675163888408","1.02181271847087","0.0323243432295495","0.0340328370120568","0.0238376384867299"
"naive","-0.541979421431326","1.38996698534641","1.76123989275919","3.1939244594168","0.0946125275531381","0.109131271838045","0.0774687342048089"
"cc","1.0393606893012","1.9862188792044","3.01785152925543","1.02297871912427","0.0475326734241325","0.0497148340376363","0.0348510242105446"
"ipw","1.01820764989019","1.97314858587073","3.02604866200661","1.02336301283917","0.0507357956413194","0.0532714082906532","0.0376263042550748"
"ipw-w","1.00812961950371","1.94743286953261","3.05362106587812","1.02590236205829","0.0619227021842568","0.0603840239373563","0.0404206414864328"
"mle","1.01465729612559","2.00188713701988","3.06261809988339","1.03057042568088","0.0425461326465146","0.0452240740107974","0.0317374873089269"
"mle-w","1.01465729612559","2.00188713701988","3.06261809988339","1.03057042568088","0.0425461326465146","0.0452240740107974","0.0317374873089269"
