"Method","beta0.x","beta1.x","beta2.x","sigma.x","beta0.y","beta1.y","beta2.y"
"oracle","1.04271950268587","2.04373737029885","3.02273882464911","1.0281096005661","0.03270620275512","0.0355784126594827","0.0236610372183541"
"naive","-0.307293911822879","1.43768949064454","1.73147410465731","3.09549038705738","0.0880229385388856","0.103711429412327","0.0721782545557698"
"cc","1.01925084877504","2.02441514109862","2.98741090958238","1.02569100634627","0.0464131332310625","0.0468054556269496","0.0335125669766447"
"ipw","1.01738726043291","2.02408748065347","2.97358406628412","1.02588996123","0.0471716537454702","0.0492478423008853","0.0311032812752743"
"ipw-w","1.02874227439485","2.0641154077539","2.97716248183781","1.02680786475873","0.0620674859687399","0.0578403757306798","0.0427244142517846"
"mle","1.0505385977009","2.00329183856376","2.99564495539512","1.02830893383641","0.0415154411801989","0.0425132247200986","0.029769833132504"
"mle-w","1.0505385977009","2.00329183856376","2.99564495539512","1.02830893383641","0.0415154411801989","0.0425132247200986","0.029769833132504"
