"Method","beta0.x","beta1.x","beta2.x","sigma.x","beta0.y","beta1.y","beta2.y"
"oracle","0.953396010473203","1.96960905108607","2.98419379408406","0.993895684984232","0.0314503061969862","0.0334106037208732","0.023725280030501"
"naive","-0.424164345979662","1.41246968431583","1.66966729432389","3.08049039752","0.0896216666569969","0.104502999984466","0.0773016141570321"
"cc","0.968998208196715","1.99071781155389","3.01586968432937","1.03374799891039","0.0480591967301563","0.0506261244873656","0.0347746688851355"
"ipw","0.948104744389362","1.97968113281506","3.02744441527365","1.03413502819183","0.0504822203925057","0.0559698514976583","0.0381870572601116"
"ipw-w","0.940369447042858","2.03889124615534","3.05565619283701","1.0357248961611","0.0573532177443866","0.0600582098609955","0.0395100609203941"
"mle","0.965004071986492","1.98423150444149","3.00160472791252","1.01162801883683","0.0598824877508519","0.0806214313175476","0.0335406211820277"
"mle-w","0.965004071986492","1.98423150444149","3.00160472791252","1.01162801883683","0.0598824877508519","0.0806214313175476","0.0335406211820277"
