"Method","beta0.x","beta1.x","beta2.x","sigma.x","beta0.y","beta1.y","beta2.y"
"oracle","0.964159494029622","1.94785486254847","2.97361901454143","1.00786202978649","0.031852590139257","0.0346751200653905","0.0224932676230633"
"naive","-0.515514804709775","1.39978999234691","1.66456672324478","3.26113733652224","0.0942413562859525","0.110486172271788","0.079715438194661"
"cc","1.00065015481284","1.95515456760303","2.97165849882896","1.04069905284277","0.0482640661316967","0.0478698606478098","0.0342694188575341"
"ipw","0.989421199806653","1.96499721712454","3.00471768607737","1.04165277688345","0.0523726877436597","0.0547703051324581","0.0451198257263758"
"ipw-w","1.02906127626295","1.94504505869332","2.9507368354299","1.04131873142184","0.0601024199000531","0.0614787893325382","0.0452654660868081"
"mle","0.96129320089734","1.94130328557287","2.99719186688833","1.02794632999086","0.0424978164583459","0.0428913681794789","0.0293540591259605"
"mle-w","0.96129320089734","1.94130328557287","2.99719186688833","1.02794632999086","0.0424978164583459","0.0428913681794789","0.0293540591259605"
