"Method","beta0.x","beta1.x","beta2.x","sigma.x","beta0.y","beta1.y","beta2.y"
"oracle","1.02480752096225","1.96917732201541","2.96334352841753","1.00605760032798","0.0318288652505885","0.0341426543544795","0.0245076973119425"
"naive","-0.35502966903322","1.28672288807135","1.69425169408478","3.09878435421306","0.0916771668412305","0.0996285310400294","0.0811629811247452"
"cc","0.980816770059414","2.00283909402355","2.99591043218972","0.998298526586309","0.0466046600740318","0.0460920338547429","0.0364846218631977"
"ipw","0.979051301171906","2.00252165274147","2.99842520076582","0.998305504216737","0.0480337951201272","0.048868754390345","0.0380468041259943"
"ipw-w","0.921373289297589","1.99460138264181","3.02352737679707","1.00041526100135","0.0558976970610294","0.053080375400241","0.0448474187081579"
"mle","1.01257515445435","1.9658618828192","2.96347136424775","0.987731814555543","0.0409366799861438","0.0428525631474065","0.0319364077972011"
"mle-w","1.01257515445435","1.9658618828192","2.96347136424775","0.987731814555543","0.0409366799861438","0.0428525631474065","0.0319364077972011"
