"Method","beta0.x","beta1.x","beta2.x","sigma.x","beta0.y","beta1.y","beta2.y"
"oracle","0.992738598593163","1.98854800992308","2.99844177605886","1.01127634441003","0.0319741924176198","0.0335830851707237","0.0249301578086683"
"naive","-0.316157226860415","1.26454955801459","1.56678598298737","3.17886754272312","0.0892680061970773","0.105262073641604","0.0731721106986013"
"cc","0.984891940807072","1.93696753244823","2.96331551370358","1.06218210252058","0.0483751452723855","0.0488058961166419","0.0362316358959315"
"ipw","0.988125170607652","1.9445662780847","2.98698930851128","1.06267931046522","0.052079892031527","0.0514331890242387","0.0401429104687085"
"ipw-w","1.0089631659772","1.91328388960608","2.93139739075049","1.06314096947115","0.0604001327900015","0.0559947712484205","0.0431697561107999"
"mle","0.991828111038592","1.92377692753167","2.95868604058946","1.06198992895875","0.042713601459071","0.0440992800502497","0.0319274112246126"
"mle-w","0.991828111038592","1.92377692753167","2.95868604058946","1.06198992895875","0.042713601459071","0.0440992800502497","0.0319274112246126"
