"Method","beta0.x","beta1.x","beta2.x","sigma.x","beta0.y","beta1.y","beta2.y"
"oracle","1.03883726506379","2.02537216948092","3.00018233189284","0.975065202256801","0.0309576334237318","0.0323713465347423","0.0230608521900346"
"naive","-0.461130957434521","1.34063350316692","1.72915331795552","3.08888110534137","0.090164904539439","0.10708454695448","0.0756449925372192"
"cc","1.02796357737436","2.03938332742995","3.00993957945762","0.988523917750116","0.0472742474222305","0.0481082519736308","0.0354771902715193"
"ipw","1.04346695119305","2.0249016313338","2.9810738465534","0.989236995747721","0.0499960944755716","0.0538691204897273","0.0412410922492423"
"ipw-w","0.989580055706738","2.06408492907534","3.00115328029789","0.989968709733685","0.052703736201201","0.0527123669281145","0.0402319456227799"
"mle","1.04384648701325","2.05738806734059","3.00421499632761","0.985849883402884","0.0411554388858163","0.0429080230111077","0.0306607643346499"
"mle-w","1.04384648701325","2.05738806734059","3.00421499632761","0.985849883402884","0.0411554388858163","0.0429080230111077","0.0306607643346499"
