"Method","beta0.x","beta1.x","beta2.x","sigma.x","beta0.y","beta1.y","beta2.y"
"oracle","1.04793307506909","2.07995701442844","3.03613559572027","1.03963367638128","0.0328411243393446","0.0345538809214081","0.022925828726269"
"naive","-0.367914055025792","1.3256630467547","1.61701487540297","3.32359013238306","0.0953242371369863","0.114718151459438","0.072630507865479"
"cc","1.02851943014151","2.05692871636683","3.05402056252923","1.05876847514607","0.049222982320234","0.0502549173623683","0.0327106746384601"
"ipw","1.0408238693099","2.03630630959703","3.05418233452317","1.05904443626648","0.0500544630422975","0.0536813539616571","0.0350571483419493"
"ipw-w","1.03823320479335","2.06014174798645","3.04115936965734","1.05896838511241","0.054157923331568","0.0588303921043353","0.0364213763405629"
"mle","1.03937890261702","2.08979262091515","3.0601487440641","1.05911573070577","0.0421663848491452","0.053460105895883","0.0322391328035024"
"mle-w","1.03937890261702","2.08979262091515","3.0601487440641","1.05911573070577","0.0421663848491452","0.053460105895883","0.0322391328035024"
