"Method","beta0.x","beta1.x","beta2.x","sigma.x","beta0.y","beta1.y","beta2.y"
"oracle","1.03252405736341","2.0051931280132","2.99808906726173","0.977663004128792","0.030959418176289","0.0335148759755352","0.0234869110754167"
"naive","-0.435685983264708","1.43194199470562","1.58848477114092","3.21519971173797","0.0908177575509332","0.111077316075534","0.0738989387334186"
"cc","1.04116142058673","2.08656018105657","3.01584166574671","0.941956447492479","0.0429456579785825","0.0444124777049805","0.032368789877234"
"ipw","1.0409432927862","2.08629556196682","3.02251155998791","0.942004030325938","0.0432697904124229","0.0431741832400778","0.0336537077865776"
"ipw-w","1.03870222684045","2.16657105532214","3.01942733917708","0.945502408206263","0.0514176078210019","0.0528027695572997","0.0358211261803456"
"mle","1.05527429150231","2.05131163135441","2.99600503040962","0.940883012365438","0.0388464531018341","0.0418532397357051","0.0285715825875748"
"mle-w","1.05527429150231","2.05131163135441","2.99600503040962","0.940883012365438","0.0388464531018341","0.0418532397357051","0.0285715825875748"
