"Method","beta0.x","beta1.x","beta2.x","sigma.x","beta0.y","beta1.y","beta2.y"
"oracle","0.999659484859629","2.01623467792429","3.0451780869802","1.00124497635213","0.0316797911314023","0.0340583592822163","0.0252973728225575"
"naive","-0.344543730728132","1.34015061428631","1.50761731241868","3.4011143491909","0.100209561781924","0.12080237163695","0.083981889300496"
"cc","0.958315828465701","2.0026752003217","3.04184238208758","0.930048991214329","0.04282160377448","0.0451683367655246","0.0341957108922222"
"ipw","0.963886125329171","2.00509894766921","3.03940370350829","0.930073910024958","0.0460498014964985","0.0511971356776698","0.0360122937876069"
"ipw-w","0.928917356456765","2.0563462367308","3.0595437554645","0.931651115797432","0.0579341202786837","0.0596329463918809","0.0494109202763872"
"mle","0.964731661143689","1.98352086953275","3.06707003344771","0.96169128221934","0.0399001937047326","0.0421932052454888","0.0309681135359781"
"mle-w","0.964731661143689","1.98352086953275","3.06707003344771","0.96169128221934","0.0399001937047326","0.0421932052454888","0.0309681135359781"
