"Method","beta0.x","beta1.x","beta2.x","sigma.x","beta0.y","beta1.y","beta2.y"
"oracle","1.01777451972222","2.01649018374625","2.98497171163314","1.00516471883944","0.0317831836968242","0.0331126371495682","0.0235697833515803"
"naive","-0.375419649151316","1.23497834126769","1.57851814053983","3.13759686374485","0.0903938886546708","0.110353015173796","0.075853811997011"
"cc","1.01384618827032","2.02158154785526","2.97327767545345","0.985890334309525","0.0466922041977607","0.0460796141989027","0.0334198462026939"
"ipw","1.03045327399891","2.01708723101724","2.96334100471742","0.986074157108835","0.0485150518038604","0.0500095804761999","0.0366366468737512"
"ipw-w","1.04167117194497","2.03252868658526","2.98863809084834","0.986606809864607","0.0621866267644764","0.0653668616974975","0.0419571306398702"
"mle","1.06183668586954","2.0512861364642","2.95183972162505","0.992727722321902","0.0418744055536559","0.0418482763708874","0.0294524398094041"
"mle-w","1.06183668586954","2.0512861364642","2.95183972162505","0.992727722321902","0.0418744055536559","0.0418482763708874","0.0294524398094041"
