"Method","beta0.x","beta1.x","beta2.x","sigma.x","beta0.y","beta1.y","beta2.y"
"oracle","1.00400367046991","2.03083117138514","3.01122670197675","1.01625499872749","0.0321809475634705","0.0314298995577712","0.0242256559967605"
"naive","-0.358383883234874","1.33457022955115","1.65738186012052","3.02291873035152","0.0841197919232862","0.101854661993939","0.0761265401674355"
"cc","1.02109014039361","2.04639477179605","3.03905032562649","1.00731117175078","0.0450933261373419","0.0424654421955012","0.0340991836598748"
"ipw","1.02634549828674","2.05702438974563","3.05406203935525","1.00753298156003","0.0458757941312659","0.0441177844785628","0.0365533975916463"
"ipw-w","1.01488828270186","2.00341541561273","3.05908316350048","1.00927010140233","0.056782534551056","0.0475029574650791","0.0438981393012505"
"mle","1.04622835605908","2.05601508309049","3.0178831539726","1.00172623105023","0.0403154174718585","0.0390095911285739","0.0301029067186328"
"mle-w","1.04622835605908","2.05601508309049","3.0178831539726","1.00172623105023","0.0403154174718585","0.0390095911285739","0.0301029067186328"
