"Method","beta0.x","beta1.x","beta2.x","sigma.x","beta0.y","beta1.y","beta2.y"
"oracle","0.96388365624668","2.05796730031593","2.99906869135707","0.983431737347297","0.0310513535658772","0.0348019461225261","0.0237534556009763"
"naive","-0.414013952684485","1.30798253407996","1.61728620989728","3.17500248843678","0.0921562347972832","0.107314227046356","0.0762012701569551"
"cc","0.9357742212613","2.05150844832523","2.99258468029921","1.01076369528963","0.0472951166749806","0.0479905760068115","0.0348417602034994"
"ipw","0.920543875510591","2.01615499452905","2.97643508248693","1.011577086127","0.0492740159919832","0.0522599451010704","0.0366010428016347"
"ipw-w","0.960659315016736","2.02779005254728","2.99084447954716","1.01132851526233","0.0582739556672357","0.0580893443402051","0.0421060604023758"
"mle","0.908379064239641","2.05516437146526","2.98935666271154","1.01810291508681","0.0420798958228242","0.0434893369617523","0.0313064650858845"
"mle-w","0.908379064239641","2.05516437146526","2.98935666271154","1.01810291508681","0.0420798958228242","0.0434893369617523","0.0313064650858845"
