"Method","beta0.x","beta1.x","beta2.x","sigma.x","beta0.y","beta1.y","beta2.y"
"oracle","1.03423813843278","1.99508951104743","2.98330499677562","0.980426614864581","0.0309984620593366","0.0344146251175761","0.0238581866474356"
"naive","-0.473371319997301","1.35552743388482","1.68761904765041","3.25818909005653","0.0910268679331661","0.11694799786159","0.0786896132875766"
"cc","1.04619936828899","1.9824409235013","2.97795704055017","1.00036367891739","0.045231483120792","0.0501532724322394","0.0346599762288743"
"ipw","1.04119375818742","1.95312400743034","2.9866135079613","1.00099873289081","0.0451002621755651","0.0496302692985843","0.0355024674535749"
"ipw-w","1.04630959044708","2.00511183672742","2.98843772392899","1.00061705179962","0.0586659434742459","0.0658907785770105","0.0464791775710332"
"mle","1.02125286639206","1.97357162046736","2.98669480639201","0.989561031504894","0.040364511642052","0.0453140101363898","0.0309915099036842"
"mle-w","1.02125286639206","1.97357162046736","2.98669480639201","0.989561031504894","0.040364511642052","0.0453140101363898","0.0309915099036842"
