"Method","beta0.x","beta1.x","beta2.x","sigma.x","beta0.y","beta1.y","beta2.y"
"oracle","0.99766264109611","2.02008451788692","3.01233612705346","0.970672793211966","0.030739386486857","0.0323299546916846","0.0250605144950056"
"naive","-0.420864258833353","1.39852191542898","1.71521448129065","3.07113802782832","0.0856849504651271","0.0995324480864575","0.071622053488099"
"cc","0.978675718520827","2.05378043223628","3.03795805637193","0.961173455360237","0.043040646710617","0.0452338177014927","0.0339157310316275"
"ipw","0.962883528477886","2.06430224609773","3.063636252223","0.961812290239141","0.045782012976764","0.0469478429944607","0.0359816991209597"
"ipw-w","0.971435889339884","2.02574405750385","3.02472920433143","0.961619947233521","0.0508513152622623","0.0548944101683105","0.0398828752663391"
"mle","0.978115655163755","2.05321309497952","3.03878530925456","0.967619480488289","0.0390473657966886","0.0412813721830319","0.0306455703025061"
"mle-w","0.978115655163755","2.05321309497952","3.03878530925456","0.967619480488289","0.0390473657966886","0.0412813721830319","0.0306455703025061"
