"Method","beta0.x","beta1.x","beta2.x","sigma.x","beta0.y","beta1.y","beta2.y"
"oracle","1.05322326644009","1.93726245965069","2.98992875836259","1.02071149688049","0.0324394367414624","0.0344211754225907","0.0242713353323888"
"naive","-0.446925476417051","1.20131695565223","1.66349781955181","3.09734915592348","0.0893700745081748","0.0975934998900757","0.072409840031115"
"cc","1.0174321820946","1.96533872149532","3.02373059340135","1.01327311204046","0.0446066012341339","0.0481252771668549","0.0364160441133397"
"ipw","1.01330759826923","1.97422091922913","3.02168121972334","1.01333412056336","0.0459860570661748","0.0493445358990915","0.0356962465763317"
"ipw-w","0.985756044147632","2.0156106956336","3.02341380673748","1.01506287105463","0.0526671035892993","0.0545154678129531","0.0510392380815125"
"mle","1.00023917545832","1.9521031376295","3.0298314770748","1.00971847753041","0.0401895553107941","0.0435237650705416","0.0322223458326767"
"mle-w","1.00023917545832","1.9521031376295","3.0298314770748","1.00971847753041","0.0401895553107941","0.0435237650705416","0.0322223458326767"
