"Method","beta0.x","beta1.x","beta2.x","sigma.x","beta0.y","beta1.y","beta2.y"
"oracle","1.01158600841162","1.96983115074695","3.01297741694756","0.970954936678864","0.0307387815859252","0.0336037339571026","0.0230216760350882"
"naive","-0.380764310399655","1.33138696264577","1.72809786497257","3.09441583742272","0.0915258106597067","0.100485232924636","0.0751134758477526"
"cc","1.00361442760931","1.93444567776836","3.01828963935962","0.989557045530356","0.0469405745812366","0.0480075393909789","0.0356595244304661"
"ipw","1.02122478305756","1.92305866462845","3.02578664245261","0.989937848595881","0.049339813358705","0.0509764118587107","0.0426358233799103"
"ipw-w","1.03055774494911","1.92483324987424","3.0094892161352","0.989940957530052","0.0573863997860885","0.0597407919510465","0.0465672087817011"
"mle","1.01442543024","1.96121759901303","3.02934171520387","0.979712085784786","0.0405225009404988","0.0412367042888747","0.0206147647723719"
"mle-w","1.01442543024","1.96121759901303","3.02934171520387","0.979712085784786","0.0405225009404988","0.0412367042888747","0.0206147647723719"
