"Method","beta0.x","beta1.x","beta2.x","sigma.x","beta0.y","beta1.y","beta2.y"
"oracle","1.01168292270853","2.01972860322384","2.99728546378439","0.999955543462791","0.0316154452843711","0.0361545319703331","0.0236962100776712"
"naive","-0.261948467628076","1.08881962003056","1.49580110928463","3.22441832839519","0.0943148292213049","0.115500013793311","0.0867265367716039"
"cc","0.991656650599089","2.01534296190425","2.99528494827302","1.01139867725964","0.0489818499552281","0.0498030162219628","0.0357550870413715"
"ipw","0.985712997570563","2.01580276492845","2.9938612289472","1.01142160316876","0.0502291441822774","0.0552648026193779","0.0366243105103865"
"ipw-w","1.05283500558523","1.95393851912809","2.97170423366841","1.01443224359052","0.0642112915538821","0.06217973833942","0.0454288894744563"
"mle","0.988382440020892","2.03879779699342","2.99724656593437","1.01226973737378","0.0421003862737215","0.0450165404565739","0.0305491716698408"
"mle-w","0.988382440020892","2.03879779699342","2.99724656593437","1.01226973737378","0.0421003862737215","0.0450165404565739","0.0305491716698408"
