"Method","beta0.x","beta1.x","beta2.x","sigma.x","beta0.y","beta1.y","beta2.y"
"oracle","0.958652806038026","1.96099132264587","2.99151822930669","0.982656048163176","0.0311384245282692","0.0350965417411999","0.0228961773942964"
"naive","-0.526745769706607","1.36864811445763","1.7090032461141","3.1853132308809","0.0898452680431707","0.112441647578849","0.0751911522928514"
"cc","0.931047556141433","1.97060816577002","2.99275668626714","0.997840000678074","0.0456984528485208","0.049502531641725","0.0330722672783498"
"ipw","0.926404650449872","1.94377971256611","3.01482174003751","0.999011282225051","0.0474665636247998","0.0533996290361582","0.0376581690335279"
"ipw-w","0.933956321462006","1.9810960950983","2.9612672980809","0.999093847316733","0.0496539110812792","0.0544083474012715","0.0356639722570537"
"mle","0.948524067185271","1.98936990653912","3.00557783727787","1.00802158791739","0.088244718376587","0.0465293740587651","0.090084026884383"
"mle-w","0.948524067185271","1.98936990653912","3.00557783727787","1.00802158791739","0.088244718376587","0.0465293740587651","0.090084026884383"
