"Method","beta0.x","beta1.x","beta2.x","sigma.x","beta0.y","beta1.y","beta2.y"
"oracle","0.959496142830628","1.97575488595048","2.99172517940418","0.983650748744783","0.0311240510745279","0.031171150978204","0.0239065216430962"
"naive","-0.360683811034937","1.31602344025462","1.61872118998803","3.10749430990696","0.0948820587873679","0.107879870780481","0.0743567699451418"
"cc","0.887539749282549","1.99272634913833","3.01024504810813","0.961608148761264","0.0427983697875104","0.0449065588064277","0.032811954871167"
"ipw","0.872619422688346","2.01586196942907","3.00978978560168","0.961987311153381","0.0459618929756556","0.0496900436440506","0.0374449956601589"
"ipw-w","0.899944748394404","2.06215821785561","3.05277643047229","0.96451672692021","0.0498506817368463","0.048745736835169","0.0369865124178822"
"mle","0.878318252260596","1.97539401419894","3.02512121528109","0.966662091475048","0.039092855591891","0.0403706088106207","0.0292315232999611"
"mle-w","0.878318252260596","1.97539401419894","3.02512121528109","0.966662091475048","0.039092855591891","0.0403706088106207","0.0292315232999611"
