"Method","beta0.x","beta1.x","beta2.x","sigma.x","beta0.y","beta1.y","beta2.y"
"oracle","1.024254292081","1.98552341728652","2.99375972557258","0.983955850310713","0.0311103677172215","0.0328516550236453","0.023045242505042"
"naive","-0.323967759625464","1.36746461288071","1.64769413394914","3.21443657954663","0.0910712463799014","0.104051923597248","0.0770904557679213"
"cc","1.12908596042155","1.98249977635888","2.97133499652879","0.951177707321374","0.0432917421751936","0.0447574121915228","0.0316065928057707"
"ipw","1.13009263249154","1.99321544254895","2.96921463295119","0.951249658714605","0.0465640045637467","0.0486255569937527","0.0319545310963138"
"ipw-w","1.13238137507532","1.98990283917982","2.96565659431232","0.951256532516351","0.053682037227138","0.0543119139482848","0.0380182259571448"
"mle","1.06080438759106","1.99092892784344","3.00834008929344","0.964558710295985","0.0401658695297847","0.0418217354879806","0.02880906782177"
"mle-w","1.06080438759106","1.99092892784344","3.00834008929344","0.964558710295985","0.0401658695297847","0.0418217354879806","0.02880906782177"
