"Method","beta0.x","beta1.x","beta2.x","sigma.x","beta0.y","beta1.y","beta2.y"
"oracle","0.981031548685158","1.98634593285399","3.00201835123124","1.0051040441274","0.0317781077866688","0.0322280101106612","0.0226860521008298"
"naive","-0.38291052588108","1.47496240060299","1.60697127205252","3.18921546818479","0.091390258670491","0.10321708993244","0.0772138496030972"
"cc","0.974198245688094","2.00972772741903","2.99439977218941","1.01438888602318","0.0461245363548492","0.0467103396944553","0.0322218173223048"
"ipw","0.998140460470588","2.00175664361787","2.95843334081522","1.01557755060097","0.0475339090496968","0.046400340855622","0.0338771162697864"
"ipw-w","0.94564725803282","1.9774033454087","3.00961090887331","1.01566979705605","0.0515767691935048","0.0572250727372781","0.0377853768918076"
"mle","0.933076250735304","1.99860474139854","3.01995201240659","1.01772235194046","0.0414984044689067","0.0426069949973459","0.0294531040329117"
"mle-w","0.933076250735304","1.99860474139854","3.01995201240659","1.01772235194046","0.0414984044689067","0.0426069949973459","0.0294531040329117"
