"Method","beta0.x","beta1.x","beta2.x","sigma.x","beta0.y","beta1.y","beta2.y"
"oracle","0.981848431774292","2.06731431668774","2.99300228446688","0.980080498909276","0.031029527658074","0.0364427675776421","0.022726007825406"
"naive","-0.291872797497116","1.27802901072765","1.75607940891615","3.10427845999603","0.0861479333971158","0.109613431023616","0.0773212058405087"
"cc","0.931312878625677","2.02672819001617","3.03512299820156","0.953068717833576","0.0423650547210567","0.0502756873908646","0.030204934325295"
"ipw","0.940205816665112","2.02966905721294","3.04242278960827","0.953184875670392","0.0436568873462511","0.0508400790490852","0.0307799082402228"
"ipw-w","0.921694571029595","2.03582066234538","3.02506155238715","0.953351935880723","0.0504759550514948","0.0596284021176491","0.0355865846285593"
"mle","0.93733834978327","2.03062710161726","3.03218368999826","0.956935978298221","0.038451748054786","0.0451767497931054","0.0275000388764784"
"mle-w","0.93733834978327","2.03062710161726","3.03218368999826","0.956935978298221","0.038451748054786","0.0451767497931054","0.0275000388764784"
