"Method","beta0.x","beta1.x","beta2.x","sigma.x","beta0.y","beta1.y","beta2.y"
"oracle","0.987210521495055","1.92180727449753","2.95304728948911","1.02867482961259","0.0325486783848238","0.0337581288191906","0.0239099547939926"
"naive","-0.337720904775384","1.4054118852366","1.6137575161747","3.18701381968324","0.0921442124655896","0.114947733768914","0.080096376866333"
"cc","0.96051899454371","1.97702626678995","2.92912453576484","1.0249385964236","0.0461993558995123","0.0473189290108266","0.0338733517801546"
"ipw","0.963740730827036","1.95434167812953","2.94023881729896","1.02540994994729","0.0481063782920368","0.0514082089670362","0.0343091453357051"
"ipw-w","0.927255449958457","2.01469047239481","2.9487726793351","1.02595393332233","0.0518100405266293","0.0530503164252413","0.0403343433359524"
"mle","0.958733883906108","1.97785702514485","2.95922335764369","1.04045674539827","0.0415531555372635","0.0443382647985071","0.0296652060364763"
"mle-w","0.958733883906108","1.97785702514485","2.95922335764369","1.04045674539827","0.0415531555372635","0.0443382647985071","0.0296652060364763"
