"Method","beta0.x","beta1.x","beta2.x","sigma.x","beta0.y","beta1.y","beta2.y"
"oracle","0.973236497245528","2.03003616988363","3.02451053368228","0.98717711340731","0.0312231482424665","0.0361294651590573","0.0232240269194377"
"naive","-0.387694049268875","1.43161026768221","1.7213077257743","3.13318126484548","0.0883080620565653","0.108710515331565","0.080340845048499"
"cc","0.982878012914224","2.06712502690057","3.03714249367449","1.02845698846247","0.0469367193646985","0.0528922310413555","0.0346022751657297"
"ipw","1.00982241431281","2.08910163898918","3.04956717485269","1.02916139483872","0.0501448834153093","0.057063798865142","0.0360711536378872"
"ipw-w","0.983022583731798","2.03061802547725","3.02306697966778","1.02902505476854","0.0558658087138438","0.0721523658204381","0.0435765402444974"
"mle","0.989616699437021","2.04773915687776","3.01656570851635","1.00627120423766","0.0270407576288475","0.052879421218116","0.0300129007410391"
"mle-w","0.989616699437021","2.04773915687776","3.01656570851635","1.00627120423766","0.0270407576288475","0.052879421218116","0.0300129007410391"
