"Method","beta0.x","beta1.x","beta2.x","sigma.x","beta0.y","beta1.y","beta2.y"
"oracle","1.01813551521741","1.94862966363389","2.99469649467953","0.985921646062924","0.0312419501719169","0.0343530674001414","0.0223983707306776"
"naive","-0.301976070739334","1.16210257233096","1.66830855686927","3.25418082687464","0.0951744016652254","0.110014748101162","0.082590556045007"
"cc","1.02626791018155","1.94667581655626","2.9820730740024","0.992140767841561","0.0454157424760413","0.0485895634299483","0.032901487929659"
"ipw","1.04035964755982","1.93848102585961","2.96534135366126","0.992395017374316","0.045183167573388","0.0503930964250589","0.0322066117353471"
"ipw-w","0.999772081932516","1.96539523958597","2.96824306570811","0.993155713931698","0.0541141962342311","0.059453987035777","0.0367157127765382"
"mle","0.976716854134722","1.94451559927592","3.0212606066382","0.998495743789341","0.0409802641493884","0.044958708939669","0.0292671282855852"
"mle-w","0.976716854134722","1.94451559927592","3.0212606066382","0.998495743789341","0.0409802641493884","0.044958708939669","0.0292671282855852"
