"Method","beta0.x","beta1.x","beta2.x","sigma.x","beta0.y","beta1.y","beta2.y"
"oracle","0.975459970790108","1.99103624873716","2.96292815403538","1.00490191140143","0.0317402741290695","0.0343373904197294","0.0236440967824709"
"naive","-0.406397313932694","1.39249129719449","1.67849906602721","3.12895178897753","0.0929172368379963","0.104236109798089","0.0786438222338169"
"cc","0.992404670776582","1.97545479250986","2.95297105091259","1.00048032378782","0.0446574628995353","0.0470937668520483","0.0334613610875773"
"ipw","0.993578382223009","1.9652494604089","2.96741229295693","1.00081208580894","0.0467380683713758","0.0495358884593047","0.040632944498239"
"ipw-w","0.946689766236346","1.97440633218339","2.97672014519623","1.00177419299282","0.0572928616141778","0.0580502623267765","0.0421951627073216"
"mle","0.965292479603114","1.98252799349289","2.95080548669997","0.990153804317724","0.0399274020658152","0.0420258968965039","0.029677035821656"
"mle-w","0.965292479603114","1.98252799349289","2.95080548669997","0.990153804317724","0.0399274020658152","0.0420258968965039","0.029677035821656"
