"Method","beta0.x","beta1.x","beta2.x","sigma.x","beta0.y","beta1.y","beta2.y"
"oracle","1.03991022259799","2.00878914170149","3.01749278031224","0.992470100848984","0.0313797638149731","0.0337421294473105","0.0225889165097081"
"naive","-0.279416908778691","1.23819292547678","1.67409399779905","3.19961433728555","0.0963442857353325","0.110160816421634","0.081751800438107"
"cc","1.03233549988549","2.0166895807539","2.98412773333023","0.990189976204847","0.0468470852969917","0.049608127144477","0.0339075551828996"
"ipw","1.03922640858788","2.01811489817454","2.99510722967082","0.990352508655864","0.0478993877907742","0.0507884440485485","0.0357339008461064"
"ipw-w","1.04388181736806","2.01384988086428","2.95866900402279","0.99076404678575","0.0576575065684639","0.0680991052874197","0.0441550025997349"
"mle","1.03812307995361","1.9730567022139","3.0038369254686","0.988767468612374","0.041028037331411","0.0443949511035674","0.0294388163571598"
"mle-w","1.03812307995361","1.9730567022139","3.0038369254686","0.988767468612374","0.041028037331411","0.0443949511035674","0.0294388163571598"
