"Method","beta0.x","beta1.x","beta2.x","sigma.x","beta0.y","beta1.y","beta2.y"
"oracle","1.02452160570919","1.93368274349952","2.97184881145196","1.02489185877702","0.0323633157230133","0.0349387590324991","0.0247128885273822"
"naive","-0.363738125337382","1.35563620432841","1.64425987874006","3.19740172101155","0.090426436903994","0.106758414792433","0.0803320803576127"
"cc","0.980265657804547","1.96704911822951","3.00168780099552","1.04863812396191","0.0494362419603902","0.0483409356647201","0.0373016820977853"
"ipw","0.984086516153875","1.93775396792447","3.02193259475259","1.049760287702","0.0512155379358208","0.0506605289824642","0.0368850810419981"
"ipw-w","0.954585568647199","1.99974490432215","2.99917357293655","1.04947470912404","0.0588785452674758","0.057739868939535","0.0414873779347125"
"mle","0.995969619175476","1.94222636933368","2.97664856045642","1.03609806563869","0.042614423879527","0.0426205575984596","0.0322352278531099"
"mle-w","0.995969619175476","1.94222636933368","2.97664856045642","1.03609806563869","0.042614423879527","0.0426205575984596","0.0322352278531099"
