"Method","beta0.x","beta1.x","beta2.x","sigma.x","beta0.y","beta1.y","beta2.y"
"oracle","0.960282791371833","2.02771789505564","3.01445193896204","1.02236261470879","0.0323691770447756","0.0364302844296632","0.0247632952482856"
"naive","-0.415700036783926","1.36882986167147","1.68470748336984","3.21127214032163","0.0931587115485177","0.102357823347475","0.0783490205666569"
"cc","0.934592439240852","2.04377491524878","3.04339063421974","1.03790112849429","0.0483980807903528","0.0488934613193836","0.037080835416069"
"ipw","0.925938286773816","2.04711523292008","3.05360355841497","1.03799441671381","0.048848313848539","0.0495112156289741","0.036027492834723"
"ipw-w","0.917690735835895","2.01230421386021","2.98453110460913","1.04126869288429","0.0550634386048878","0.0621843705924013","0.0435812481748504"
"mle","0.941690276854724","2.06140677581941","3.03694483940571","1.02946579388982","0.0424973768872785","0.0435153083127171","0.0317878393587406"
"mle-w","0.941690276854724","2.06140677581941","3.03694483940571","1.02946579388982","0.0424973768872785","0.0435153083127171","0.0317878393587406"
