"Method","beta0.x","beta1.x","beta2.x","sigma.x","beta0.y","beta1.y","beta2.y"
"oracle","1.05629762109885","1.98113208730054","2.99108944754742","0.97640237141791","0.0308821193257551","0.0324696401728784","0.022232095046341"
"naive","-0.332108672430889","1.38799601597525","1.5899708460936","3.2072570036311","0.0903065652791155","0.108397887145681","0.0778274161322233"
"cc","1.04057662720474","2.0037474863716","3.02837913168283","0.977404024594475","0.0432404234351456","0.046531653023373","0.0302594843459528"
"ipw","1.0273015546924","2.00471243261283","3.02345310201897","0.977538298358931","0.0457905168656817","0.0482017547645224","0.0317782591358112"
"ipw-w","1.07635873945119","1.96762073077383","3.02082590297957","0.978586131610043","0.0518094143106982","0.0564662669647292","0.0379786866238054"
"mle","1.03412856125747","2.00374817296412","3.00392350938513","0.982718892624148","0.0394203467589383","0.0421904733116898","0.028313442568628"
"mle-w","1.03412856125747","2.00374817296412","3.00392350938513","0.982718892624148","0.0394203467589383","0.0421904733116898","0.028313442568628"
