"Method","beta0.x","beta1.x","beta2.x","sigma.x","beta0.y","beta1.y","beta2.y"
"oracle","1.00650916331341","2.0272163801492","2.96912351083999","0.997544724582619","0.0315784917054128","0.0336562362740942","0.0237671013654393"
"naive","-0.407528446899525","1.25733009818622","1.64237804298367","3.13576246050296","0.0893599014574803","0.10585651803497","0.0722422910613189"
"cc","0.968303386012803","1.95717794422523","2.94204060955526","1.0355682219818","0.0463760924363987","0.0499996874251355","0.0359529102797583"
"ipw","0.956670910325361","1.93026320401511","2.93693584996883","1.0359602535576","0.0467246950628368","0.0498587433078267","0.0357811533422641"
"ipw-w","0.968611217339598","1.98307213493685","2.93085323212083","1.03619802737081","0.0556398456265629","0.0602331694536474","0.0474431185385255"
"mle","0.999405565578366","1.9573732687681","2.93741364978553","1.02896650336381","0.0412733598240206","0.0440093886870595","0.0316466164318886"
"mle-w","0.999405565578366","1.9573732687681","2.93741364978553","1.02896650336381","0.0412733598240206","0.0440093886870595","0.0316466164318886"
