"Method","beta0.x","beta1.x","beta2.x","sigma.x","beta0.y","beta1.y","beta2.y"
"oracle","1.00589101915595","1.97005884088487","2.94997569987498","0.977544443456997","0.0309685607888164","0.0326646704113365","0.0237168443901241"
"naive","-0.254380785770539","1.274642148244","1.57502009089537","3.04921372263021","0.0894393103611002","0.102583871061291","0.0786660612435604"
"cc","1.04246475434233","1.93992734015233","2.90843391643394","0.999297125668985","0.0468484227351143","0.0482943325921072","0.0354588889408176"
"ipw","1.03613208665219","1.9041555463626","2.88914611168715","1.00003409496456","0.0482075202763732","0.0511103520056968","0.0372823958304883"
"ipw-w","1.04703796923658","1.96169522013203","2.89226996129231","0.999922780102234","0.0496673940958025","0.0560776678024552","0.0422035086193982"
"mle","1.02519811843007","1.94202354078461","2.92379813011026","0.998735687053615","0.041504054967118","0.0439986886475851","0.0308086475068814"
"mle-w","1.02519811843007","1.94202354078461","2.92379813011026","0.998735687053615","0.041504054967118","0.0439986886475851","0.0308086475068814"
