"Method","beta0.x","beta1.x","beta2.x","sigma.x","beta0.y","beta1.y","beta2.y"
"oracle","0.986372720288474","2.08056406713017","3.01873738902975","1.02506540481163","0.0324524416286557","0.0338949963938555","0.0229228038689441"
"naive","-0.591469479265344","1.4462401245834","1.77590046995447","3.23732252465589","0.0939903174414037","0.100128548234053","0.0790123019098629"
"cc","0.949256644906264","2.06041064623972","3.03663755410915","0.994842478965561","0.0473992578436371","0.0491306878298299","0.0342986685516388"
"ipw","0.944460783112312","2.0294030705586","3.03341720477811","0.995311876646802","0.0486088702785949","0.0507601684696169","0.0364591088136131"
"ipw-w","0.923871122546726","2.07659222974095","3.04333852206298","0.995240076464845","0.0568556344336162","0.0657980550246028","0.0422292612637238"
"mle","1.01185566160992","2.03493951415237","3.01576425802809","0.994594978142998","0.0417164105988678","0.0437411168718796","0.0297044079992785"
"mle-w","1.01185566160992","2.03493951415237","3.01576425802809","0.994594978142998","0.0417164105988678","0.0437411168718796","0.0297044079992785"
