"Method","beta0.x","beta1.x","beta2.x","sigma.x","beta0.y","beta1.y","beta2.y"
"oracle","0.988869488447607","1.98909077104207","2.99206981903406","1.01613043761821","0.0322794168336049","0.0321587854826098","0.0240069674016444"
"naive","-0.438066038130075","1.36615827782657","1.63368338130412","3.28349733601399","0.0968587096690776","0.121034189776272","0.0828179831634191"
"cc","0.969732452268775","2.00120150232116","3.00549885362365","1.00988542201551","0.0471300243948817","0.0443412876930607","0.0341094235388316"
"ipw","0.938221256175742","2.00032848015539","3.02281780451057","1.01056397054323","0.0481441375023547","0.0466735560539607","0.0347762044759317"
"ipw-w","0.959696889892078","2.01232187267915","3.02709844041554","1.01030694551967","0.0548388094241942","0.0565676178130478","0.0409158475173734"
"mle","0.962723863565927","2.00023120689678","3.00572184790945","1.01535960325319","0.0422181504823982","0.0411938437336579","0.0300426496329639"
"mle-w","0.962723863565927","2.00023120689678","3.00572184790945","1.01535960325319","0.0422181504823982","0.0411938437336579","0.0300426496329639"
