"Method","beta0.x","beta1.x","beta2.x","sigma.x","beta0.y","beta1.y","beta2.y"
"oracle","0.996492763190533","2.00404465448577","2.95719734928411","0.995477080421154","0.0314345971409573","0.0358812348206529","0.0242646536077952"
"naive","-0.370293306673222","1.17526431192549","1.54090944303229","3.13208131086477","0.0853153341534482","0.114582889450063","0.0777899627802071"
"cc","0.999752548145759","2.02100196455718","2.97741814580062","0.999906769247717","0.0451046441194199","0.0544725292064159","0.0329602183270623"
"ipw","1.00005979379175","1.97741587106923","2.97820332081272","1.00077010129368","0.0485471500494953","0.0697881507347124","0.0362604602439283"
"ipw-w","0.986711584740854","2.07206901622335","2.97921959509927","1.00111224387105","0.0538461602229321","0.067108734468917","0.0367094051179039"
"mle","1.02215543669655","1.97201978143237","2.95160367697424","0.99797799135625","0.0399924472323634","0.046646385657979","0.0295072974799379"
"mle-w","1.02215543669655","1.97201978143237","2.95160367697424","0.99797799135625","0.0399924472323634","0.046646385657979","0.0295072974799379"
