"Method","beta0.x","beta1.x","beta2.x","sigma.x","beta0.y","beta1.y","beta2.y"
"oracle","0.973501440984791","2.03217076326214","2.98928085371888","0.995505974615904","0.0314484482181944","0.0338330369212053","0.0233918578848877"
"naive","-0.461701766150287","1.22448680694243","1.6259501355164","3.25256301824331","0.0940688331354893","0.112842654071896","0.078467270650284"
"cc","1.04658820204243","2.03578562141972","2.98872594845686","0.981896996948323","0.0453294550990755","0.0470604749738413","0.0313615691645904"
"ipw","1.02038952279697","2.00030964943242","2.99775145121564","0.98309418705414","0.0500178262777096","0.0545789119716297","0.0341045283386474"
"ipw-w","1.09174797842671","2.00876635498766","2.98587305942548","0.983254497020977","0.0529279359262999","0.0503545737523235","0.0327916721303326"
"mle","1.01317199032558","2.02763633394944","2.9858932868258","0.967653826334211","0.0404517958257629","0.0424158067804897","0.0286671166139625"
"mle-w","1.01317199032558","2.02763633394944","2.9858932868258","0.967653826334211","0.0404517958257629","0.0424158067804897","0.0286671166139625"
