"Method","beta0.x","beta1.x","beta2.x","sigma.x","beta0.y","beta1.y","beta2.y"
"oracle","1.01071629315279","2.02233290959934","3.02185371482053","1.02248367812368","0.0324183525976407","0.0363804412623124","0.024141885446249"
"naive","-0.395142943673199","1.34786793006491","1.61270439080435","3.22543483328843","0.0930692856092023","0.110434916533749","0.0724241667889077"
"cc","0.993423618476038","2.06437217449877","3.03628045802068","1.03243491300553","0.0482577142036942","0.0520843777470994","0.0360593366551347"
"ipw","1.03612822514729","2.04297011483519","3.02139742133689","1.03344844285117","0.0500832413847945","0.0543976549615938","0.0371269123126013"
"ipw-w","0.966762814108755","2.07618788407613","3.08624202272071","1.03459257588385","0.0572090317234856","0.058316141808982","0.052050904967217"
"mle","0.994236306586573","2.06398459684691","3.04234555707729","1.02599494052765","0.0429371218181243","0.0470771145004287","0.0316222705444859"
"mle-w","0.994236306586573","2.06398459684691","3.04234555707729","1.02599494052765","0.0429371218181243","0.0470771145004287","0.0316222705444859"
