"Method","beta0.x","beta1.x","beta2.x","sigma.x","beta0.y","beta1.y","beta2.y"
"oracle","0.968083715297526","1.98718895694613","2.98984597986337","1.0030685941895","0.0318077517168559","0.033714754387244","0.0241980379530146"
"naive","-0.257719408471604","1.42151187100202","1.59604231118662","3.16635710050474","0.0932448430092035","0.106282530689181","0.0815980414896962"
"cc","1.04117266537686","1.96709620470116","2.94213821114216","1.00980159150336","0.0473179835147219","0.0494469399195165","0.0361209831664096"
"ipw","1.04955180113986","1.96193161374143","2.92651347834742","1.01000803468937","0.0515794019478707","0.0530043002174916","0.0386071732243383"
"ipw-w","1.07552532177079","1.9937659650445","2.91280586930285","1.01159395755502","0.0549367446615459","0.0559345177204571","0.0391353893861743"
"mle","1.03219415257834","1.99194949672384","2.96098186600115","0.995987809741227","0.0413980618102762","0.0440448674179738","0.0309948639931921"
"mle-w","1.03219415257834","1.99194949672384","2.96098186600115","0.995987809741227","0.0413980618102762","0.0440448674179738","0.0309948639931921"
