"Method","beta0.x","beta1.x","beta2.x","sigma.x","beta0.y","beta1.y","beta2.y"
"oracle","1.06314369951574","2.03703807554397","3.02663461053746","0.990297699929997","0.0312987237331319","0.0324186440932429","0.0225475826948781"
"naive","-0.427782547138708","1.46045320319989","1.72606374459574","3.31916004993917","0.0931485045875404","0.118385001643387","0.0824210094313585"
"cc","1.05106265607749","2.10088602724132","3.03284765857421","1.01009712043059","0.0469627597654952","0.0445804868031235","0.0343208661360905"
"ipw","1.07126766657771","2.08018016428003","3.01791223149526","1.01049443319207","0.0575326568005467","0.0533382514899227","0.0448403539394399"
"ipw-w","1.06499821271455","2.11524425454547","3.03362703129156","1.01029385613808","0.0528181155380374","0.0504534704634108","0.0357115035632873"
"mle","1.03188017489875","2.06982646502573","3.04246347463611","1.0037463733814","0.0413893586693918","0.0410891610945126","0.0292921644533021"
"mle-w","1.03188017489875","2.06982646502573","3.04246347463611","1.0037463733814","0.0413893586693918","0.0410891610945126","0.0292921644533021"
