"Method","beta0.x","beta1.x","beta2.x","sigma.x","beta0.y","beta1.y","beta2.y"
"oracle","0.984963492543422","1.96725865206711","2.95519706240848","1.0090049666812","0.0320858720276347","0.0358457243136132","0.0247769209874948"
"naive","-0.329221450703","1.2569404243917","1.68556475221332","2.9872624939432","0.088044034121188","0.102848168018343","0.0766460246521089"
"cc","0.934033058326743","2.0396483860274","2.94278029561194","0.998321127961941","0.0468203065047637","0.0481315026152683","0.037349857452657"
"ipw","0.929607540618042","2.04509773627654","2.94755456802531","0.998349138804473","0.0502675868913409","0.0536886620591203","0.0408176416073887"
"ipw-w","0.981550035052993","1.98017727310704","2.90197728805908","1.00118233418491","0.0563181773504768","0.052312736349588","0.0423813778512467"
"mle","0.944697185401508","2.03507352996148","2.97174714518247","1.02036669575896","0.041853983943825","0.0443848311431914","0.0327517265429064"
"mle-w","0.944697185401508","2.03507352996148","2.97174714518247","1.02036669575896","0.041853983943825","0.0443848311431914","0.0327517265429064"
