"Method","beta0.x","beta1.x","beta2.x","sigma.x","beta0.y","beta1.y","beta2.y"
"oracle","1.05717348493228","2.00067708621703","3.02166380321341","0.996677622945236","0.0315404090991633","0.0351785092904344","0.0240285855895898"
"naive","-0.341428402850986","1.24070829345332","1.78213801532232","3.09994727008234","0.088492009181471","0.110861571202113","0.0744450783170074"
"cc","1.08018187304603","2.00548930200313","3.02947967864015","1.04011551896357","0.0474528636874658","0.0500856426593095","0.0356808946624469"
"ipw","1.07796902987588","2.01605117327152","3.02859085687127","1.04017796439282","0.0526793541260349","0.0587473029470512","0.0471474453585507"
"ipw-w","1.11647384370464","1.98533243999646","2.95592142232483","1.0449739015659","0.0577850086271574","0.0635505514925189","0.0494869403727069"
"mle","1.06570562829357","1.96277045860339","3.00426067604598","1.03235405702875","0.0422899804621905","0.0457133110501565","0.0324064245164177"
"mle-w","1.06570562829357","1.96277045860339","3.00426067604598","1.03235405702875","0.0422899804621905","0.0457133110501565","0.0324064245164177"
