"Method","beta0.x","beta1.x","beta2.x","sigma.x","beta0.y","beta1.y","beta2.y"
"oracle","1.04971526928618","2.01394326918427","3.00980755911116","0.970047581261296","0.0306377939283715","0.031795787406217","0.0208225812598411"
"naive","-0.365518951939611","1.36489535644231","1.77881245496443","3.24008352531423","0.0877292497564335","0.110160102725822","0.0752584275158661"
"cc","1.03954909535861","2.03945382312675","3.03602642994439","0.978558897386095","0.0433095074010322","0.0447439296211404","0.0276767971502881"
"ipw","1.02435228178482","2.02166530414863","3.03701055160856","0.978830303475136","0.0437028543418685","0.0454094652655768","0.0276294923041817"
"ipw-w","1.0123378514024","2.01258019513016","3.05943700102097","0.979924546307812","0.048884513473272","0.0444866890464417","0.0349709790018821"
"mle","1.02392748886469","2.00168214123263","3.02757090605804","0.972451186300879","0.0390715971571442","0.0406947717353379","0.0255788201291694"
"mle-w","1.02392748886469","2.00168214123263","3.02757090605804","0.972451186300879","0.0390715971571442","0.0406947717353379","0.0255788201291694"
