"Method","beta0.x","beta1.x","beta2.x","sigma.x","beta0.y","beta1.y","beta2.y"
"oracle","1.02908617543827","1.93380887985383","2.98996175780131","0.984914612242627","0.0312475676478464","0.0340193665753045","0.0235088250630608"
"naive","-0.333734285115752","1.36335802770581","1.69992154352282","3.14994904909499","0.0891838572634943","0.104123666431739","0.0741714698173832"
"cc","1.02709498662394","1.91009714670977","3.00935586957562","0.97037843294111","0.0452259964641445","0.0461474856588005","0.0331038167645614"
"ipw","1.02215034252191","1.87475283999926","3.00418701446241","0.970983508020725","0.0477390696538046","0.0485706512404585","0.0373538894403597"
"ipw-w","1.06584452692884","1.86423450891804","3.02183587281417","0.972665495999405","0.0544264144241752","0.0534431819803017","0.0427682573262278"
"mle","1.01074029456826","1.93119474717132","3.00488949939483","0.962885370897329","0.0406532048779178","0.0684329952787942","0.0326323518857823"
"mle-w","1.01074029456826","1.93119474717132","3.00488949939483","0.962885370897329","0.0406532048779178","0.0684329952787942","0.0326323518857823"
