"Method","beta0.x","beta1.x","beta2.x","sigma.x","beta0.y","beta1.y","beta2.y"
"oracle","0.972183998175341","2.05510695505772","3.0084145614019","0.995470524994484","0.0315791384354823","0.0315016373470456","0.0231171992009361"
"naive","-0.464587738175119","1.43815582267909","1.75316034760215","3.07452811285515","0.0905489246782096","0.0988339302847703","0.0708503042386111"
"cc","0.960931949293044","2.02723241888006","2.97128206201674","0.998803761001495","0.0435648989776361","0.042830218349636","0.0300618978326418"
"ipw","0.940177923273358","2.0348012258302","2.99259781022587","0.999332150064205","0.0449008357551563","0.045810404768886","0.0323093780134781"
"ipw-w","0.973621165263482","2.0040440861246","2.97524573076137","0.999258489988374","0.05429998973085","0.0535755522949259","0.0362775031959468"
"mle","0.96233750852219","2.04833563052864","2.99062963236164","1.00619495744022","0.0398073299599732","0.0391448954440046","0.0283723765088789"
"mle-w","0.96233750852219","2.04833563052864","2.99062963236164","1.00619495744022","0.0398073299599732","0.0391448954440046","0.0283723765088789"
