"Method","beta0.x","beta1.x","beta2.x","sigma.x","beta0.y","beta1.y","beta2.y"
"oracle","1.01979640892333","1.97693445443714","2.97325737432489","1.00976981528474","0.0318760055958723","0.0333030551099088","0.0217818008684426"
"naive","-0.39506448168228","1.36433366663423","1.6478351868034","3.06504478551993","0.0881088426264778","0.104784863766202","0.0741472670753612"
"cc","0.972868345779986","1.96349569452856","3.00990691556196","0.999977574025321","0.0459585592320569","0.0461226996063538","0.0310393278643793"
"ipw","0.972248101136737","1.95424104632565","3.02186245531745","1.00022023024796","0.0481135750399888","0.0495601627181308","0.0351603098768424"
"ipw-w","0.981026321191571","2.00019052495291","3.00180911293736","1.00088563015214","0.0542373969400766","0.0566947452344088","0.0361116104769075"
"mle","1.00525803039179","1.97503632671184","2.99953166695401","1.00016149491003","0.0409185268470668","0.0413737873746503","0.0241154141979844"
"mle-w","1.00525803039179","1.97503632671184","2.99953166695401","1.00016149491003","0.0409185268470668","0.0413737873746503","0.0241154141979844"
