"Method","beta0.x","beta1.x","beta2.x","sigma.x","beta0.y","beta1.y","beta2.y"
"oracle","1.0113471025847","1.99851764660754","3.0273906310018","1.00745268091858","0.0319145188135062","0.0329891431246862","0.0248210314740293"
"naive","-0.264211645143373","1.28056812847282","1.65033665308451","3.2239973662525","0.0898656656003922","0.108300112541643","0.0800695924323651"
"cc","1.00643163037801","1.98601206644007","3.02631019631976","1.00933754353428","0.0456086615714343","0.0476081960521979","0.0344132438998481"
"ipw","1.01451317256526","1.99050234876458","3.01996902979453","1.00941178228562","0.0475850032745481","0.0489797779257075","0.0359209448759423"
"ipw-w","0.98306237242028","1.94927680300698","3.00762201578421","1.01037049529063","0.0610382766168903","0.060013997992443","0.0435647125303432"
"mle","1.01351304081108","1.98519675055584","3.01714486481657","1.00398271437442","0.0404701645270929","0.0424844916328061","0.0299950862403257"
"mle-w","1.01351304081108","1.98519675055584","3.01714486481657","1.00398271437442","0.0404701645270929","0.0424844916328061","0.0299950862403257"
