"Method","beta0.x","beta1.x","beta2.x","sigma.x","beta0.y","beta1.y","beta2.y"
"oracle","1.04378710290631","1.99542673004345","3.0060815070628","1.00269163856736","0.0316602076933576","0.03408460354707","0.0240377537329987"
"naive","-0.43548950358175","1.33618212446369","1.55949821559153","3.25603864878208","0.0970282124073081","0.12142749369724","0.0783656087081594"
"cc","1.02532205822603","1.93587858367619","3.00540280286261","0.947167822019492","0.0452107887584694","0.0473998427099953","0.0347319721500642"
"ipw","1.0105969939262","1.92881634419828","3.01921554390149","0.947474456239905","0.0466122438942095","0.0513071329193253","0.0348714874860051"
"ipw-w","0.988887130173838","1.97451568431271","3.04872805360037","0.949339414435102","0.0535973787490187","0.0514503652787352","0.0370202758793072"
"mle","1.08345666935479","1.93922432520303","2.97089326542913","0.957277837759932","0.0405821979904479","0.0431241859961515","0.0305520966790847"
"mle-w","1.08345666935479","1.93922432520303","2.97089326542913","0.957277837759932","0.0405821979904479","0.0431241859961515","0.0305520966790847"
