"Method","beta0.x","beta1.x","beta2.x","sigma.x","beta0.y","beta1.y","beta2.y"
"oracle","0.988048908530589","2.06630756660474","3.01999672029056","0.987902504319372","0.0312259053096284","0.0329553071875271","0.0251814218437575"
"naive","-0.318158982494866","1.38436370615844","1.58799075558455","3.00733729484799","0.0913664631617217","0.107606991567697","0.0752283754995508"
"cc","0.93265099642261","2.11330654295939","3.032006290339","0.970991490105747","0.0468509960402709","0.0453383956076856","0.0377894860800795"
"ipw","0.944968039890836","2.13208949447397","3.03017909273372","0.971255444459939","0.0489253284372381","0.0465795460054088","0.0435730445623257"
"ipw-w","0.919675417338199","2.11818879280118","3.05991532094663","0.971631363386177","0.0517751013770548","0.048589782417762","0.0413826195871655"
"mle","1.00083164921901","2.05609758565083","3.0082372383266","0.989792087065019","0.0414435843624531","0.0435678514362021","0.0322090058933419"
"mle-w","1.00083164921901","2.05609758565083","3.0082372383266","0.989792087065019","0.0414435843624531","0.0435678514362021","0.0322090058933419"
