"Method","beta0.x","beta1.x","beta2.x","sigma.x","beta0.y","beta1.y","beta2.y"
"oracle","0.981906847049748","2.01383412108502","2.98580267278396","0.976415953395846","0.0308463204504123","0.0324342570963803","0.0231158283340161"
"naive","-0.32211891195213","1.34405064785841","1.72026592878822","3.02224301392589","0.0881675625226773","0.101957940032108","0.0756693709024498"
"cc","0.949837677613138","1.97763016894629","3.015136850332","1.01436458710246","0.0467910213045513","0.0476095478384499","0.0349314935104767"
"ipw","0.95338875833641","2.00596306720674","3.01925525081913","1.0147244166228","0.0461764036138594","0.0480214907168178","0.0365405558707283"
"ipw-w","0.950450788150783","2.00315697719166","3.01371088377677","1.01469214298494","0.0576177496837254","0.0587582755075885","0.0415926672445908"
"mle","0.966983466528221","1.97905832706456","3.00167485587434","1.01354731787543","0.0414110063325604","0.0435802837564997","0.0312852974680341"
"mle-w","0.966983466528221","1.97905832706456","3.00167485587434","1.01354731787543","0.0414110063325604","0.0435802837564997","0.0312852974680341"
