"Method","beta0.x","beta1.x","beta2.x","sigma.x","beta0.y","beta1.y","beta2.y"
"oracle","0.98407616884834","1.97577335862818","3.03493153587164","1.05326450708446","0.0333635225850099","0.0363058575158981","0.0249781334239968"
"naive","-0.601521964781453","1.32303333670174","1.72008101573593","3.26287117759429","0.0925623117701659","0.118632238385752","0.0841371936645519"
"cc","0.964381474803219","1.96580433767171","3.07670976002566","1.04571791382786","0.0480347825729932","0.0535239350397146","0.0368091111541483"
"ipw","0.99134091004394","1.98428062646735","3.04751315060492","1.04701913126605","0.0499644314585779","0.055238437832167","0.0405085095620865"
"ipw-w","0.929102766363208","2.03386227589915","3.12187427205355","1.04859066201245","0.0591362165185629","0.064519891722855","0.0457758507227959"
"mle","0.971615756663985","1.95924142256244","3.05958029807857","1.04247043495135","0.0426451668154652","0.0435540644873131","0.0306497722528933"
"mle-w","0.971615756663985","1.95924142256244","3.05958029807857","1.04247043495135","0.0426451668154652","0.0435540644873131","0.0306497722528933"
