"Method","beta0.x","beta1.x","beta2.x","sigma.x","beta0.y","beta1.y","beta2.y"
"oracle","0.987585458446177","1.99302778903198","2.94931917861914","0.983236065874109","0.031181578105464","0.0330235037540219","0.0230786482969622"
"naive","-0.236258828231412","1.50230891529491","1.62413714318798","3.10550875975842","0.0908993628207347","0.100929161821912","0.0754056516644622"
"cc","0.976023800335004","2.04213146186305","2.9694411475024","0.999437785311676","0.0471404096521561","0.0489241813920556","0.0325094538531989"
"ipw","0.972730958394554","2.04542208439832","2.95709759755686","0.999637768908255","0.0524633617916319","0.0543182472466895","0.037884948259398"
"ipw-w","0.969397548289216","2.0184154943614","2.9494924150077","1.00000561112142","0.0565788452633501","0.0589222330712271","0.0376559075871611"
"mle","1.00919034532633","2.03202296038309","2.95390389195154","0.997143896421509","0.0416348770776776","0.0422482634773958","0.0287709456565149"
"mle-w","1.00919034532633","2.03202296038309","2.95390389195154","0.997143896421509","0.0416348770776776","0.0422482634773958","0.0287709456565149"
