"Method","beta0.x","beta1.x","beta2.x","sigma.x","beta0.y","beta1.y","beta2.y"
"oracle","0.965352776895958","1.98795676614713","2.98874595630642","1.02905777367511","0.032682432709343","0.0344512911620192","0.0271734516384666"
"naive","-0.473278834689994","1.22286540338147","1.61346559425168","3.0274791751727","0.0888997457466207","0.101826617565099","0.0766370055924872"
"cc","1.00713524856695","1.96525760349563","2.97234263345879","1.00988501520811","0.0455911827716947","0.0481053928661289","0.037224202862327"
"ipw","1.00990960066104","1.98161265749956","2.97655655818819","1.01000076921011","0.0466255874780364","0.0507502860871689","0.0380287978668541"
"ipw-w","1.07416372673976","1.92822873393278","2.94826704733829","1.01243181519193","0.0614939679448205","0.0658697610212541","0.0495379683668947"
"mle","1.00265793481758","1.98956064491222","2.96655217944758","1.0039317115918","0.0408253386406464","0.0424042857271434","0.0331446839490236"
"mle-w","1.00265793481758","1.98956064491222","2.96655217944758","1.0039317115918","0.0408253386406464","0.0424042857271434","0.0331446839490236"
