"Method","beta0.x","beta1.x","beta2.x","sigma.x","beta0.y","beta1.y","beta2.y"
"oracle","1.03644943826975","2.02326920010374","2.96295899056973","1.01838288046705","0.0322820455506761","0.0361318251656154","0.0260940859498874"
"naive","-0.181143394815271","1.31108750786602","1.60116201158145","3.0261420147942","0.0854166337656126","0.106405501681828","0.0903407062824225"
"cc","1.05194900901805","2.05232472117622","2.96626303394857","1.01293324848131","0.0470554818605798","0.0498349587579052","0.0371642572953951"
"ipw","1.03078052183696","2.06909357725573","2.98305757480572","1.01333272962109","0.0554909882773708","0.0531951583680448","0.0517508992030845"
"ipw-w","0.973865422868603","2.0249621783984","2.93953596387912","1.01713409444665","0.0570421917930848","0.0712209147017317","0.0414301518808184"
"mle","1.0814707287196","2.05479748640255","2.93187578372752","1.01070053057279","0.0413369733590819","0.0455126646580156","0.0331562327974303"
"mle-w","1.0814707287196","2.05479748640255","2.93187578372752","1.01070053057279","0.0413369733590819","0.0455126646580156","0.0331562327974303"
