"Method","beta0.x","beta1.x","beta2.x","sigma.x","beta0.y","beta1.y","beta2.y"
"oracle","0.961702379320314","2.02948550512093","2.98090829504096","0.969660357847913","0.0305936612525173","0.0329918570164524","0.023219192058066"
"naive","-0.351431606750858","1.30635291889688","1.58448195733903","3.03852963389376","0.0898833080183557","0.100087393148552","0.0745039645773386"
"cc","0.978561514863309","2.05423820244855","2.9481150886887","0.976127957941957","0.0446394947339229","0.0477918231931547","0.0317549313089485"
"ipw","0.983798902894374","2.04999743171036","2.94375126191146","0.976153067950827","0.0438190460148027","0.0480063106364823","0.0302479304266145"
"ipw-w","0.940990523926821","2.10222915756253","2.92776067880714","0.97910559383906","0.0544543124005702","0.0571270901786297","0.0406491075183023"
"mle","0.965141036243268","2.04681123006823","2.95738005133284","0.97810832157297","0.0399832575952619","0.043053887285774","0.0281995681303868"
"mle-w","0.965141036243268","2.04681123006823","2.95738005133284","0.97810832157297","0.0399832575952619","0.043053887285774","0.0281995681303868"
