"Method","beta0.x","beta1.x","beta2.x","sigma.x","beta0.y","beta1.y","beta2.y"
"oracle","0.914761098333942","2.016110827094","3.04967002223968","0.958188782001597","0.0303248444035827","0.0317611769851364","0.0226885190685295"
"naive","-0.478397159661292","1.28256573988538","1.63824284580765","3.11166635330921","0.0875139398606884","0.100175859402625","0.0767122397970058"
"cc","0.858554681226047","2.0150837018075","3.10363219296003","0.958521280258341","0.0427545982842039","0.0428120973471952","0.0316106192831875"
"ipw","0.869949875661102","2.00756564034917","3.10024668498613","0.9586106028733","0.0443956225341749","0.0462734761197395","0.0300368499013159"
"ipw-w","0.888622624959564","2.00482221756624","3.08181763753672","0.959252257799487","0.0502101500233673","0.0504240480755556","0.03744628034399"
"mle","0.858230597812622","2.03065291142512","3.10671331046575","0.965426535897613","0.0390056373540211","0.0393923795394578","0.0289442149833552"
"mle-w","0.858230597812622","2.03065291142512","3.10671331046575","0.965426535897613","0.0390056373540211","0.0393923795394578","0.0289442149833552"
