"Method","beta0.x","beta1.x","beta2.x","sigma.x","beta0.y","beta1.y","beta2.y"
"oracle","1.01959343884539","1.99889389174742","3.00305485899052","1.02592872599557","0.0325019230003937","0.0338189148660429","0.0244519110570764"
"naive","-0.341096662413336","1.28669562951439","1.63138232957824","3.14173963300837","0.0858365196321755","0.103309227444332","0.0802513901496062"
"cc","1.02649072124586","1.99362709973934","2.9954463030815","1.01233698436847","0.0449201469858566","0.045014582578078","0.0343054173267168"
"ipw","1.013044321364","1.97205582473255","2.98623206007453","1.01265473406704","0.0459126040832971","0.0476302010668047","0.0342258709015213"
"ipw-w","1.03247810461662","2.03181538734229","2.97743886900228","1.01381417811155","0.0562615776618676","0.0592755613815604","0.0421101410547354"
"mle","1.06372757760576","2.01707032561887","2.98441710784487","1.02118175947148","0.0406548225056622","0.0420832739627004","0.0304080947344083"
"mle-w","1.06372757760576","2.01707032561887","2.98441710784487","1.02118175947148","0.0406548225056622","0.0420832739627004","0.0304080947344083"
