"Method","beta0.x","beta1.x","beta2.x","sigma.x","beta0.y","beta1.y","beta2.y"
"oracle","1.03116947026089","2.00430040078196","2.98167341923429","1.00231778760565","0.0317233735304396","0.0332421857436132","0.0230956165538765"
"naive","-0.413161052333799","1.44574380394955","1.64142201154255","3.26664382356933","0.0919910353918917","0.105341288030028","0.0734232476318594"
"cc","1.00650497140673","2.03744860304652","2.97692491908936","1.0249339185876","0.0458996268949954","0.0471965597394683","0.0333455315655049"
"ipw","0.982310774675557","2.02215669424606","2.97865130312629","1.02538359407995","0.0488330679799813","0.0522409140762136","0.0364188892794422"
"ipw-w","0.965818474676283","2.08331807460797","2.98362794083773","1.02659734612534","0.0528747030582087","0.0544449445316264","0.040209009953232"
"mle","0.994649473558877","2.03858683077348","2.98890030590655","1.04962641969938","0.0419015110604648","0.0446351484521973","0.0303138688998135"
"mle-w","0.994649473558877","2.03858683077348","2.98890030590655","1.04962641969938","0.0419015110604648","0.0446351484521973","0.0303138688998135"
