"Method","beta0.x","beta1.x","beta2.x","sigma.x","beta0.y","beta1.y","beta2.y"
"oracle","1.00105992787628","1.99369021151306","3.00270280469635","1.02248585052753","0.0323425892036855","0.0346889817071449","0.0233391158143812"
"naive","-0.558984305509908","1.05968252516917","1.74056402048239","3.12457984929064","0.087595873448389","0.109708607518587","0.0726117666670018"
"cc","1.02906449673226","2.04045942006183","3.00959396425712","1.01590345732837","0.0468557788125594","0.0500068630934479","0.0317753790506482"
"ipw","0.987846494678329","2.05997615916061","3.02876620788268","1.01694647309001","0.0491623239227957","0.0515943155733559","0.0356385807649045"
"ipw-w","0.984450140141475","2.06347857519554","2.98740975579423","1.01828186826987","0.0569898371722705","0.0632735128718693","0.0384841526718814"
"mle","1.0243323697985","2.00195182503596","2.99828728176893","1.01177228079523","0.0414559234504153","0.0451897028781129","0.0283454656467609"
"mle-w","1.0243323697985","2.00195182503596","2.99828728176893","1.01177228079523","0.0414559234504153","0.0451897028781129","0.0283454656467609"
