"Method","beta0.x","beta1.x","beta2.x","sigma.x","beta0.y","beta1.y","beta2.y"
"oracle","1.00035187352875","1.91463733342178","3.03805836965078","1.01828127873164","0.0322007834027405","0.0359973068392389","0.0244015826676604"
"naive","-0.652922259442298","1.26357800963537","1.60476438326992","3.21203064759219","0.0934658995480074","0.120843703654929","0.0743627974105215"
"cc","1.05733623564395","1.85520049670813","2.98850519159713","0.991881043093194","0.0461192685472852","0.0515932712322677","0.0371407301879266"
"ipw","1.04752396331678","1.85835962856765","2.98576107623456","0.991948525212723","0.0488993618584112","0.0568237856152916","0.0443044804342697"
"ipw-w","1.03495618870515","1.89085910788813","3.02081799659486","0.992980246701898","0.0579599620115298","0.0628559247957225","0.0469968607388301"
"mle","1.01956929028095","1.90865124125473","3.02268424486398","0.990601561540027","0.0412756810356654","0.0452920917882201","0.0318559974233172"
"mle-w","1.01956929028095","1.90865124125473","3.02268424486398","0.990601561540027","0.0412756810356654","0.0452920917882201","0.0318559974233172"
