"Method","beta0.x","beta1.x","beta2.x","sigma.x","beta0.y","beta1.y","beta2.y"
"oracle","1.01813160177575","2.00196060127333","3.01737388806519","1.01738262918679","0.0324131195808246","0.0348929109020991","0.0242448442599774"
"naive","-0.437011427222007","1.36552951456917","1.56191845727299","3.30242342277346","0.0939776673250241","0.106637832396938","0.0813302023596046"
"cc","1.05260217416574","1.96177285883153","3.01244909787566","1.04848386748767","0.0473307864904336","0.0481807686791566","0.0383523904136167"
"ipw","1.05723362000338","1.93489891029804","2.98454456715806","1.04917381733292","0.050105481189396","0.0511989011147654","0.0401138991150912"
"ipw-w","1.01846659925498","2.03100817803553","3.03594515911618","1.05092872163546","0.0641455132856451","0.0552780351733118","0.0486266232288009"
"mle","1.04653330061813","1.97401046429472","3.02761215873393","1.05019298718239","0.0427088046078424","0.04412926186856","0.0325900359214437"
"mle-w","1.04653330061813","1.97401046429472","3.02761215873393","1.05019298718239","0.0427088046078424","0.04412926186856","0.0325900359214437"
