"Method","beta0.x","beta1.x","beta2.x","sigma.x","beta0.y","beta1.y","beta2.y"
"oracle","0.999048876324578","2.01844161066541","3.00895738030253","0.958138747591373","0.0303581460423988","0.0299146028420104","0.0213618041980236"
"naive","-0.416682570252351","1.4221132041973","1.77788088651364","3.21922462712726","0.0872660521587793","0.103935414856563","0.0811049937874341"
"cc","0.995853832360291","2.08030702632158","3.02855305552461","0.949945877998898","0.0454137327650523","0.0428676087577343","0.0316501149227724"
"ipw","1.01015049947329","2.05302169518557","3.0016700570524","0.95072840674056","0.048804985515778","0.0533789247866521","0.0365961493098738"
"ipw-w","0.985873176726679","2.12966452517079","3.07553518545706","0.952382698030611","0.0494426179931752","0.0490035165277981","0.0360460107491066"
"mle","1.02205794320518","2.04481587365523","3.02246457397716","0.946088326494369","0.0399521472303738","0.0388720534182255","0.0273400304342591"
"mle-w","1.02205794320518","2.04481587365523","3.02246457397716","0.946088326494369","0.0399521472303738","0.0388720534182255","0.0273400304342591"
