"Method","beta0.x","beta1.x","beta2.x","sigma.x","beta0.y","beta1.y","beta2.y"
"oracle","0.98921200107162","1.94725945134326","2.97035930650464","1.00589918966917","0.0317659512794727","0.0361956083500744","0.0252199603107143"
"naive","-0.305380926606279","1.24073546953092","1.58964419961661","3.23667377648499","0.094605925705328","0.107964593728273","0.0815508199759619"
"cc","1.04893329550909","1.94313434110176","2.90411768624521","0.984466141429666","0.0433831087818074","0.0475375337167913","0.033724711114695"
"ipw","1.04282105797592","1.92848820573871","2.89845965532977","0.984602151919331","0.045333662209932","0.0494897935201765","0.0367965429171571"
"ipw-w","1.06619088049313","1.92003336349797","2.88600085371398","0.984945390606308","0.0551569204715097","0.0535938520820854","0.0390821901205337"
"mle","1.01879416201746","1.94271175808948","2.93339169776942","0.995562652217784","0.041251742173095","0.043459409754445","0.0109966047585922"
"mle-w","1.01879416201746","1.94271175808948","2.93339169776942","0.995562652217784","0.041251742173095","0.043459409754445","0.0109966047585922"
