"Method","beta0.x","beta1.x","beta2.x","sigma.x","beta0.y","beta1.y","beta2.y"
"oracle","1.01587079934742","1.9419784409806","2.98373300657622","1.0253561513075","0.0324708160847153","0.035312381684743","0.0247971607025125"
"naive","-0.365170758818851","1.31422044244709","1.60627011234513","3.26540710916172","0.0954522622424687","0.109538324679159","0.0776387310571679"
"cc","1.0252434125846","1.91362681547542","2.95649946449619","0.970898359672423","0.044818827264892","0.0468412917095202","0.0320072898504556"
"ipw","1.0155146872079","1.90013208994733","2.9477753746013","0.971091966371617","0.0471474080570606","0.0517378000214314","0.0343254881913413"
"ipw-w","1.04193142907582","1.92916328341501","2.92550353903542","0.972177869375111","0.0547279304560513","0.0544235700134042","0.043942597501747"
"mle","1.00825713899061","1.93144450977433","2.98802127099262","0.992972314147591","0.0406952149204424","0.0427419207358216","0.0287298091484486"
"mle-w","1.00825713899061","1.93144450977433","2.98802127099262","0.992972314147591","0.0406952149204424","0.0427419207358216","0.0287298091484486"
