"Method","beta0.x","beta1.x","beta2.x","sigma.x","beta0.y","beta1.y","beta2.y"
"oracle","0.93045307565734","1.96959012365235","3.0130226928235","0.99107562001268","0.0313973128372762","0.0326898112658803","0.0242235521515992"
"naive","-0.383421542057107","1.38094759120198","1.67279242727793","3.03342632686018","0.0928217306066973","0.0982309461650985","0.0786086999164139"
"cc","0.904390845929519","1.96500378375948","3.00381544258179","0.975420217495074","0.0461562988287358","0.0463516499349377","0.0364122426439477"
"ipw","0.9176460929394","1.99431271928801","3.00057970023358","0.975949307901915","0.0478730168483541","0.0478688655396506","0.0408572033601811"
"ipw-w","0.950310313651426","1.96116980747971","2.95005741356354","0.978162458528684","0.0604984358506194","0.0525469554353428","0.0502921929871526"
"mle","0.908457166125087","2.00324525355096","3.03069824457495","0.991218825825419","0.0415530345881037","0.0420516114959654","0.0319562848035636"
"mle-w","0.908457166125087","2.00324525355096","3.03069824457495","0.991218825825419","0.0415530345881037","0.0420516114959654","0.0319562848035636"
