"Method","beta0.x","beta1.x","beta2.x","sigma.x","beta0.y","beta1.y","beta2.y"
"oracle","1.03114579694353","1.92964000957017","3.00011227670699","1.03392496933946","0.0328573209794948","0.034272306089471","0.0247943677154164"
"naive","-0.223675383951359","1.21674436568576","1.48207867112966","3.19999667341158","0.0979362123236738","0.106038576797365","0.0813156430184427"
"cc","1.06717787099113","1.93080634352622","3.00002092390612","1.05380657793516","0.0493661796460006","0.0487422069138138","0.0376981980598198"
"ipw","1.09758212903807","1.92004029022018","2.97235806272126","1.0545434728873","0.0505265797263243","0.0513907516540247","0.0402820955227998"
"ipw-w","0.991779842312133","1.95369096800693","2.99607043486606","1.05695243711101","0.0589943315252033","0.0558517805370308","0.0458135097618954"
"mle","0.97759356958691","1.93753635893809","3.04918659291048","1.06042228837324","0.0434575989152044","0.0444354999688869","0.0330916259444972"
"mle-w","0.97759356958691","1.93753635893809","3.04918659291048","1.06042228837324","0.0434575989152044","0.0444354999688869","0.0330916259444972"
