"Method","beta0.x","beta1.x","beta2.x","sigma.x","beta0.y","beta1.y","beta2.y"
"oracle","1.06085648432263","2.07058742428788","3.01512297414691","0.994722544225368","0.031464368385905","0.0335620915890406","0.0232223933868701"
"naive","-0.268569063797679","1.31832493433222","1.54356335244017","3.09252063182834","0.0930404123568107","0.103842462432799","0.0751347945645388"
"cc","1.06640446409575","2.05556547593548","3.00798108030484","1.03394366890818","0.0489203823837217","0.0477833763518038","0.0353088672273357"
"ipw","1.0400487420983","2.0627886540835","3.04068175886656","1.03491040458215","0.0531710862475312","0.0541248593532943","0.0459077352560101"
"ipw-w","1.12237995052584","2.00425811390705","3.00632826896533","1.03676985461976","0.0621832602880745","0.0601115935019756","0.0442724729115429"
"mle","1.04460345560282","2.02170222626428","2.99775139810056","1.02577340129773","0.042333061341997","0.0429412101227822","0.0311966014877039"
"mle-w","1.04460345560282","2.02170222626428","2.99775139810056","1.02577340129773","0.042333061341997","0.0429412101227822","0.0311966014877039"
