"Method","beta0.x","beta1.x","beta2.x","sigma.x","beta0.y","beta1.y","beta2.y"
"oracle","1.05811914003579","1.99962932105596","2.93485344262869","0.981525885901872","0.0310427923307794","0.0328471549150077","0.0235739585194556"
"naive","-0.35541354949868","1.30315384069292","1.46925748637635","3.15516758083338","0.0945022771946301","0.101738443201489","0.0813154657099741"
"cc","1.06991942687241","2.00941444114356","2.90046906405265","0.992368213283003","0.0469617838127547","0.0497334421605458","0.0353252582989361"
"ipw","1.07220391167634","2.05433118348164","2.90953128317534","0.993234618766501","0.0507363763600701","0.0649633638560322","0.0403012980276615"
"ipw-w","1.07550702366485","1.9922882996029","2.90198922709999","0.992540413159884","0.0504079647615474","0.0572803194466827","0.038477531805407"
"mle","1.05397057792454","1.99027080703955","2.91240899482168","0.995901349750986","0.0412725595629377","0.0437220050738677","0.031240895748293"
"mle-w","1.05397057792454","1.99027080703955","2.91240899482168","0.995901349750986","0.0412725595629377","0.0437220050738677","0.031240895748293"
