"Method","beta0.x","beta1.x","beta2.x","sigma.x","beta0.y","beta1.y","beta2.y"
"oracle","1.00853275345384","2.06085684901678","2.9954866327757","0.997345650061738","0.0316188203507191","0.0320118792116615","0.0235529924144708"
"naive","-0.264594601004227","1.56499154988357","1.69090663614993","3.12872592616033","0.0906309822396364","0.101332905120257","0.0816135984411674"
"cc","1.01333536656327","2.06824220154659","3.03858093229346","0.968437015837438","0.0449874938759534","0.04238912049633","0.0333181486110732"
"ipw","1.02525902640995","2.03307317385945","3.01167615523492","0.969304023076323","0.0471430646319726","0.0486261388911088","0.038009096734093"
"ipw-w","1.03545326891695","2.07215659430997","3.02570095548922","0.968781555835824","0.0521063610405468","0.0491261771344736","0.0404427135701542"
"mle","1.02513358262648","2.05098522558561","3.01427441434448","0.973090735242402","0.0401500152516075","0.0386876550541975","0.0303101277756214"
"mle-w","1.02513358262648","2.05098522558561","3.01427441434448","0.973090735242402","0.0401500152516075","0.0386876550541975","0.0303101277756214"
