"Method","beta0.x","beta1.x","beta2.x","sigma.x","beta0.y","beta1.y","beta2.y"
"oracle","0.963189018672349","2.04016539036275","3.0177328254898","1.01083204954328","0.0319905431558804","0.0331435830546481","0.0236145133172333"
"naive","-0.550504092469656","1.29450203556293","1.67681573202553","3.26353271428682","0.0942758481680559","0.113782511254404","0.0728556604013297"
"cc","1.02494573822035","2.02373095057083","3.04663619133099","1.00684705649027","0.0477923185564916","0.0470681906316168","0.033975327480416"
"ipw","1.01375811498268","1.99131304084113","3.06372019004803","1.00797940727509","0.0497371247305948","0.0526693851302077","0.0384618619415915"
"ipw-w","1.0267501396298","2.01322066206789","3.05958622866682","1.00716761078432","0.0633473403277032","0.0570915062191986","0.0454077034410216"
"mle","1.0192808226581","2.06581811835944","3.04643390903179","1.01558567737391","0.0426474182275111","0.04290767410655","0.0303893996927281"
"mle-w","1.0192808226581","2.06581811835944","3.04643390903179","1.01558567737391","0.0426474182275111","0.04290767410655","0.0303893996927281"
