"Method","beta0.x","beta1.x","beta2.x","sigma.x","beta0.y","beta1.y","beta2.y"
"oracle","0.98529521462284","1.97545527496367","2.96419499301805","1.02215300463622","0.0324160250602382","0.0369110645261418","0.0232616654629067"
"naive","-0.552671071626541","1.44673578829125","1.62966570893824","3.14102617411642","0.0902355357375476","0.108978649462581","0.0794095994872768"
"cc","0.966214406326208","2.0825416646269","3.00653105001207","1.01768562054442","0.0472517780940883","0.056864687772935","0.0340246734244114"
"ipw","0.987571854448835","2.09611474757687","3.00195128357099","1.01802292452825","0.0480483360671938","0.0589436690700503","0.0353488914547458"
"ipw-w","0.985047925291172","2.14063274889235","3.0069730661071","1.01938579501321","0.0521774160749351","0.0718453859306088","0.0400738087299122"
"mle","0.932879828383104","2.09959248436374","3.04099862904826","1.03217647954866","0.0421570310034836","0.0493587636669021","0.0303583150100058"
"mle-w","0.932879828383104","2.09959248436374","3.04099862904826","1.03217647954866","0.0421570310034836","0.0493587636669021","0.0303583150100058"
