"Method","beta0.x","beta1.x","beta2.x","sigma.x","beta0.y","beta1.y","beta2.y"
"oracle","1.0436467412972","1.98083945248107","2.99115477060629","0.966422959091414","0.0305621766068926","0.0335242208025379","0.023587967614426"
"naive","-0.316232360289197","1.25870856773552","1.60177714452768","3.22010348130516","0.0937004537059624","0.111305785077022","0.0855468890670986"
"cc","1.01543851165463","2.02009531177776","2.98196149176284","0.963897754134288","0.0452631207128616","0.0475300736759778","0.0342384691843064"
"ipw","1.0106435855315","2.01569020686794","2.99854685734743","0.964194404925995","0.0475076291508837","0.0487783414838938","0.0402815095318244"
"ipw-w","1.01300277435403","2.03041548658623","3.02437899354703","0.965530883657305","0.0586957745171833","0.0614406309274211","0.0429369960991267"
"mle","0.997113584867376","1.99100065206964","3.00047826581903","0.971755839099151","0.0401783823100589","0.0431826053964558","0.0299556843309188"
"mle-w","0.997113584867376","1.99100065206964","3.00047826581903","0.971755839099151","0.0401783823100589","0.0431826053964558","0.0299556843309188"
