"Method","beta0.x","beta1.x","beta2.x","sigma.x","beta0.y","beta1.y","beta2.y"
"oracle","0.962977360988573","1.99612240466147","2.99660053590365","1.01422879079961","0.0320477604487593","0.0345717455019445","0.0227717669473988"
"naive","-0.277581872252743","1.28532878356347","1.69826967825819","3.06241144037905","0.0885348224808946","0.104649911621208","0.0928737016889156"
"cc","0.996545971362921","1.98215284869333","2.96512527102737","1.02620442463936","0.0448961250284231","0.0506259251604705","0.0331655925304735"
"ipw","1.01065089618231","1.93352992207452","2.94582962256183","1.02723795764508","0.0467449662380998","0.0580870910584856","0.0361654692466402"
"ipw-w","1.01236774686502","1.96714740128045","2.95558544240105","1.02640872906782","0.052007006751668","0.0535623744611016","0.0384250480610618"
"mle","1.00935249248916","2.00386184954325","2.98626646000208","1.02511967968476","0.0407250334603138","0.04420121402813","0.0299688720907635"
"mle-w","1.00935249248916","2.00386184954325","2.98626646000208","1.02511967968476","0.0407250334603138","0.04420121402813","0.0299688720907635"
