"Method","beta0.x","beta1.x","beta2.x","sigma.x","beta0.y","beta1.y","beta2.y"
"oracle","0.982742621989301","1.95552440595828","2.95381923033647","0.996491814927494","0.0315436699384313","0.0322819220437053","0.0245801317015063"
"naive","-0.410021241589966","1.37058505207214","1.54741825829338","3.13458248753345","0.0947360058612988","0.102319842978229","0.0741443237072567"
"cc","0.971109278958643","1.96976193739923","2.9228691667084","0.958884685719185","0.0453183158048577","0.0462143303187515","0.0322939429692787"
"ipw","0.97293588714228","1.96281815986488","2.92049872407431","0.95890654556293","0.0472579367236659","0.0483813337079152","0.0339439512874976"
"ipw-w","1.02948526010003","1.96026360182505","2.883491535141","0.961424466527437","0.0517325317775518","0.0519460799128624","0.0342090786573086"
"mle","0.99852419273439","1.97941946478097","2.91119716211783","0.975743609011849","0.0408051585950641","0.040935076660967","0.0297000114001327"
"mle-w","0.99852419273439","1.97941946478097","2.91119716211783","0.975743609011849","0.0408051585950641","0.040935076660967","0.0297000114001327"
