"Method","beta0.x","beta1.x","beta2.x","sigma.x","beta0.y","beta1.y","beta2.y"
"oracle","0.988211791860728","2.05454969569889","3.01777796127142","0.970395609796406","0.030674789667444","0.0323124525284348","0.0223550437325887"
"naive","-0.531752544427572","1.28654931727814","1.56726662232739","3.15636491158843","0.0933672535994145","0.113376993555161","0.0705828564230881"
"cc","0.958921114910329","2.10970935953242","3.02443573246473","0.966345366765892","0.045627518361828","0.0477401196695963","0.0330037263373413"
"ipw","0.948621811726042","2.09143097446255","3.03318655093","0.966710419543987","0.0484891705861649","0.0526756874558327","0.035460069874202"
"ipw-w","1.00047298768086","2.14691664767943","2.9597594676231","0.972990830329065","0.0595152673768319","0.0630071032556967","0.044672410333093"
"mle","0.99863677918022","2.08787892437308","3.01164391050101","0.980839053077309","0.0406945443208252","0.0438623004593282","0.0290812452154274"
"mle-w","0.99863677918022","2.08787892437308","3.01164391050101","0.980839053077309","0.0406945443208252","0.0438623004593282","0.0290812452154274"
