"Method","beta0.x","beta1.x","beta2.x","sigma.x","beta0.y","beta1.y","beta2.y"
"oracle","1.01897199665008","2.01139149350986","3.01984463934317","1.02270595664029","0.0323290268043433","0.0328143422612552","0.0238657498126653"
"naive","-0.302983535958324","1.45521992103877","1.54915079968561","3.20603972297394","0.0912384617066959","0.102704824319458","0.0748218991424863"
"cc","1.04848606714575","2.03068325371607","3.01197024986776","0.991626077633615","0.0447110938082004","0.0470233861591066","0.0310587946225002"
"ipw","1.07508122181365","1.99461164941864","2.98813258680855","0.992686507820306","0.0468432104376062","0.0465406299892924","0.032248770875903"
"ipw-w","1.07902990517517","2.00332488648125","3.00042591041544","0.99239821799677","0.0548917306239718","0.0533449665446258","0.0387633387480753"
"mle","1.03353259844299","2.0740201546731","3.01778892569262","1.0018809420848","0.040593973443393","0.0431465426214437","0.0282631780711467"
"mle-w","1.03353259844299","2.0740201546731","3.01778892569262","1.0018809420848","0.040593973443393","0.0431465426214437","0.0282631780711467"
