"Method","beta0.x","beta1.x","beta2.x","sigma.x","beta0.y","beta1.y","beta2.y"
"oracle","0.956077474986689","2.02574417631797","2.99548913449459","0.957758798804573","0.0302989788236443","0.0319781455473632","0.021187428688402"
"naive","-0.53122923806613","1.32640143917181","1.69300428103556","3.1760232402157","0.0909636929890118","0.106634442226003","0.0742889186025448"
"cc","0.981827600807499","1.98312771767747","2.96605330317087","0.96802306790481","0.0459778886660754","0.0533599691971876","0.0311530326325662"
"ipw","1.00036116095287","2.0183460576416","2.9747597507372","0.968723811550325","0.0501091744367269","0.0604043921855419","0.0365331191582959"
"ipw-w","0.971281311451027","1.93826751999977","2.95583554592336","0.968904092525068","0.0483294351862114","0.0519979294244293","0.0346514712359715"
"mle","0.989747416760522","2.00384704910304","2.97893863841661","0.966562803858536","0.0410131116778316","0.0459437129246038","0.0273966980307223"
"mle-w","0.989747416760522","2.00384704910304","2.97893863841661","0.966562803858536","0.0410131116778316","0.0459437129246038","0.0273966980307223"
