"Method","beta0.x","beta1.x","beta2.x","sigma.x","beta0.y","beta1.y","beta2.y"
"oracle","0.990162756284186","2.02073907710902","3.03531790719298","1.0046523907796","0.0318420584750792","0.0354922024100888","0.0241252813104625"
"naive","-0.28984944629241","1.23096365689805","1.42587446149254","3.14114797351346","0.0930734989867315","0.111263237869693","0.080209394520898"
"cc","0.955785879541358","1.992316352705","3.05423027786224","1.01056913129379","0.0477462478930089","0.051135218578192","0.035079702705585"
"ipw","0.960573749570967","1.94669939929016","3.04793687831976","1.01155172060598","0.0534545773566547","0.0674451704276324","0.0408853712794926"
"ipw-w","0.946435226134788","2.01994256789393","3.03871299198604","1.01145403120722","0.0532701349460656","0.0501406679826354","0.0398538347460873"
"mle","0.967848394069853","1.98962178558658","3.0281227956493","1.01622989698289","0.0422368743361071","0.0461947184868071","0.0318756413386395"
"mle-w","0.967848394069853","1.98962178558658","3.0281227956493","1.01622989698289","0.0422368743361071","0.0461947184868071","0.0318756413386395"
