"Method","beta0.x","beta1.x","beta2.x","sigma.x","beta0.y","beta1.y","beta2.y"
"oracle","1.02116810692805","1.98625875355622","3.02542331511082","0.997712133510115","0.0316757006426995","0.0327609052131237","0.0244379725812364"
"naive","-0.471520524524606","1.2015420940302","1.57430970431391","3.16807729115401","0.0910017362301156","0.100593550124164","0.0726317602106471"
"cc","1.03547736299552","1.96921585259226","3.01240476058755","1.03471431998209","0.0471372591157786","0.0465081344841861","0.0383561079071677"
"ipw","1.0439701408628","1.92909354040642","3.00066743511174","1.03546722578683","0.0493715824058276","0.0449143604315261","0.0424460926011006"
"ipw-w","1.02983711839952","1.93236160795625","2.96378904243924","1.03682916251769","0.0581412632635895","0.0581265609038778","0.0451286898773187"
"mle","1.02185014685174","1.98482644971047","3.01495676958242","1.02585259626561","0.0419385940757611","0.0423321331212416","0.0330141471445853"
"mle-w","1.02185014685174","1.98482644971047","3.01495676958242","1.02585259626561","0.0419385940757611","0.0423321331212416","0.0330141471445853"
