"Method","beta0.x","beta1.x","beta2.x","sigma.x","beta0.y","beta1.y","beta2.y"
"oracle","1.03410874399542","1.92581765663978","2.9739789513076","1.02080724049057","0.0323970825062715","0.0352590114053093","0.0237864100405974"
"naive","-0.269804590892324","1.18816238661687","1.56313482692579","3.10352623741144","0.0911888053718213","0.105266805858777","0.0720158523936536"
"cc","1.00048204690345","1.89860137141675","3.00202722806565","1.00050262291657","0.0456683854697113","0.0446507760455895","0.0333471058412756"
"ipw","0.993180486271965","1.91632947869888","3.02023880260179","1.00081366849573","0.0452132821573731","0.0504370145937632","0.0337229782564479"
"ipw-w","0.990830173552883","1.93203779494532","3.04058841035054","1.00180717395599","0.056933815204472","0.0551243495557361","0.0418727533824822"
"mle","1.00953631544894","1.90289365816655","2.9920377957254","0.99141284465452","0.0406417097881339","0.041935046308595","0.0297830073790772"
"mle-w","1.00953631544894","1.90289365816655","2.9920377957254","0.99141284465452","0.0406417097881339","0.041935046308595","0.0297830073790772"
