"Method","beta0.x","beta1.x","beta2.x","sigma.x","beta0.y","beta1.y","beta2.y"
"oracle","0.996936932845601","2.06912324481774","3.01298749406937","0.995794594270336","0.0315082492887498","0.0321721483573112","0.0233897919978895"
"naive","-0.428744945002912","1.49517550394362","1.66437481981224","3.24185571455429","0.0901793285072004","0.104589764572426","0.0786335747829237"
"cc","0.97709856187371","2.02898591329715","2.98897299591934","1.02397577779098","0.0487054069323641","0.0463267477572017","0.0339507674031867"
"ipw","0.987148384722693","2.02908202936108","2.98851596682927","1.02402404167416","0.0519688586971479","0.0498533210300798","0.0382631511663528"
"ipw-w","1.00101363241254","2.03756262531081","2.97829441331097","1.02438856962579","0.0521093070079465","0.0498844846227253","0.0347377830799906"
"mle","0.983575894697116","2.04269584562911","3.00773179715553","1.03520220219011","0.0428163158612484","0.0413353803416679","0.0305313164167308"
"mle-w","0.983575894697116","2.04269584562911","3.00773179715553","1.03520220219011","0.0428163158612484","0.0413353803416679","0.0305313164167308"
