"Method","beta0.x","beta1.x","beta2.x","sigma.x","beta0.y","beta1.y","beta2.y"
"oracle","1.00975592575308","1.95401462674478","2.9561126755383","1.00901612047663","0.0319411947122696","0.0362196729768169","0.0257484554141152"
"naive","-0.301283525859404","1.13710202934629","1.63550600571256","3.03856946381716","0.0848095367937453","0.11305389819605","0.0732708399634388"
"cc","1.04911311184761","1.94911350175525","2.96243779201759","0.978755954096504","0.0429364566248863","0.0494409218925745","0.0350741682672153"
"ipw","1.07003775363747","1.95442238132662","2.97627115377225","0.979212519648869","0.0450175403423828","0.0508215095665197","0.0360969566930069"
"ipw-w","1.05312686390335","1.95860608242408","2.98802810026844","0.979385782740179","0.0526616106631378","0.0606306969656313","0.0414878254368493"
"mle","1.06841420022169","1.93830073501703","2.95219978314326","0.981749144374064","0.0389247702494128","0.04457868655081","0.0312351511557604"
"mle-w","1.06841420022169","1.93830073501703","2.95219978314326","0.981749144374064","0.0389247702494128","0.04457868655081","0.0312351511557604"
