"Method","beta0.x","beta1.x","beta2.x","sigma.x","beta0.y","beta1.y","beta2.y"
"oracle","0.925086877705046","1.98040056298464","3.01712355969994","1.01541650323633","0.0320409533427021","0.0361328564604602","0.0234182240784915"
"naive","-0.367895902111359","1.19134049244915","1.68575531483716","3.10610728916084","0.0874759976073896","0.102657277120247","0.0715681649466569"
"cc","0.920669599309667","1.95827085379306","3.03718502839031","1.0228554734275","0.0464197844563665","0.0481469602074274","0.0349944321876004"
"ipw","0.918888411213163","1.95694756731624","3.0462194508763","1.02294045966612","0.0491728470029566","0.0555444437758512","0.0404926153390891"
"ipw-w","0.93273213140394","1.96886970022789","3.04258156754573","1.02299332821105","0.0523642382546967","0.0508280984640172","0.0410663793423299"
"mle","0.921613264935617","1.97714007592662","3.04686478917152","1.02317702361425","0.0416115296589813","0.0441210071574009","0.0309448483716817"
"mle-w","0.921613264935617","1.97714007592662","3.04686478917152","1.02317702361425","0.0416115296589813","0.0441210071574009","0.0309448483716817"
