"Method","beta0.x","beta1.x","beta2.x","sigma.x","beta0.y","beta1.y","beta2.y"
"oracle","0.94374703460162","2.00870437185817","2.97597600336843","0.992405905361219","0.0313823983102659","0.0312893506497259","0.022927557753666"
"naive","-0.399817452748121","1.34864407421082","1.59653273171271","3.13875908499112","0.0888558161377385","0.107084947031517","0.083138218958387"
"cc","0.931387249710328","1.98740373955392","2.96971396526311","1.01243494337399","0.046339997406364","0.0451763078414402","0.0334794643816521"
"ipw","0.942618452313523","1.96522274547041","2.95188241366707","1.01280123023235","0.0483799237991913","0.0499791187033519","0.0401660872483922"
"ipw-w","0.90519606366378","1.95101797200491","2.97632181691342","1.01360370879274","0.056337623833963","0.0518883457070245","0.0392658902261133"
"mle","0.953320870073208","1.98911836918605","2.99241079931982","1.00796880890837","0.0411174734652714","0.0404992184495749","0.0296856103953874"
"mle-w","0.953320870073208","1.98911836918605","2.99241079931982","1.00796880890837","0.0411174734652714","0.0404992184495749","0.0296856103953874"
