"Method","beta0.x","beta1.x","beta2.x","sigma.x","beta0.y","beta1.y","beta2.y"
"oracle","1.01356016530633","1.96282801323002","3.01846943441651","1.00195145243545","0.0317031528897779","0.0345418820707856","0.0241294446552295"
"naive","-0.34682431020822","1.28649058918675","1.52113387646935","3.34656962735419","0.0992139762525527","0.11135081689976","0.0831518226346311"
"cc","1.02378480282479","1.95621283483911","3.02875401166224","0.95627306966853","0.0447147367953163","0.046488010128806","0.0334810730282301"
"ipw","1.01139836833946","1.95822870430628","3.03150025580724","0.956349673166759","0.0444891657275864","0.0489682151253055","0.0335365260703234"
"ipw-w","1.00206838577115","1.99336120559933","3.0566758455777","0.957373495522107","0.0503811044810813","0.0545756354832423","0.0379497494709906"
"mle","1.0003508070032","1.96606824783632","3.04930376130048","0.960815837166003","0.0402691285699366","0.0419888060111606","0.0298957086231934"
"mle-w","1.0003508070032","1.96606824783632","3.04930376130048","0.960815837166003","0.0402691285699366","0.0419888060111606","0.0298957086231934"
