"Method","beta0.x","beta1.x","beta2.x","sigma.x","beta0.y","beta1.y","beta2.y"
"oracle","1.0604299278554","1.98757957701953","3.0038838196004","1.00080586863737","0.0316451541882582","0.0359491317688153","0.0254193102958692"
"naive","-0.146496963305013","1.31131462246779","1.63508941147422","3.12549834595034","0.086503680493513","0.105492691156602","0.0874881509504187"
"cc","1.06428959908449","1.97366249062815","2.9988313902819","0.978853829960583","0.0431580928508743","0.0518235855976276","0.0373159391115153"
"ipw","1.05483559778686","1.97022107948639","3.0024136510024","0.978912438874365","0.0457591562834538","0.0512567396698661","0.0386249617599064"
"ipw-w","1.10585859646594","1.94181934656113","2.96965075752784","0.980094376397837","0.0556161812141163","0.0675868990778674","0.0455028579878675"
"mle","1.07594759818818","1.99759071668306","2.99392122742149","0.993001011381978","0.0393455829502834","0.0452332142745201","0.0321049982588773"
"mle-w","1.07594759818818","1.99759071668306","2.99392122742149","0.993001011381978","0.0393455829502834","0.0452332142745201","0.0321049982588773"
