"Method","beta0.x","beta1.x","beta2.x","sigma.x","beta0.y","beta1.y","beta2.y"
"oracle","1.00631401988955","2.02796339871915","3.00972168187393","0.989789893164167","0.0315255647682863","0.0337801860439016","0.0236488839868518"
"naive","-0.298356649987886","1.16773814349281","1.6772400311333","3.14181264748279","0.0926615130137372","0.111353267723323","0.0787737593148681"
"cc","1.03328337109728","1.94926861702493","3.02749921693465","0.971640302127846","0.0458571511201973","0.0502368788226954","0.0342277454605722"
"ipw","0.999741185607479","1.96973048588927","3.0504864549232","0.972410128570802","0.0456493848322237","0.0516557480530864","0.0367133149804325"
"ipw-w","1.04184072181117","1.988797406007","3.02363943996017","0.972504467873509","0.0558046774843082","0.0605611140595175","0.0406676370391582"
"mle","1.02084301130058","1.96070015609072","3.02297400337412","0.972690240621976","0.0408343965130807","0.0454064897926966","0.0301366429249891"
"mle-w","1.02084301130058","1.96070015609072","3.02297400337412","0.972690240621976","0.0408343965130807","0.0454064897926966","0.0301366429249891"
