"Method","beta0.x","beta1.x","beta2.x","sigma.x","beta0.y","beta1.y","beta2.y"
"oracle","1.04870396220858","2.03787306471198","2.99480094686986","0.989814344577734","0.0314054531655472","0.0331051334809758","0.0233617920984937"
"naive","-0.306624092948905","1.53555161227446","1.73403601493547","3.09822395754211","0.0857193387839453","0.110300666166418","0.0795314297086398"
"cc","1.02071402526979","2.00887807945089","3.01849064219817","0.987461705316056","0.0445662843455643","0.0447533476138749","0.0350736960554403"
"ipw","1.01981091922164","1.99354787998839","2.99162346917952","0.988101659184658","0.0468211887000558","0.0453225314774649","0.0404545160774784"
"ipw-w","1.02967316157603","2.04339569667513","3.00057472044546","0.988654165648872","0.0508911693311414","0.052467088429578","0.0411869008243684"
"mle","1.03267561972053","2.02285974064908","3.03206121770919","0.989800041385841","0.0399224247970052","0.0411661931115371","0.0311183351263144"
"mle-w","1.03267561972053","2.02285974064908","3.03206121770919","0.989800041385841","0.0399224247970052","0.0411661931115371","0.0311183351263144"
