"Method","beta0.x","beta1.x","beta2.x","sigma.x","beta0.y","beta1.y","beta2.y"
"oracle","1.01705321895937","2.04066226217649","2.99809305125831","1.00460253686505","0.0318623385890926","0.0347990260867048","0.0236849765425653"
"naive","-0.442828772410253","1.30110789526199","1.67410170935358","3.18664560758952","0.0919683214178834","0.113713446610444","0.0767784967335779"
"cc","1.03915376847026","2.05564133014351","3.0274171400434","1.00346791080215","0.0474599167928739","0.051849969215752","0.0322122173466868"
"ipw","1.02666654169361","2.05756534074414","3.0281827637459","1.00354308898549","0.0492500558783665","0.0551210771621602","0.0364822739325338"
"ipw-w","0.981839517311099","2.01984621697459","3.0284776189371","1.00586566454838","0.0556978283336716","0.0615704543027031","0.0387230802694634"
"mle","1.03159598650614","2.01868236561702","3.00394604885696","1.00185147470885","0.0421780574854179","0.0446605368103537","0.0285425897781623"
"mle-w","1.03159598650614","2.01868236561702","3.00394604885696","1.00185147470885","0.0421780574854179","0.0446605368103537","0.0285425897781623"
