"Method","beta0.x","beta1.x","beta2.x","sigma.x","beta0.y","beta1.y","beta2.y"
"oracle","0.966197811995546","1.9506606686278","3.01265759973698","0.990125141515306","0.0314589820237186","0.0324799485040762","0.0219231108221885"
"naive","-0.307489224394934","1.11501979813868","1.69979725996698","3.23251920429431","0.0935040826902637","0.109042113113723","0.0773750137877261"
"cc","0.923845920530747","1.90280846360425","3.02381030544269","0.998337647098805","0.0443559085837496","0.0426147355397","0.0308089252926602"
"ipw","0.899768647354221","1.9467591302144","3.08620841606049","1.00208488085298","0.0470003894405282","0.0494233031828504","0.0371341173132924"
"ipw-w","0.948405208270675","1.90264153779526","3.05259949558448","0.999791438959903","0.0539851548986544","0.0498610038413527","0.0372236224897583"
"mle","0.922271212486208","1.91360938450623","3.02934285310495","1.00873528834385","0.0399093975625169","0.0440906024942791","0.0296917312513481"
"mle-w","0.922271212486208","1.91360938450623","3.02934285310495","1.00873528834385","0.0399093975625169","0.0440906024942791","0.0296917312513481"
