"Method","beta0.x","beta1.x","beta2.x","sigma.x","beta0.y","beta1.y","beta2.y"
"oracle","1.01356075112704","2.05312695476811","3.01273911413421","0.965003035938676","0.0305413800196083","0.0323321211231862","0.0240516361600655"
"naive","-0.374085085449235","1.31060753337449","1.69626506775789","3.17431229955737","0.0861971783472706","0.10604701873574","0.0776438580580405"
"cc","1.06318249130895","2.055918331255","3.00943156624094","0.986382487521662","0.0439081642394875","0.0487102489759259","0.0355675627493567"
"ipw","1.04912602199766","2.05235594483217","3.03148761966593","0.986989975221565","0.0479369128346252","0.0564060249406921","0.0461434716467948"
"ipw-w","1.06937429857515","2.07931324346721","3.03056252064011","0.986921861326307","0.0521034803343006","0.0540821113668319","0.0416556079608316"
"mle","1.07496538198134","2.01222336529941","2.98877569210596","0.98004676668819","0.0396937674490341","0.0440107587312211","0.0315974411610063"
"mle-w","1.07496538198134","2.01222336529941","2.98877569210596","0.98004676668819","0.0396937674490341","0.0440107587312211","0.0315974411610063"
