"Method","beta0.x","beta1.x","beta2.x","sigma.x","beta0.y","beta1.y","beta2.y"
"oracle","0.999757348002373","2.05301993737175","3.03935495166245","1.00267820345965","0.0316970124063154","0.0333798285690998","0.0258070904842729"
"naive","-0.446682061477811","1.37740263056159","1.42429814625284","3.2010480320171","0.0966802486674457","0.110463619030691","0.0752775182909554"
"cc","0.974356976200931","2.12045206917052","3.01936840595846","1.00139848738698","0.0479431609466471","0.0510956232217258","0.0401977410537948"
"ipw","0.974797410281277","2.10659827928201","3.00681365543153","1.00154907577184","0.0514508514828909","0.0524782203127412","0.0484622620400708"
"ipw-w","0.942517768859926","2.13696097163835","3.04255833290393","1.00210818527131","0.0602651777506962","0.0595332382279866","0.0495810774815335"
"mle","0.939762161035787","2.11746600317713","3.02115528696647","0.998853194348186","0.0417230315104353","0.0458222457828176","0.0343498026967839"
"mle-w","0.939762161035787","2.11746600317713","3.02115528696647","0.998853194348186","0.0417230315104353","0.0458222457828176","0.0343498026967839"
