"Method","beta0.x","beta1.x","beta2.x","sigma.x","beta0.y","beta1.y","beta2.y"
"oracle","0.972125634674422","2.0052087068873","3.03445766147143","1.01153935440696","0.0319549739446401","0.0345307630414183","0.0231874042307123"
"naive","-0.43185963650809","1.29602403937372","1.56126163985525","3.33895971662199","0.094673787197325","0.11251488899332","0.0843178660018347"
"cc","0.983920184294731","1.99980302408911","3.05690214980281","1.00931653273991","0.0449187041970331","0.0475782169158208","0.0336266332569085"
"ipw","0.986366178621197","1.98069703729243","3.02881367322886","1.01002330242796","0.0466746811725613","0.0516386383102015","0.0388919656214088"
"ipw-w","0.989382362565981","2.04336457367367","3.06349136886503","1.01022251651249","0.0525784997180962","0.0567537196449409","0.0413996999040164"
"mle","0.956655019944253","2.02085315800831","3.07255557234837","1.01632024971862","0.041251441542977","0.0435160225853834","0.0304501218799538"
"mle-w","0.956655019944253","2.02085315800831","3.07255557234837","1.01632024971862","0.041251441542977","0.0435160225853834","0.0304501218799538"
