"Method","beta0.x","beta1.x","beta2.x","sigma.x","beta0.y","beta1.y","beta2.y"
"oracle","0.957690198386249","1.97389435705004","2.9910990457909","0.99883281735597","0.0316252840011825","0.0322668971006334","0.0231838671614399"
"naive","-0.542067661861249","1.30702789324929","1.64138125877718","3.10020151573554","0.0904854574758982","0.106132732687473","0.0719023929560312"
"cc","0.902114733807359","1.99840078387134","3.00296848098361","1.00021712257992","0.0460462556919079","0.0479965713525328","0.0346446729161169"
"ipw","0.899401904626325","2.02327417385569","3.03199019715201","1.00098428888975","0.0488136473763654","0.0505127750359831","0.0376499582173111"
"ipw-w","0.877785192209576","1.97726273971842","2.99354812127453","1.00077728699484","0.0528873103237506","0.0542954417745947","0.0386138685407759"
"mle","0.920609880269094","1.98477111955482","3.0017424935405","1.00465174194831","0.0412082916864452","0.0434488979200086","0.0301876135645623"
"mle-w","0.920609880269094","1.98477111955482","3.0017424935405","1.00465174194831","0.0412082916864452","0.0434488979200086","0.0301876135645623"
