"Method","beta0.x","beta1.x","beta2.x","sigma.x","beta0.y","beta1.y","beta2.y"
"oracle","1.0021346019477","1.99130889252539","3.04075779576495","0.967595840566193","0.0307365393856099","0.0320677278110502","0.0217836657989753"
"naive","-0.539473394589375","1.15399514164569","1.68324232896162","3.20419506427088","0.0955923636161795","0.108600850805344","0.0749000671326482"
"cc","0.974089673618949","1.99045126223292","3.04274557892861","0.945168650148208","0.0430583578621262","0.0430988414672464","0.0321595707046761"
"ipw","0.975703204147424","1.97665611403974","3.06426213883327","0.945932263539089","0.0454922319786443","0.0469486028553185","0.0355342399034103"
"ipw-w","0.967158246664551","2.01459510430674","3.08059322354748","0.946346871564809","0.0542825966977361","0.0508486280647358","0.0382992980913926"
"mle","0.940093758365582","2.03041357014488","3.08050890782122","0.9539121381514","0.0393115262974344","0.0398702259491016","0.0285849883192616"
"mle-w","0.940093758365582","2.03041357014488","3.08050890782122","0.9539121381514","0.0393115262974344","0.0398702259491016","0.0285849883192616"
