"Method","beta0.x","beta1.x","beta2.x","sigma.x","beta0.y","beta1.y","beta2.y"
"oracle","0.999921226124494","1.97183553172246","3.00930537104501","0.992334474050975","0.0314724683005275","0.0328324893409821","0.0245279252425511"
"naive","-0.489186373240408","1.26550423460805","1.57786345681386","3.1723972106535","0.08858844339169","0.109493036113487","0.0796777283590954"
"cc","1.00021577900367","1.96683032696849","3.0508665108276","0.947547597939587","0.0442778449526547","0.0459034403065444","0.0357478173859433"
"ipw","0.981059817681771","1.98111154509556","3.06046883050678","0.947843339538681","0.0475809424576346","0.0479539691793393","0.0394474345347476"
"ipw-w","0.993512834552871","1.94118846841069","3.0215444684464","0.94850262847934","0.0481696517178806","0.0494200656986191","0.0380530386494981"
"mle","1.00617483578385","1.95558509248827","3.03424681983195","0.951181744257188","0.0396028141018614","0.0420440374746472","0.0310661714138682"
"mle-w","1.00617483578385","1.95558509248827","3.03424681983195","0.951181744257188","0.0396028141018614","0.0420440374746472","0.0310661714138682"
