"Method","beta0.x","beta1.x","beta2.x","sigma.x","beta0.y","beta1.y","beta2.y"
"oracle","0.984939207987995","2.00395836498488","2.95717422638332","0.982080061259605","0.031163677642775","0.0324040579465323","0.0229648891990065"
"naive","-0.504032888436015","1.46130895484804","1.62848611719676","3.12889388307868","0.088385832198642","0.112087185605096","0.0768791319358042"
"cc","1.00129872028838","1.99496270475445","2.92158185896823","0.981963513362477","0.0449793327770761","0.046556087909571","0.0322632993336846"
"ipw","0.971801915595745","1.95879456178355","2.94563885942885","0.983681401655134","0.0532072612519323","0.0585600642530016","0.0425136640019704"
"ipw-w","1.02586509903239","1.99893926934892","2.9407880655378","0.982752608301874","0.0589617059303257","0.0596273334095233","0.0386793018432195"
"mle","0.990897719108879","1.99334997440612","2.92087588352723","0.970710710856341","0.0401081873670247","0.0423329821670059","0.0279779648941992"
"mle-w","0.990897719108879","1.99334997440612","2.92087588352723","0.970710710856341","0.0401081873670247","0.0423329821670059","0.0279779648941992"
