"Method","beta0.x","beta1.x","beta2.x","sigma.x","beta0.y","beta1.y","beta2.y"
"oracle","1.08517913406492","1.96251188839896","3.01585832250915","1.00517490015672","0.0318061769826006","0.0357957775641597","0.0231092159679864"
"naive","-0.386644930080827","1.17988958214635","1.63450608953411","3.25127245654659","0.0923110915322301","0.115923931901061","0.0799870224491022"
"cc","1.03578199153286","2.0218838092244","3.02977877740922","1.00089968078073","0.0451412891481245","0.0501472003403168","0.0321265598301156"
"ipw","1.03112380392649","2.03597213314582","3.0350396906336","1.00099410573152","0.0467259731664169","0.0516999765124097","0.0346308821946247"
"ipw-w","1.03508355071304","1.96815860974449","3.0049428287159","1.00231199278056","0.0569096913015571","0.0778589125071654","0.0419435261807852"
"mle","1.03967786562463","1.96795924904716","3.02559410030446","1.00658055017008","0.0410171672642646","0.0460915355309388","0.029270063728347"
"mle-w","1.03967786562463","1.96795924904716","3.02559410030446","1.00658055017008","0.0410171672642646","0.0460915355309388","0.029270063728347"
