"Method","beta0.x","beta1.x","beta2.x","sigma.x","beta0.y","beta1.y","beta2.y"
"oracle","0.966768409331073","2.04767500539367","3.00084600084485","1.01882800597271","0.032221947974627","0.0364542250979181","0.0230216207377831"
"naive","-0.40548347531525","1.2646175792469","1.69694126056129","3.24837861920606","0.0937629305747827","0.119376036737846","0.0791041080523294"
"cc","0.941186177599087","2.08095483141959","3.01915549549701","1.03788098251112","0.0472449928116589","0.05403666901105","0.0345740902714353"
"ipw","0.953243608448998","2.11685447490424","3.0191886919779","1.03850830573624","0.0490573966457097","0.057905913601783","0.0370475576846317"
"ipw-w","0.979358516460861","2.08290367950289","2.99482013809227","1.03890297491973","0.0546938162640372","0.0586501375343458","0.0399702640695553"
"mle","0.963924759604109","2.0648691051134","3.01858559370571","1.02697297147794","0.0413745648524677","0.0478418632150219","0.0299791025938871"
"mle-w","0.963924759604109","2.0648691051134","3.01858559370571","1.02697297147794","0.0413745648524677","0.0478418632150219","0.0299791025938871"
