"Method","beta0.x","beta1.x","beta2.x","sigma.x","beta0.y","beta1.y","beta2.y"
"oracle","0.997994420032241","1.94181079230687","3.00783899286876","1.00092447496554","0.031689344025279","0.0321241714835238","0.0233447226078201"
"naive","-0.409396295010597","1.14195412005127","1.72299817064383","3.23087463353731","0.0912457202465186","0.107812801137612","0.0802400675166241"
"cc","0.995738914751577","1.91781060949137","2.96826633688044","1.0212665793187","0.0467177837807967","0.0461872456447089","0.0330722203930546"
"ipw","1.00649180773315","1.91974198725782","2.96855601513059","1.02132597214783","0.048295786989217","0.050243815327976","0.0348577553554483"
"ipw-w","0.968334811777574","1.94328649357959","2.94408761627534","1.02303657630476","0.0536977555396869","0.0565330360592336","0.0398235915885922"
"mle","0.995226422430014","1.92463488468371","2.99523311699758","1.02581338261089","0.0412885147950083","0.0415105101280455","0.0293240984222495"
"mle-w","0.995226422430014","1.92463488468371","2.99523311699758","1.02581338261089","0.0412885147950083","0.0415105101280455","0.0293240984222495"
