"Method","beta0.x","beta1.x","beta2.x","sigma.x","beta0.y","beta1.y","beta2.y"
"oracle","1.01583631808674","2.01419560277455","3.00743438956983","1.01581880789835","0.0320915833902547","0.0340122124037623","0.0250826819256631"
"naive","-0.380742026313849","1.22994214356621","1.66118665227375","3.15858744483616","0.0918265237958937","0.106656139205154","0.073626667441843"
"cc","1.05173348826138","1.96191377644262","2.9522919720242","1.02241702182338","0.0461005583762464","0.0479260172791767","0.0333699123376937"
"ipw","1.03310012012695","1.97954913193741","2.9810961657695","1.02314697040153","0.0463186641806383","0.05040115184966","0.0326194540820713"
"ipw-w","1.01894903414465","1.9416303231656","2.95330635723186","1.02311517301031","0.0543027544259397","0.0603792328135964","0.0452015554368791"
"mle","1.02918580298069","1.98292157318175","2.96283857533467","1.01640847122685","0.0416389988297961","0.0435515614241705","0.0304512271290383"
"mle-w","1.02918580298069","1.98292157318175","2.96283857533467","1.01640847122685","0.0416389988297961","0.0435515614241705","0.0304512271290383"
