"Method","beta0.x","beta1.x","beta2.x","sigma.x","beta0.y","beta1.y","beta2.y"
"oracle","0.990087389505033","2.00487126870138","3.00985418421024","0.97269400477407","0.0308151200874938","0.0325129005975991","0.0223717577309455"
"naive","-0.384783338924673","1.34287188540167","1.68180653795674","3.23920450966171","0.0896710243013166","0.124314972994502","0.0925236536632869"
"cc","1.01029543422481","1.93515080746568","3.02395448973648","0.963658665157517","0.0429807618773112","0.0466283690954934","0.0330753931543989"
"ipw","1.01186146007311","1.94551471013046","3.01828065063749","0.963782954292764","0.0443682779559984","0.0469946275769046","0.0331743461588944"
"ipw-w","0.964502418874009","1.95527939364802","3.06728865615072","0.96594269097954","0.0529882212845242","0.0562586710936885","0.0375828167809551"
"mle","0.994454295055739","1.9822456513017","3.02850704097333","0.958058538577021","0.0387850792131895","0.0415050388743458","0.0291801143056329"
"mle-w","0.994454295055739","1.9822456513017","3.02850704097333","0.958058538577021","0.0387850792131895","0.0415050388743458","0.0291801143056329"
