"Method","beta0.x","beta1.x","beta2.x","sigma.x","beta0.y","beta1.y","beta2.y"
"oracle","1.00855651088374","1.98057590765376","3.01604698892347","1.02474811124733","0.0326138823774214","0.0337238062257699","0.0257621407853915"
"naive","-0.4863709285532","1.24067201821567","1.70079134243116","3.19276985859879","0.0897828531163338","0.106570546428913","0.0756326272864617"
"cc","1.00469134021615","1.9475150056807","2.99060958500172","1.01513557223655","0.0470765636169858","0.0500271710268635","0.0374003000965487"
"ipw","1.00706535705756","1.96505035923697","2.99453115077567","1.01526432422411","0.0499822419728781","0.0518203305913623","0.039429886192049"
"ipw-w","1.07251764802966","1.93926705583607","2.95381514434193","1.01792983312037","0.0536351449316267","0.0583634664579205","0.0385761308436194"
"mle","1.01494185488864","1.94937063486632","2.99985727071961","1.01663057902893","0.0414260077894915","0.044182705274139","0.0317567042365161"
"mle-w","1.01494185488864","1.94937063486632","2.99985727071961","1.01663057902893","0.0414260077894915","0.044182705274139","0.0317567042365161"
