"Method","beta0.x","beta1.x","beta2.x","sigma.x","beta0.y","beta1.y","beta2.y"
"oracle","1.02625957347363","2.06085378030557","2.9634988240939","0.997163819168623","0.0315265130167324","0.0338428510868811","0.0226697004416734"
"naive","-0.396801515879291","1.40854660347778","1.6230751223883","3.21208374418685","0.0911617689010125","0.106891070111225","0.0714138873717422"
"cc","1.04152085517454","2.06109186096862","2.96898907817554","1.00126074639524","0.0446471975363371","0.046057896528789","0.0316582771077776"
"ipw","1.0183092859812","2.05140444411401","2.95917968897751","1.00170908208382","0.0466776810270409","0.0489219348250738","0.0345479948729887"
"ipw-w","1.0437609826599","2.07062821630371","2.99916527434513","1.00218746177733","0.0586481641908042","0.0507244916920048","0.0374806335982987"
"mle","0.997878349020234","2.06310002226949","2.98802614550273","0.998927637765444","0.0988721353381466","0.20667855029013","0.451527884157801"
"mle-w","0.997878349020234","2.06310002226949","2.98802614550273","0.998927637765444","0.0988721353381466","0.20667855029013","0.451527884157801"
