"Method","beta0.x","beta1.x","beta2.x","sigma.x","beta0.y","beta1.y","beta2.y"
"oracle","1.02818359632985","2.04870769063709","3.02786962292486","1.00144503524334","0.0316321374894482","0.0337956920758222","0.0248009357185732"
"naive","-0.437608484609903","1.15061090295494","1.59164267560578","3.25817143151103","0.0971821825226524","0.103384415453086","0.0822297294503234"
"cc","0.987663348182559","2.11303652155068","3.06368308653586","0.994632525996816","0.0459449093457273","0.0477207693560146","0.0341344804775356"
"ipw","1.00532610885771","2.0979607707665","3.04476095824045","0.995027660236824","0.0483179095232731","0.0495153731678987","0.0379616759740034"
"ipw-w","0.969445604981678","2.12966415582112","3.03142221391217","0.996496072453185","0.0580115188484314","0.0662864954884022","0.0458189004831462"
"mle","0.980084576442154","2.07870272573133","3.0587472485212","0.991155531920107","0.0410425385232359","0.0436978803881599","0.0307911594909685"
"mle-w","0.980084576442154","2.07870272573133","3.0587472485212","0.991155531920107","0.0410425385232359","0.0436978803881599","0.0307911594909685"
