"Method","beta0.x","beta1.x","beta2.x","sigma.x","beta0.y","beta1.y","beta2.y"
"oracle","0.962089584029964","1.95996341833263","2.98544799413875","1.0084538709358","0.0318468263902746","0.0328741204513551","0.0251362186802367"
"naive","-0.317002879129076","1.28962791952952","1.59994406889108","3.10602851300687","0.0885340787600978","0.102808007005524","0.0814464636960178"
"cc","0.947528185841901","1.94605140566516","2.98566177013645","1.01683804016906","0.0476422452700784","0.0475167077453533","0.0393683594118098"
"ipw","0.963926282408203","1.94956225565083","2.96749575016833","1.01722301664224","0.048629942133454","0.0480426586398918","0.0408405480033015"
"ipw-w","0.954034543028267","1.95570604273584","3.00059922648981","1.01707958696849","0.0634480164963206","0.0560460815710386","0.0476553093818277"
"mle","0.961664697005161","1.92853295815243","2.97199788993858","0.998961982199214","0.0408764741501114","0.0419183457110864","0.032513097083645"
"mle-w","0.961664697005161","1.92853295815243","2.97199788993858","0.998961982199214","0.0408764741501114","0.0419183457110864","0.032513097083645"
