"Method","beta0.x","beta1.x","beta2.x","sigma.x","beta0.y","beta1.y","beta2.y"
"oracle","0.953149181898688","1.98900082053807","2.99315752949484","0.979017152690137","0.0310426240125485","0.0331352271056657","0.0240252647988469"
"naive","-0.313208935319721","1.11113064929882","1.52559375724533","3.15115711282062","0.0901954427506615","0.11094141564524","0.0758002412301618"
"cc","0.98407282266003","1.97219552370132","2.95866589813444","0.974637798802996","0.0449873021150469","0.0478436335281658","0.0334603040384968"
"ipw","1.00592027076975","1.97269950276176","2.95190682016873","0.97490040584541","0.0452670380920004","0.0495520332517683","0.036194057562765"
"ipw-w","0.972882283424803","1.96615159582016","2.9314906527531","0.975496197424071","0.0531764639681974","0.0561741950003507","0.0399202962178212"
"mle","1.01653856032863","1.94684690799981","2.95370277388323","0.980387633058752","0.0401379189568896","0.0422391863563001","0.0306826329609368"
"mle-w","1.01653856032863","1.94684690799981","2.95370277388323","0.980387633058752","0.0401379189568896","0.0422391863563001","0.0306826329609368"
