"Method","beta0.x","beta1.x","beta2.x","sigma.x","beta0.y","beta1.y","beta2.y"
"oracle","1.00268220058342","1.94656407194831","2.95944570213779","0.981071710781246","0.0309817786453246","0.0319932775708106","0.0219062681608132"
"naive","-0.542824244750436","1.53500358017496","1.77274491638289","3.08255996577615","0.0889994396729493","0.108047340922661","0.0718424963732334"
"cc","0.931121380119856","1.92128401375005","2.95527549700238","0.977624939921886","0.045251302493805","0.0470295440235816","0.0313290959199598"
"ipw","0.93086840784935","1.90585327542419","2.94494810927487","0.977794120113394","0.0455989206537207","0.0481500081099045","0.0344159656089296"
"ipw-w","0.905852810989072","1.9232458913154","2.96924259607613","0.978065856927705","0.0573473940744106","0.0607877559216968","0.037077939627778"
"mle","0.971630193248946","1.90763269138819","2.94978605459253","0.972945973044552","0.0402589806611546","0.0411182953035397","0.0280201505051268"
"mle-w","0.971630193248946","1.90763269138819","2.94978605459253","0.972945973044552","0.0402589806611546","0.0411182953035397","0.0280201505051268"
