"Method","beta0.x","beta1.x","beta2.x","sigma.x","beta0.y","beta1.y","beta2.y"
"oracle","0.998527083943212","1.97753424461485","2.98439166981005","0.963422724756679","0.030601699800055","0.032532131885772","0.0230503132754518"
"naive","-0.304401863433233","1.42681433047031","1.69872805719101","3.19058720067278","0.0917431106851273","0.110099156822802","0.083202724906095"
"cc","1.01429287169416","2.00799107249524","2.98245459979772","0.938836400825583","0.0426754596215232","0.0477997491989492","0.031701975819404"
"ipw","1.00597083719802","2.01897304449181","2.99280421790425","0.938955018926904","0.0428645072868524","0.0493972829058937","0.0317030682361631"
"ipw-w","1.01853385782504","1.99598970424365","2.97893977298904","0.938903455147169","0.051679856782998","0.0531165347181918","0.0365988414498204"
"mle","0.980720873918667","2.02140304024639","3.00846230192542","0.959221048377137","0.0393889673112382","0.0436854905392172","0.0280506656438813"
"mle-w","0.980720873918667","2.02140304024639","3.00846230192542","0.959221048377137","0.0393889673112382","0.0436854905392172","0.0280506656438813"
