"Method","beta0.x","beta1.x","beta2.x","sigma.x","beta0.y","beta1.y","beta2.y"
"oracle","1.008272180465","1.92030854992027","2.96584798472907","0.995609623380177","0.0314676743128256","0.0341634637556068","0.0242315883646507"
"naive","-0.250467741473301","1.2148000336092","1.64032993443025","3.05022462925132","0.0896143913323004","0.108256274943389","0.0777195283034749"
"cc","1.03603086371615","1.87750923111835","2.98014944487294","0.99201351218029","0.0456697437235945","0.0494828174054614","0.0362658755530062"
"ipw","1.0293975811063","1.86171542134608","2.97656334344009","0.992148265244436","0.047398127848561","0.0549270637264936","0.0391705404830233"
"ipw-w","1.04713146368499","1.86713907492311","2.96001761875472","0.992328633618484","0.0535594565778804","0.0524159116082453","0.0431057609741388"
"mle","1.01782081974923","1.89272615749568","2.98632051642133","0.995579568818011","0.0412548247550018","0.0423850359565926","0.0320294129980291"
"mle-w","1.01782081974923","1.89272615749568","2.98632051642133","0.995579568818011","0.0412548247550018","0.0423850359565926","0.0320294129980291"
