"Method","beta0.x","beta1.x","beta2.x","sigma.x","beta0.y","beta1.y","beta2.y"
"oracle","1.01211288674541","1.9673841059757","2.99853350348309","1.00583999185773","0.0318361169300852","0.0320153659483881","0.0234921930940126"
"naive","-0.383196151461641","1.35507970683397","1.59188873900643","3.22529763332581","0.0927003530602387","0.106126782569839","0.0715527960150335"
"cc","1.07546129782028","1.94960969376047","2.94286671300513","0.988209793465726","0.0459657100273606","0.0470564519038939","0.0333065799493995"
"ipw","1.07794469230054","1.94979305385525","2.9316292109495","0.988344759741966","0.0461974248780789","0.0479713171984202","0.0353316037153912"
"ipw-w","1.04976866372854","1.90532478500431","2.88344721634185","0.992308542580103","0.0551331043536518","0.0546733103211262","0.0415230706824191"
"mle","1.01189248884085","2.01332631359151","3.00402712103114","0.998530313621008","0.0427196667812772","0.0423493051092405","0.0300937927954959"
"mle-w","1.01189248884085","2.01332631359151","3.00402712103114","0.998530313621008","0.0427196667812772","0.0423493051092405","0.0300937927954959"
