"Method","beta0.x","beta1.x","beta2.x","sigma.x","beta0.y","beta1.y","beta2.y"
"oracle","0.979686187488676","2.00259408077527","3.0095490482104","1.00470045700263","0.0318100829554329","0.0329602703503175","0.0248342209825666"
"naive","-0.473214975607234","1.160226522327","1.59579103534584","3.22412219098944","0.0926422234102915","0.1037865168208","0.072406896131664"
"cc","0.978300788390254","1.98882950451076","3.01552397112522","1.02647805817883","0.0466296524006979","0.0460842530845128","0.0365171063568695"
"ipw","0.964292263516606","1.98515675068136","3.00833122986026","1.02664114743544","0.0494745842511294","0.0484007585334899","0.0439515754972094"
"ipw-w","0.978402121656819","2.01597467230142","3.02878107296592","1.02683138349359","0.0540820214283198","0.0542928798957124","0.0390935339464441"
"mle","0.978234759823264","1.96896719361612","3.00311028989856","1.02366831468068","0.0415111689065788","0.0416178487551789","0.0321449360646047"
"mle-w","0.978234759823264","1.96896719361612","3.00311028989856","1.02366831468068","0.0415111689065788","0.0416178487551789","0.0321449360646047"
