"Method","beta0.x","beta1.x","beta2.x","sigma.x","beta0.y","beta1.y","beta2.y"
"oracle","1.03960124729022","2.03311478521589","3.02945990738124","0.976221987520117","0.0309224522889839","0.0312479398879126","0.0231458696931"
"naive","-0.298860176751941","1.42083852197266","1.62552999506104","3.12406064862934","0.0885966994939595","0.0974274853368857","0.0701912408960742"
"cc","1.0917617048912","2.01534490170208","3.01087667257109","0.96853801717895","0.0435709443762267","0.0396018813004782","0.0304692617126248"
"ipw","1.09998989035616","2.01150929329759","3.02381438057367","0.968798887609981","0.0451567909469352","0.0403767372705151","0.0314368920618857"
"ipw-w","1.11165400914233","1.97877881357051","2.96300915025806","0.970737454230556","0.0557472443586544","0.0515862205789188","0.0341216914451598"
"mle","1.07292022342664","2.02983439675631","3.02892729821854","0.965554575936799","0.0394934110624921","0.0371422811767664","0.0278654029278644"
"mle-w","1.07292022342664","2.02983439675631","3.02892729821854","0.965554575936799","0.0394934110624921","0.0371422811767664","0.0278654029278644"
