"Method","beta0.x","beta1.x","beta2.x","sigma.x","beta0.y","beta1.y","beta2.y"
"oracle","0.961077389424354","2.02273148049548","2.98264228186771","0.987694944807909","0.0312705429861543","0.0331295815747403","0.0248035844067444"
"naive","-0.252470169850247","1.17907319275192","1.49508992726222","3.23949882320541","0.0932327116012343","0.113370165341","0.0885280196461058"
"cc","1.03256236487529","2.0048346427612","2.95834979489425","0.986143491253404","0.0447683423261969","0.0444597099120449","0.0356299082147649"
"ipw","1.04354930332849","1.99827228886843","2.93063487510312","0.986784513123574","0.0467717362806267","0.0459748903789802","0.0377169418214314"
"ipw-w","1.02375465699934","1.97931693197228","2.98448917671941","0.98752919730245","0.0506252914434804","0.0472176644907955","0.0434995652967436"
"mle","0.991765702325684","2.01336588061873","2.97464387630595","0.985483002377503","0.0402109568006954","0.0400808686291432","0.0315375231913304"
"mle-w","0.991765702325684","2.01336588061873","2.97464387630595","0.985483002377503","0.0402109568006954","0.0400808686291432","0.0315375231913304"
