"Method","beta0.x","beta1.x","beta2.x","sigma.x","beta0.y","beta1.y","beta2.y"
"oracle","1.00562001975462","2.01014817956963","2.998469711574","0.995479600273892","0.0316624082592693","0.0292671062700501","0.0238658032241549"
"naive","-0.289368613662691","1.53282776200406","1.82261015449243","3.00783502037967","0.0824722671417786","0.0952252717332508","0.075706602730627"
"cc","0.966922570270816","2.0127345633695","2.99216774849148","1.03876785585555","0.0482455632751705","0.0435879450676393","0.0349106029422815"
"ipw","0.975185474572905","2.00194909225916","2.99073416766529","1.03884994424732","0.0509857078852704","0.0463190047599725","0.0381049886575428"
"ipw-w","0.955751646016794","2.01207800426983","2.97792475970014","1.03908622800955","0.0602062237047854","0.0505123734081981","0.039084308825974"
"mle","0.985232410783986","2.01558233488542","2.97432313132482","1.0348270129161","0.0424797424456018","0.0388185513179538","0.0304603050515281"
"mle-w","0.985232410783986","2.01558233488542","2.97432313132482","1.0348270129161","0.0424797424456018","0.0388185513179538","0.0304603050515281"
