"Method","beta0.x","beta1.x","beta2.x","sigma.x","beta0.y","beta1.y","beta2.y"
"oracle","1.02614807563163","2.00859633462566","3.00795462822917","1.0085002526614","0.0319038762099933","0.034164312783118","0.0254644494905842"
"naive","-0.210689909599705","1.48107361133839","1.54564893331142","3.23258931207271","0.0942424003652328","0.108661293432566","0.0806920596091086"
"cc","1.01253361846007","1.96562928250598","3.00604496506439","1.0034154694388","0.0458356036454223","0.0468553724629935","0.0359316963394288"
"ipw","1.01379958749488","1.96881567101624","3.01018135454435","1.00343372710711","0.0449199715835132","0.0469094842959998","0.0332593206461107"
"ipw-w","0.990895945872387","1.99328020584049","3.01853520189826","1.00388916034738","0.0572780672147131","0.0597104392306034","0.0412735023507804"
"mle","0.990372890879449","1.98121340102113","3.02351338995444","0.995345565429631","0.0400697536051887","0.04125872861737","0.0352869158919122"
"mle-w","0.990372890879449","1.98121340102113","3.02351338995444","0.995345565429631","0.0400697536051887","0.04125872861737","0.0352869158919122"
