"Method","beta0.x","beta1.x","beta2.x","sigma.x","beta0.y","beta1.y","beta2.y"
"oracle","0.96190297501645","1.98810014544118","3.02422234767387","0.997310418743791","0.031437971136318","0.0371043153264734","0.0242012699733228"
"naive","-0.524046157597297","1.22991572725819","1.71313525323756","3.21111942857047","0.0886348830437745","0.106266271094441","0.0673673959687124"
"cc","0.917424221801463","1.96464396459941","3.05531579612391","0.973454632943254","0.0433820863050482","0.0543418257927186","0.0308317623571889"
"ipw","0.917120704933167","1.94398994965304","3.02172798750252","0.974476655778805","0.0447535717456164","0.0589598491994128","0.02959307550589"
"ipw-w","0.927891756165202","1.96328898165154","3.08673028378688","0.97467658420326","0.0530419342131772","0.0656663495957082","0.0414877706570761"
"mle","0.939907280908025","1.98553565313284","3.03986805221859","0.965308676757042","0.0392400266678393","0.0474507784915557","0.0279819479416957"
"mle-w","0.939907280908025","1.98553565313284","3.03986805221859","0.965308676757042","0.0392400266678393","0.0474507784915557","0.0279819479416957"
