"Method","beta0.x","beta1.x","beta2.x","sigma.x","beta0.y","beta1.y","beta2.y"
"oracle","1.03146224628349","1.98979961812747","3.00168774347775","0.979979505140231","0.0310066239039594","0.032934120210229","0.02216919270187"
"naive","-0.263966696206114","1.34312372525938","1.6817082939538","3.14244834131055","0.0925196213265732","0.108559400309268","0.0761115387284372"
"cc","1.01138051275623","1.97144340465731","3.01343113764095","0.98670699784125","0.042846331980741","0.0437631647182832","0.0302000055449024"
"ipw","1.01803458984056","1.97523300808559","3.02937686209048","0.987009172626677","0.0449453370864545","0.0459030165882385","0.0300635990973861"
"ipw-w","1.00605546491329","1.96512186975881","2.99840251898393","0.98695815568376","0.0472967227507898","0.050428169431085","0.0344908589955304"
"mle","1.02783320194261","1.95914833165456","2.99438080316542","0.981947513053532","0.0391124677265753","0.0400653941146323","0.0274183215633198"
"mle-w","1.02783320194261","1.95914833165456","2.99438080316542","0.981947513053532","0.0391124677265753","0.0400653941146323","0.0274183215633198"
