"Method","beta0.x","beta1.x","beta2.x","sigma.x","beta0.y","beta1.y","beta2.y"
"oracle","0.947871006498284","1.95740811024453","3.04131080776677","0.949777977702629","0.030071413050255","0.0335476830382349","0.022511623025244"
"naive","-0.361310825731413","1.14541986503211","1.66797145750902","3.19848602835944","0.0888108470521417","0.104643937713417","0.0770018185180289"
"cc","0.997962665772287","1.99388065753745","3.05423176777861","0.944546750189562","0.04187368802755","0.0471070298972125","0.0309659467578102"
"ipw","1.02870702419451","2.03005474193378","3.02702859933239","0.946610832143511","0.0445608591361402","0.0541816030313429","0.034758098563676"
"ipw-w","0.976524262316133","1.98091717119229","3.07577146720111","0.945346272329277","0.0521061021147712","0.0584836744502693","0.0396236746760947"
"mle","0.974900180218026","1.99983525044456","3.05524444444382","0.940760331268201","0.0382022547487507","0.0431380605946377","0.0284538568894481"
"mle-w","0.974900180218026","1.99983525044456","3.05524444444382","0.940760331268201","0.0382022547487507","0.0431380605946377","0.0284538568894481"
