"Method","beta0.x","beta1.x","beta2.x","sigma.x","beta0.y","beta1.y","beta2.y"
"oracle","0.990463296696064","1.97797050278283","2.98256374448583","0.985281333923107","0.0310955485121534","0.0331983782376989","0.0246912345304987"
"naive","-0.25812250589436","1.49025905529369","1.61023136858622","3.09833683949306","0.0902926400154173","0.113560704118754","0.0770837591642313"
"cc","0.967444737321927","2.01212671707728","2.98512619544413","0.996455652016107","0.0454888052444328","0.047724134385649","0.0365915581888759"
"ipw","0.971944564658551","1.9940354816375","2.97755003427357","0.996626762516584","0.0473437175193953","0.0460382799396184","0.0360237959253327"
"ipw-w","0.952753898082745","2.01618717699093","3.00417008034077","0.996783689591607","0.0532505510434703","0.0519569769600269","0.0429534361367128"
"mle","0.977784137133715","1.98288454814085","2.9901555685576","0.996990011770605","0.0412397039672634","0.0435627795941754","0.0207412165938232"
"mle-w","0.977784137133715","1.98288454814085","2.9901555685576","0.996990011770605","0.0412397039672634","0.0435627795941754","0.0207412165938232"
