"Method","beta0.x","beta1.x","beta2.x","sigma.x","beta0.y","beta1.y","beta2.y"
"oracle","0.955115887243589","2.04914893025934","3.01748665597728","0.965498771151421","0.0305340913939525","0.033802031979794","0.0251561880640103"
"naive","-0.435914200531547","1.31792188744379","1.51165328334931","3.2606799686547","0.0954997788262356","0.1130481565658","0.0823170738865426"
"cc","0.939898396570803","2.07151554729687","3.07327019095144","0.959988789949706","0.0460203650326693","0.0493769366677304","0.0375872105972207"
"ipw","0.92725529824824","2.09351440858085","3.07786853454552","0.960261772539187","0.0483710078220236","0.0568377363045633","0.0416072693084737"
"ipw-w","0.946214777673451","2.10234154390079","3.08413248840381","0.960436754730143","0.0515846411417628","0.0555644870036743","0.0431746147362647"
"mle","0.964019539586226","2.09430522177996","3.04881023557229","0.961131093579866","0.0404390103700902","0.0435191679576309","0.0320201134182895"
"mle-w","0.964019539586226","2.09430522177996","3.04881023557229","0.961131093579866","0.0404390103700902","0.0435191679576309","0.0320201134182895"
