"Method","beta0.x","beta1.x","beta2.x","sigma.x","beta0.y","beta1.y","beta2.y"
"oracle","0.98536840477237","2.03041770829566","3.00227598990724","1.00873621562962","0.0319296962560005","0.0333921011507543","0.0226695680836455"
"naive","-0.343280231639384","1.36813853253887","1.70336088484493","3.09557842144757","0.084317151021685","0.107503227520512","0.075437963635289"
"cc","1.01481342471688","2.02455421817673","3.01970634901467","0.979251700782567","0.0430747117678855","0.0438127006889287","0.0298736900183282"
"ipw","1.00359760519836","2.02835500249598","3.01754713205459","0.97933960089596","0.0442181037749755","0.0456963191567795","0.0289889140834946"
"ipw-w","0.984820669119738","2.0343387757462","3.01455327348659","0.9798591972027","0.0498611873129505","0.0512472886920975","0.0353589744685422"
"mle","1.01425013398282","2.04065231325153","3.00741683783066","0.981994674848575","0.0390655961577554","0.0399780644709024","0.0268076433092057"
"mle-w","1.01425013398282","2.04065231325153","3.00741683783066","0.981994674848575","0.0390655961577554","0.0399780644709024","0.0268076433092057"
