"Method","beta0.x","beta1.x","beta2.x","sigma.x","beta0.y","beta1.y","beta2.y"
"oracle","1.02305445907468","2.00466943868152","2.99908884979069","0.987512580252095","0.0313229248520824","0.0327240421064882","0.0232459104533288"
"naive","-0.336869990186442","1.40692177558656","1.59095045728739","3.13156050274256","0.088133486784675","0.105875566786213","0.0737247786943556"
"cc","1.03914555072041","2.00010209409746","2.9830483703318","0.998499079385479","0.0447785654145713","0.045912302760934","0.0326322420909794"
"ipw","1.04938040360621","2.0048897136331","2.97461462285069","0.998626868038906","0.0470766588718044","0.047473654818408","0.034496027874125"
"ipw-w","1.06931267694809","2.01283122044101","2.98190001218773","0.999030103429113","0.0541285193197575","0.0604719590618358","0.0370072667636752"
"mle","1.01860041059124","1.99742533181148","2.98681801951763","0.990288909222794","0.0400509354476784","0.0414714122051879","0.0290762608938015"
"mle-w","1.01860041059124","1.99742533181148","2.98681801951763","0.990288909222794","0.0400509354476784","0.0414714122051879","0.0290762608938015"
