"Method","beta0.x","beta1.x","beta2.x","sigma.x","beta0.y","beta1.y","beta2.y"
"oracle","1.03967672607711","1.98465448543729","3.00929855571191","1.03551381550143","0.0326795276607465","0.0351494965737656","0.0250804243169483"
"naive","-0.317853766157336","1.42202080618188","1.67186101876234","3.21410220309892","0.0921817867457405","0.113546414280221","0.0789459579173481"
"cc","1.03013172660192","1.98148133353633","3.01246527055699","1.04758869706112","0.0467616175241276","0.0515149255720945","0.0355663567853359"
"ipw","1.04327986962031","1.95264522155851","3.01458715637212","1.04804483251654","0.0491340731588656","0.0525744175642087","0.0385917087927821"
"ipw-w","1.02548211835596","1.99384802573321","3.01874108215026","1.04766344097877","0.0514791440718654","0.0633791913058293","0.0399816956321155"
"mle","1.0028657924766","1.96683010558278","3.0144376519526","1.03386220063382","0.0411959622670101","0.0463040326485714","0.0309671980364597"
"mle-w","1.0028657924766","1.96683010558278","3.0144376519526","1.03386220063382","0.0411959622670101","0.0463040326485714","0.0309671980364597"
