"Method","beta0.x","beta1.x","beta2.x","sigma.x","beta0.y","beta1.y","beta2.y"
"oracle","1.02056583767873","1.96807353113369","2.96572761489853","0.994333018678918","0.0314442188056222","0.0326404957829543","0.0232009058947386"
"naive","-0.387346686310573","1.48059036553272","1.630813303892","3.17606302174609","0.0928789086797946","0.104358820409582","0.090404261216089"
"cc","1.03202617268897","1.97083098277416","2.96660842916155","0.967894586507414","0.0445840880301972","0.0454036021234702","0.0323186676357589"
"ipw","1.0187650089511","1.9599500222448","2.98841903093618","0.968524904984925","0.0445137921117011","0.04573054292772","0.0360468594981371"
"ipw-w","1.02014020852181","1.93199049673056","2.97358012098997","0.968902924323742","0.0535196923895294","0.0549398632917093","0.0377566353324033"
"mle","1.04588354741879","1.98083571919325","2.98011445173408","0.984460409837922","0.0401808504708259","0.0411026966662278","0.0293295808301363"
"mle-w","1.04588354741879","1.98083571919325","2.98011445173408","0.984460409837922","0.0401808504708259","0.0411026966662278","0.0293295808301363"
