"Method","beta0.x","beta1.x","beta2.x","sigma.x","beta0.y","beta1.y","beta2.y"
"oracle","1.01363751995342","2.06279654186857","3.00054122887758","0.953713399197853","0.0302805845750362","0.0327866885004407","0.0257440875014398"
"naive","-0.314353979991277","1.43390578801291","1.58645071084068","3.11500204567219","0.0915162868632228","0.108480097611014","0.0797085994306263"
"cc","1.04096199399424","2.0313396316346","2.99279114764451","0.953773882114367","0.0439637253204215","0.0478215852539403","0.0400681372099305"
"ipw","1.03372419856636","2.0222956959493","2.99918168281392","0.953910323074417","0.0469539285316296","0.048395541196794","0.0385638758332767"
"ipw-w","1.00894246649722","1.99740637808825","2.98247752674671","0.954983220659957","0.0523286813348042","0.0534271976653658","0.0420446859491086"
"mle","1.05156651885441","2.03646042635656","2.9858626671809","0.95058676899275","0.0394952452465087","0.0428959256113497","0.0345842667204509"
"mle-w","1.05156651885441","2.03646042635656","2.9858626671809","0.95058676899275","0.0394952452465087","0.0428959256113497","0.0345842667204509"
