"Method","beta0.x","beta1.x","beta2.x","sigma.x","beta0.y","beta1.y","beta2.y"
"oracle","0.961171281286858","1.96739487622111","2.9580656161162","0.989102567118187","0.0312971769253735","0.0328658086118618","0.0244882024435872"
"naive","-0.34155692184861","1.24207220822795","1.54181446571243","3.09705888521364","0.0912457179668262","0.103148393826837","0.0782832514765113"
"cc","1.01157076006027","1.9722689546613","2.95653726840082","0.983386370913196","0.0446141039315794","0.0427963642861146","0.0328977073374194"
"ipw","1.01917428972798","1.93495663187877","2.95244823408786","0.984065577880075","0.0440668404121444","0.0438028690988978","0.0340062824714851"
"ipw-w","1.01081033068032","1.96777331056595","2.93592654017451","0.983752309736406","0.0505431513199989","0.0440488016417494","0.0334613435451361"
"mle","1.00879343605346","1.98746309137732","2.96537539282178","0.989752439246388","0.0401426734799684","0.0404062425063343","0.0301417241687058"
"mle-w","1.00879343605346","1.98746309137732","2.96537539282178","0.989752439246388","0.0401426734799684","0.0404062425063343","0.0301417241687058"
