"Method","beta0.x","beta1.x","beta2.x","sigma.x","beta0.y","beta1.y","beta2.y"
"oracle","1.00242429822149","2.02602688998816","2.97485614557167","0.987729286617781","0.0312543397031763","0.0345453867440051","0.0246189599648958"
"naive","-0.353465493184465","1.46896995742915","1.58166462563825","3.07018056372298","0.0895443723244512","0.106909507530348","0.0693099872049847"
"cc","1.04737643018975","1.99782359855502","2.94734141182721","1.01526680158237","0.0456652327093691","0.0499728214147916","0.03663937993208"
"ipw","1.05758150105987","2.01472610245762","2.9474824855137","1.01547180888385","0.0478624931505222","0.0531066668551382","0.0381462693866268"
"ipw-w","1.0295672817448","1.94301976466366","2.9289968024191","1.01689289387646","0.0548430636282028","0.0570813662655522","0.0415617829618088"
"mle","1.0181926125747","2.01274725711188","2.9516994983968","1.00801953774088","0.0409169713478787","0.0445365484843148","0.0318828320547909"
"mle-w","1.0181926125747","2.01274725711188","2.9516994983968","1.00801953774088","0.0409169713478787","0.0445365484843148","0.0318828320547909"
