"Method","beta0.x","beta1.x","beta2.x","sigma.x","beta0.y","beta1.y","beta2.y"
"oracle","0.952237552737409","2.02053356290726","3.03429641215117","1.03554195557309","0.0328171334005878","0.0354679878963974","0.0251577625976362"
"naive","-0.4886262494409","1.3481364930786","1.59768042934203","3.22576295020471","0.0925856641130963","0.107463480830219","0.0761422637463293"
"cc","0.965823412161012","2.00797619378546","3.02937284157834","1.04599544521528","0.0477635879949643","0.0495738631303355","0.0371693584870047"
"ipw","0.957817755131361","2.01670903675667","3.02841644113119","1.04607340582762","0.0494896923251648","0.0515853059631304","0.0367290058949055"
"ipw-w","0.964993591998477","2.00304179191719","3.00130083232815","1.0467016991932","0.0581289765247575","0.0578394764728625","0.041336352071227"
"mle","0.939034154453376","2.03887578238659","3.0367156028597","1.04838978943609","0.0423101125537678","0.0457713232431402","0.0324454322785403"
"mle-w","0.939034154453376","2.03887578238659","3.0367156028597","1.04838978943609","0.0423101125537678","0.0457713232431402","0.0324454322785403"
