"Method","beta0.x","beta1.x","beta2.x","sigma.x","beta0.y","beta1.y","beta2.y"
"oracle","0.944725448554008","1.98768678400331","3.00943475828434","0.9864641551424","0.0313637380531598","0.0351346163873879","0.0248595988398656"
"naive","-0.347918722631744","1.27734346555375","1.54183958611064","3.17794927441111","0.0952547428985921","0.115659382874344","0.0760160759302016"
"cc","0.913616993526508","2.0673733935267","3.03468415670049","1.00739040864599","0.0468236283249558","0.0500948809240899","0.0362162167139827"
"ipw","0.907870483112371","2.07260298387003","3.05775533864565","1.00782322256379","0.0482087807020951","0.0548948171797573","0.037372266505012"
"ipw-w","0.957829414349782","2.07073748442983","3.00456831225486","1.0089172452854","0.0574121151009007","0.0601146879382837","0.0468697851651454"
"mle","0.897063867141425","2.06404532890278","3.02505588026418","1.00360379402012","0.0414659327517113","0.0451682812573485","0.0317316043839578"
"mle-w","0.897063867141425","2.06404532890278","3.02505588026418","1.00360379402012","0.0414659327517113","0.0451682812573485","0.0317316043839578"
