"Method","beta0.x","beta1.x","beta2.x","sigma.x","beta0.y","beta1.y","beta2.y"
"oracle","0.991596587602048","1.96095446610184","2.98121137035003","0.991071094157763","0.0314515285954392","0.0332889325610373","0.0245552671210134"
"naive","-0.429003125427648","1.45533529948024","1.66790569785576","3.04835944985582","0.0886235890453379","0.10578579402823","0.0723082651161088"
"cc","0.977487750651496","2.00576197303684","2.99215477313051","0.999035373471854","0.0456696872904562","0.0494727576314935","0.0367220836772169"
"ipw","0.987017287366394","1.99314482449929","3.0000270933828","0.999271918479993","0.0466388389458498","0.0503564064323157","0.0371223368053083"
"ipw-w","1.00337405260919","1.97669809601656","2.98373048601757","0.999650937772124","0.0549580605214248","0.0564560607573398","0.0421472551628692"
"mle","0.984125653973716","2.02372607777972","2.99962410059574","1.00440078625451","0.0410408120522625","0.0433064708638392","0.0324134595129398"
"mle-w","0.984125653973716","2.02372607777972","2.99962410059574","1.00440078625451","0.0410408120522625","0.0433064708638392","0.0324134595129398"
