"Method","beta0.x","beta1.x","beta2.x","sigma.x","beta0.y","beta1.y","beta2.y"
"oracle","0.99749093958263","2.04871437522264","3.02700345743963","0.973643207313584","0.0308086453411412","0.0310845459421416","0.0237052183777285"
"naive","-0.413007563025979","1.54685146430297","1.69410464473688","3.16860002331547","0.0889228013684491","0.0986723065937197","0.0752082277948884"
"cc","0.956508338951608","2.06698654585436","3.05495153236463","0.909276257341004","0.0402873065418851","0.0423480925498355","0.0335245589551945"
"ipw","0.939654492313174","2.03738807295597","3.06469943874036","0.910095337734921","0.0422441171086308","0.0429128749375276","0.0386181148449646"
"ipw-w","0.910988524719637","2.02224236891395","3.04529641189283","0.911568273052105","0.0492131986511216","0.0509725783617154","0.0402398744784495"
"mle","1.01341847962797","2.0573685276501","3.03948171637237","0.935603918342188","0.0378837479602806","0.0385789660607664","0.0297687625982036"
"mle-w","1.01341847962797","2.0573685276501","3.03948171637237","0.935603918342188","0.0378837479602806","0.0385789660607664","0.0297687625982036"
