"Method","beta0.x","beta1.x","beta2.x","sigma.x","beta0.y","beta1.y","beta2.y"
"oracle","1.02951104392078","2.00135561962495","3.01100489982294","1.03374759040204","0.0327159074238826","0.0358398388029134","0.0240007476323292"
"naive","-0.32266350558766","1.33496341345747","1.6041024470234","3.16511735490062","0.0929640883717389","0.104380372962108","0.0772504029550262"
"cc","1.10384606020453","1.94180740752619","2.97457897224508","1.05279990818866","0.0487292552820672","0.0493292760390725","0.0356108676771837"
"ipw","1.06071378305707","1.89894747168337","2.9815639263161","1.05464586038672","0.0515832426442739","0.0535965635854772","0.0402535879802353"
"ipw-w","1.16734415630119","1.90286323183491","2.94811468438163","1.05516481599483","0.0625703530335841","0.0583177984367072","0.0462940439660076"
"mle","1.09446535531643","1.97386123150952","2.97585478849581","1.0477661089536","0.0432366480851156","0.0445636499582158","0.0314671021055412"
"mle-w","1.09446535531643","1.97386123150952","2.97585478849581","1.0477661089536","0.0432366480851156","0.0445636499582158","0.0314671021055412"
