"Method","beta0.x","beta1.x","beta2.x","sigma.x","beta0.y","beta1.y","beta2.y"
"oracle","0.982442615574405","2.00285698665563","3.022949056874","0.990977420239203","0.0313739683328906","0.0320690954375469","0.0231218777420699"
"naive","-0.427138971935412","1.38105865348163","1.66572487669739","3.13922409227022","0.0895962975828065","0.107565720638543","0.0731228632837624"
"cc","0.947956769315201","2.02504361335298","3.04792184749408","0.982193318103491","0.0442956588926021","0.0417179714284466","0.03253814758666"
"ipw","0.936742494167186","2.03248453982698","3.05416937593613","0.982288379016972","0.0453271268744637","0.0458040517830979","0.0349790340560979"
"ipw-w","0.946961591978201","1.99518552261559","3.05437304881968","0.982767441715903","0.0515241152597014","0.0481023179464105","0.0352179879373455"
"mle","0.970847100772781","2.02253910817956","3.03030216463565","0.972838384655892","0.0396769939715634","0.0388562286458328","0.0291514739284692"
"mle-w","0.970847100772781","2.02253910817956","3.03030216463565","0.972838384655892","0.0396769939715634","0.0388562286458328","0.0291514739284692"
