"Method","beta0.x","beta1.x","beta2.x","sigma.x","beta0.y","beta1.y","beta2.y"
"oracle","0.993627439186771","2.01036033130414","3.02633019623092","1.01379734676848","0.0321528926180336","0.0323703114877504","0.023436380135812"
"naive","-0.356049037741524","1.4213377788518","1.70911370146221","3.22168797338684","0.0966512170288297","0.109629570611647","0.0808382693758559"
"cc","1.00487114028964","1.97584469223645","3.02072010999741","1.01320774925603","0.0453075042062065","0.0439523225325905","0.0325485448221291"
"ipw","0.978514724184999","1.95228531763949","3.02784021405486","1.01390387840847","0.0468579132581248","0.0459595856705226","0.0321375270190347"
"ipw-w","1.06106189496501","1.95060272250172","3.02645561163643","1.01521847595904","0.0542759408448019","0.0556543917814755","0.0365497852496625"
"mle","0.976017168669741","2.00998632019649","3.03182290733094","1.0268286158483","0.0411408546229008","0.0393576813398525","0.020677017402993"
"mle-w","0.976017168669741","2.00998632019649","3.03182290733094","1.0268286158483","0.0411408546229008","0.0393576813398525","0.020677017402993"
