"Method","beta0.x","beta1.x","beta2.x","sigma.x","beta0.y","beta1.y","beta2.y"
"oracle","0.988657521986959","1.95803057365951","3.00244670113385","0.976246242217501","0.0308551851103994","0.0332827657768911","0.0249490807296697"
"naive","-0.430325222393547","1.29962031907663","1.64329165784841","3.06497269630623","0.0880365835253563","0.105054295476499","0.0767449758301328"
"cc","0.982990953706008","1.9415979410128","2.98108804493117","0.983629392126199","0.0451325200750137","0.0457818083335619","0.03639787111839"
"ipw","1.0205282297798","1.90344883964041","2.95016707410545","0.985225959987937","0.0485901403389608","0.0607030292581966","0.044746515040787"
"ipw-w","0.977835793739356","1.94501563628524","2.99549660216554","0.983810763019544","0.0515508114372615","0.0468388627328327","0.0386242877964256"
"mle","0.9617008799192","1.96706808402612","2.99727622104044","0.992314449637556","0.0406321228824058","0.0421571140258841","0.032100368763211"
"mle-w","0.9617008799192","1.96706808402612","2.99727622104044","0.992314449637556","0.0406321228824058","0.0421571140258841","0.032100368763211"
