"Method","beta0.x","beta1.x","beta2.x","sigma.x","beta0.y","beta1.y","beta2.y"
"oracle","0.984353779574473","1.971733823663","2.99582007522347","0.979499087172061","0.0310161698598893","0.0350050880334557","0.0243158480227178"
"naive","-0.303753868222137","1.15015200716436","1.69505327229784","3.03695924489656","0.0866641081782999","0.102573441885087","0.074897579238523"
"cc","1.02173912326631","1.95585395412129","3.00582584321163","0.97707372386846","0.0445920794720015","0.0508158686603068","0.0349532849344177"
"ipw","1.04543483235589","1.92396504832864","2.98465059853568","0.977780182616863","0.0450684426839142","0.0544950621452977","0.0375969638751787"
"ipw-w","1.00680369073424","1.90477191956281","3.02906330057881","0.979473339371905","0.0579286685936636","0.059520809561748","0.0474250834232641"
"mle","1.03186119105056","1.91490536391968","2.96753561507665","0.960488325846707","0.0393403780671558","0.0442148233782239","0.0299232092423351"
"mle-w","1.03186119105056","1.91490536391968","2.96753561507665","0.960488325846707","0.0393403780671558","0.0442148233782239","0.0299232092423351"
