"Method","beta0.x","beta1.x","beta2.x","sigma.x","beta0.y","beta1.y","beta2.y"
"oracle","0.980016139772174","1.96988721313588","2.99881086515864","0.987156641355226","0.0313487986270783","0.0335058855021948","0.0217407921278527"
"naive","-0.555950515311637","1.43414761086296","1.74033748176079","3.13356912708685","0.0888074258729534","0.106989011114008","0.0732731840468162"
"cc","0.934564931997518","1.98007892332133","2.99599927136587","1.00393932282808","0.0458422950594587","0.0506352135207324","0.0333397547198144"
"ipw","0.912213716422067","1.96835625524626","3.01571118643712","1.0045780132167","0.0482515207033845","0.0557615776697462","0.0338588431078808"
"ipw-w","0.994107717243269","1.96515094301007","2.98356260478874","1.00575742880797","0.0527673419854518","0.0582350877666545","0.0397393380372452"
"mle","0.96340468854036","2.02729036470427","3.02665321119256","1.02218173173842","0.0416390905268213","0.0457202918751765","0.0311929841977206"
"mle-w","0.96340468854036","2.02729036470427","3.02665321119256","1.02218173173842","0.0416390905268213","0.0457202918751765","0.0311929841977206"
