"Method","beta0.x","beta1.x","beta2.x","sigma.x","beta0.y","beta1.y","beta2.y"
"oracle","0.935831568988538","1.98267360853703","2.98572132550094","0.972278973338342","0.0308337759935001","0.0336965163068319","0.0236558159269524"
"naive","-0.416515875339175","1.5124876876635","1.7319265664192","3.01384048563088","0.0845397134772668","0.108133125666209","0.0776227547685076"
"cc","0.924270905299538","1.92099473356081","3.00364001241688","0.942542013008085","0.0431028579353962","0.0459525786944949","0.0324476350603376"
"ipw","0.935596447094672","1.91049373755938","2.99123268555171","0.94272228827678","0.0434055664756078","0.0490814062769417","0.0330999015940984"
"ipw-w","0.90788536501015","1.90791260126624","3.00469203013306","0.942748451492071","0.0505286239602469","0.0579305388447908","0.0367885611083761"
"mle","0.942360654839906","1.97786852367247","2.98972471540473","0.950419997975098","0.0389123998358249","0.0424234292490623","0.0290253152160288"
"mle-w","0.942360654839906","1.97786852367247","2.98972471540473","0.950419997975098","0.0389123998358249","0.0424234292490623","0.0290253152160288"
