"Method","beta0.x","beta1.x","beta2.x","sigma.x","beta0.y","beta1.y","beta2.y"
"oracle","0.9888742969078","2.03679895538872","3.03592593062314","0.960902979678301","0.0304498668314933","0.0342752063979331","0.022911755440392"
"naive","-0.423916644520026","1.33456441998684","1.67674446535727","3.01877438317187","0.0836655675075894","0.0972718328735739","0.0741292085733598"
"cc","0.944278933945092","2.08040026224206","3.03245505608622","0.975432464556432","0.0433815977248298","0.0472451530303897","0.0304721030201103"
"ipw","0.929396983738712","2.10310690208905","3.04937577088699","0.975817462939105","0.0460765093219102","0.0467954865268198","0.0318281805364828"
"ipw-w","1.02356762669197","1.98638480035092","3.04688751574664","0.984091474245847","0.0563700353042858","0.0561567803657235","0.0378119075655439"
"mle","0.92432658483616","2.05679096989576","3.02353725680798","0.970133553678468","0.0393479273830115","0.0426260399877058","0.0281256555405356"
"mle-w","0.92432658483616","2.05679096989576","3.02353725680798","0.970133553678468","0.0393479273830115","0.0426260399877058","0.0281256555405356"
