"Method","beta0.x","beta1.x","beta2.x","sigma.x","beta0.y","beta1.y","beta2.y"
"oracle","0.901523201561912","2.01296281342546","2.96561163220344","0.995481418205979","0.0314467561792895","0.0329163489718381","0.0250885409327063"
"naive","-0.390601750939443","1.39306281457177","1.46196720820071","3.13606762831681","0.0906653763752639","0.10781076430235","0.071497813667064"
"cc","0.937150164487135","2.00806432699589","2.96797088821557","1.00703116410702","0.0469632946846393","0.0489149610742478","0.0358597171471985"
"ipw","0.939244529852629","1.96905295373797","2.95879199942776","1.00766371730432","0.0479516738197372","0.0519883371707618","0.0402189457985745"
"ipw-w","0.896864583083316","2.0319908134067","2.99314348005923","1.00813640112909","0.0562462320615391","0.0619341400642104","0.044014915267664"
"mle","0.923681808834375","2.02438355971766","2.95976223038284","1.00030621954692","0.0413325668814592","0.0436772941196585","0.0318000464706692"
"mle-w","0.923681808834375","2.02438355971766","2.95976223038284","1.00030621954692","0.0413325668814592","0.0436772941196585","0.0318000464706692"
