"Method","beta0.x","beta1.x","beta2.x","sigma.x","beta0.y","beta1.y","beta2.y"
"oracle","0.961758855762678","2.05121965229222","3.00282244822974","0.985377653980454","0.0311280042349162","0.0353255115070344","0.0240373915474086"
"naive","-0.33069109170284","1.42715832210853","1.69328307722121","3.07483877047796","0.088397488300766","0.106852492295693","0.0827620233377836"
"cc","0.996755590036887","2.04384507903863","2.99026714498987","1.00145037287811","0.0451021411197611","0.0493718478841016","0.0351989782143641"
"ipw","1.03027249734629","2.04562487788402","2.9652287866306","1.0023703487821","0.0475999202532309","0.0514033242006947","0.0404121998995007"
"ipw-w","0.969274014756058","2.05264403358164","2.94659452596841","1.00406462957938","0.0586399010569352","0.0626734531705582","0.0420984690057181"
"mle","0.977965445227845","2.03205605683675","3.02078413338339","0.997244289911096","0.0402419652649018","0.0458189749131733","0.0319413608654569"
"mle-w","0.977965445227845","2.03205605683675","3.02078413338339","0.997244289911096","0.0402419652649018","0.0458189749131733","0.0319413608654569"
