"Method","beta0.x","beta1.x","beta2.x","sigma.x","beta0.y","beta1.y","beta2.y"
"oracle","1.02008417478235","1.92304676981662","2.97202177299736","1.0019806026345","0.0317545385146973","0.0347064430104989","0.0243213868604958"
"naive","-0.312906131762538","1.15010876841905","1.61357620185499","3.17402760158899","0.0894029120139671","0.106504920337639","0.0776967751346765"
"cc","1.05340063795911","1.97422146062878","2.97005439446672","0.997039983039421","0.0457478991409787","0.047099064043482","0.0353511888023012"
"ipw","1.0602407719395","1.9628897276525","2.95212780622135","0.997290711252409","0.0473549547259343","0.0492639531318695","0.0372536069057811"
"ipw-w","1.02909808056981","1.97963917630849","2.96238273433688","0.997475914631385","0.0601717052562309","0.0619900187070215","0.0451161400446091"
"mle","1.02003475876836","1.95238411638968","3.00695344435967","1.01015938061237","0.0414266669361238","0.043879631317812","0.0315843070026925"
"mle-w","1.02003475876836","1.95238411638968","3.00695344435967","1.01015938061237","0.0414266669361238","0.043879631317812","0.0315843070026925"
