"Method","beta0.x","beta1.x","beta2.x","sigma.x","beta0.y","beta1.y","beta2.y"
"oracle","1.08090836102423","1.95590613009748","2.99990894850777","1.03547056922479","0.0327258462579368","0.0339793644387912","0.0249518759276534"
"naive","-0.273570378618132","1.28515817967355","1.60007364858135","3.25136790505392","0.0968480943815806","0.110536934648177","0.0732828941098512"
"cc","1.07111975136459","1.90908116371882","3.00922214022888","0.986854157930483","0.0444796661826615","0.047158312607011","0.0349330459141672"
"ipw","1.05756860362223","1.92696887152628","3.02124763911071","0.987097782547521","0.0461728941752518","0.0489744262519671","0.0363513187248565"
"ipw-w","1.05466164136232","1.86279072437587","3.00757962095986","0.988109535139744","0.0535050483472108","0.0532439158917725","0.0511720554641661"
"mle","1.0611888056549","1.91308436886446","3.02116460971677","0.992209710437452","0.0411409661983226","0.0421566789676502","0.0311050230518981"
"mle-w","1.0611888056549","1.91308436886446","3.02116460971677","0.992209710437452","0.0411409661983226","0.0421566789676502","0.0311050230518981"
