"Method","beta0.x","beta1.x","beta2.x","sigma.x","beta0.y","beta1.y","beta2.y"
"oracle","0.988621685793689","2.04006442826624","2.99802075199497","1.02044211550007","0.0320704672652045","0.0339536912147489","0.0248127581248029"
"naive","-0.451454221906737","1.31913050481257","1.51301846660372","3.31113181907676","0.0947801311517471","0.118438932083587","0.0804638012668475"
"cc","0.99444543358045","2.02638957734978","2.97722126230344","1.04736361958566","0.0476862746264211","0.0463097242177785","0.0336285996148277"
"ipw","0.970722081054793","2.04937682365367","2.99739966123903","1.04793627118443","0.0475886376656304","0.0475250707709846","0.0335650517041431"
"ipw-w","1.02673640474175","1.98541107597719","2.95679144557875","1.04847065337139","0.0586725750517641","0.0512745819941888","0.0420857348207987"
"mle","0.968682619451722","2.00507249531154","2.994334469222","1.03836513908703","0.0426227004610653","0.0431744721329902","0.0301189538643865"
"mle-w","0.968682619451722","2.00507249531154","2.994334469222","1.03836513908703","0.0426227004610653","0.0431744721329902","0.0301189538643865"
