"Method","beta0.x","beta1.x","beta2.x","sigma.x","beta0.y","beta1.y","beta2.y"
"oracle","0.981198192413295","2.03212750932195","2.98824822699576","0.987106648831821","0.0313170954543401","0.0349353917073798","0.024247964519298"
"naive","-0.281981987400735","1.3526137662726","1.65393989498015","3.17380190335575","0.0873761819356896","0.111490481124239","0.0836539896846956"
"cc","0.978281784156683","2.04428825675675","3.00369876106556","0.999466278485009","0.0463381086882692","0.0473554603955188","0.0354100661152538"
"ipw","0.986022627449303","2.02722572248249","2.9679349737512","1.00050602027341","0.0471317925256268","0.0483580367877671","0.0375940636600011"
"ipw-w","0.994128991379845","2.02782202105941","3.00410741921793","0.999730616857305","0.0551163480746018","0.0597524275191122","0.0450027548610322"
"mle","0.958565775076382","2.02284418640843","2.9961512907689","0.996339821205285","0.0407693339290434","0.0431779702268895","0.0313827849350949"
"mle-w","0.958565775076382","2.02284418640843","2.9961512907689","0.996339821205285","0.0407693339290434","0.0431779702268895","0.0313827849350949"
