"Method","beta0.x","beta1.x","beta2.x","sigma.x","beta0.y","beta1.y","beta2.y"
"oracle","0.973394653151331","2.05377121573603","3.01773012266726","0.952516600243038","0.030117049391145","0.0328271734183511","0.023704308482846"
"naive","-0.377256335847305","1.32767688013312","1.73552377187629","3.08010772429706","0.0865546559936886","0.106116273598672","0.0811731683178601"
"cc","0.978925373585506","2.06028952041963","3.02830539909749","0.945619052852581","0.0449263857374676","0.0427300078464984","0.0358241926554462"
"ipw","0.951893664336125","2.09656728138602","3.07072368410797","0.947501043617439","0.046659201062893","0.0505634219903366","0.0412514642598235"
"ipw-w","0.992758523599422","2.05440033930062","2.99651804002503","0.946588763862905","0.054837726822958","0.05035960774007","0.0414334914826354"
"mle","1.00654456099316","2.02960873898531","3.00196187069326","0.934286437825164","0.0394867130112807","0.0390380107475384","0.0350921904877765"
"mle-w","1.00654456099316","2.02960873898531","3.00196187069326","0.934286437825164","0.0394867130112807","0.0390380107475384","0.0350921904877765"
