"Method","beta0.x","beta1.x","beta2.x","sigma.x","beta0.y","beta1.y","beta2.y"
"oracle","0.977220269567752","1.95638652784077","3.02583791153171","1.00496335148334","0.0318423801765698","0.0302697428878925","0.0247080393043249"
"naive","-0.489618995602337","1.37468709083418","1.64113786277135","3.25035444222769","0.0902122012688589","0.115290583043439","0.0727769572765201"
"cc","0.975712461985165","2.01793323602439","3.05814268104161","1.01808143687812","0.0469826702353842","0.0425721012303699","0.0382079029441356"
"ipw","0.973767277034809","2.01333491992595","3.04541916424059","1.01823564326365","0.0481912080999589","0.0438770045623115","0.0422747141468243"
"ipw-w","0.984567649194346","1.99433776696146","3.0344234289916","1.01865111272937","0.0529161638907433","0.0473972701311534","0.0407980858533479"
"mle","0.999369304755581","1.99154701294269","3.01885209903945","1.01548312587673","0.0418179632635123","0.0398605738465862","0.0336590585310385"
"mle-w","0.999369304755581","1.99154701294269","3.01885209903945","1.01548312587673","0.0418179632635123","0.0398605738465862","0.0336590585310385"
