"Method","beta0.x","beta1.x","beta2.x","sigma.x","beta0.y","beta1.y","beta2.y"
"oracle","0.950150691659135","1.98774272660796","3.03480381610812","1.02660619668617","0.032507589395278","0.0327285673231574","0.0243403134888642"
"naive","-0.371382091462264","1.4653993825887","1.77739435875089","3.11576186407243","0.0879766313664028","0.105920692905044","0.0788205200487668"
"cc","0.92482637515853","1.95794228193074","3.01971973670666","1.06141791440564","0.048671069715759","0.0464740455529747","0.0340316387934971"
"ipw","0.902084483209001","1.96686511615011","3.0318787296857","1.06170436974137","0.0515048164784209","0.0483211657596357","0.036787776972946"
"ipw-w","0.914556967872271","1.98798666751412","3.0258964551513","1.06185360339426","0.0531991612266743","0.0472517373114342","0.0379059265625149"
"mle","0.939753131053937","1.97309142490237","3.01587095989219","1.04700888053716","0.0427867799291415","0.0419607108779676","0.0308308031498998"
"mle-w","0.939753131053937","1.97309142490237","3.01587095989219","1.04700888053716","0.0427867799291415","0.0419607108779676","0.0308308031498998"
