"Method","beta0.x","beta1.x","beta2.x","sigma.x","beta0.y","beta1.y","beta2.y"
"oracle","0.996478779209225","2.03081740837708","2.98757724322094","0.989407514266379","0.031270355016532","0.0322810058338489","0.0239983545045671"
"naive","-0.31954210187118","1.53031216908445","1.54535771096301","3.15413668700498","0.0930851304959029","0.108746756928596","0.0900171551812766"
"cc","1.00859903125474","2.01054884608881","2.99332201114374","0.994686986807343","0.0453421064086166","0.0448835569101627","0.0350485303057361"
"ipw","0.989437461047472","2.03001635475206","3.03926001296005","0.996474666921817","0.0495080155297521","0.0516548825635723","0.0405941032888159"
"ipw-w","1.00646905628088","1.97853409578195","3.0108852120982","0.995762947677314","0.0498707862689412","0.0492699053149497","0.0374534342123199"
"mle","1.04377410357703","2.01052624730778","2.96825707545165","0.979479885571332","0.040107558251192","0.0401232524561213","0.0309426861226734"
"mle-w","1.04377410357703","2.01052624730778","2.96825707545165","0.979479885571332","0.040107558251192","0.0401232524561213","0.0309426861226734"
