"Method","beta0.x","beta1.x","beta2.x","sigma.x","beta0.y","beta1.y","beta2.y"
"oracle","0.991740894853151","1.98124790879299","2.99727781358588","0.988377812274865","0.0313455886953219","0.032987509238042","0.0244125817888101"
"naive","-0.283201495385304","1.24193860213524","1.61502303258474","3.09339146885022","0.0912749233164852","0.101284138057663","0.0729294455162442"
"cc","1.01517434802837","1.99805393766143","3.00778395735673","0.997621396600783","0.0455499714595599","0.0452919373971036","0.0344471132772855"
"ipw","0.996119989248455","1.99667125743283","3.03063020528857","0.998196234498906","0.0472227278071329","0.0480950512875096","0.0361001179085648"
"ipw-w","0.953928141622966","1.9902290122887","3.01833301708219","0.999508467644872","0.0535593921533857","0.050690446887622","0.0387658145945138"
"mle","1.02041451803374","2.00752327748507","3.00796127539126","0.984310753445542","0.0403076909183671","0.0403307403081439","0.0300256588688907"
"mle-w","1.02041451803374","2.00752327748507","3.00796127539126","0.984310753445542","0.0403076909183671","0.0403307403081439","0.0300256588688907"
