"Method","beta0.x","beta1.x","beta2.x","sigma.x","beta0.y","beta1.y","beta2.y"
"oracle","1.00822971366311","1.99257014787137","2.998945137537","1.03974765918015","0.0329208419873935","0.0340978430933337","0.0250517346920812"
"naive","-0.497182376746372","1.35814240090514","1.66960016175871","3.24643812233215","0.0925927572058843","0.117759289640729","0.0742476743255355"
"cc","0.977667706374775","2.0273635206332","3.01596749183464","1.04649556156247","0.0499970621338733","0.0522700245002469","0.039834004995149"
"ipw","1.00851706216654","1.95840478692847","2.95491413869132","1.05023466664445","0.0534802282890636","0.0608895096602811","0.0511656626699053"
"ipw-w","1.00442148779237","2.0450561866462","3.05774425914904","1.04860945288395","0.0589682858253191","0.0613327330091282","0.0475716151036093"
"mle","0.998365750396557","2.02548756541434","3.00440310003882","1.04650792057192","0.043708005369492","0.0464510436903973","0.0329934585221794"
"mle-w","0.998365750396557","2.02548756541434","3.00440310003882","1.04650792057192","0.043708005369492","0.0464510436903973","0.0329934585221794"
