"Method","beta0.x","beta1.x","beta2.x","sigma.x","beta0.y","beta1.y","beta2.y"
"oracle","1.02225996375487","2.02751334673679","3.03259202134212","1.00507121298761","0.0317870224435168","0.0351459049601708","0.0231456563129375"
"naive","-0.409694378231595","1.40382003626215","1.62199455913081","3.19622154034645","0.0941623746153565","0.111923830938657","0.0795362235817689"
"cc","1.08193571297285","2.00794628318426","3.00455320956261","1.00297042354503","0.046538381795655","0.0513848152665871","0.0339806191622539"
"ipw","1.09461479405206","2.01686720142122","2.99770560766433","1.00313912542339","0.0470142647622084","0.0506071598849952","0.0338094551195273"
"ipw-w","1.13739843702779","2.03176004593935","3.03209843178834","1.00561117139317","0.0550491273570415","0.0578833174202207","0.0407457242665875"
"mle","1.05178121949646","2.00533023129356","3.01173238208391","0.989266917498778","0.0409983190430427","0.0456385269945028","0.0292513818076004"
"mle-w","1.05178121949646","2.00533023129356","3.01173238208391","0.989266917498778","0.0409983190430427","0.0456385269945028","0.0292513818076004"
