"Method","beta0.x","beta1.x","beta2.x","sigma.x","beta0.y","beta1.y","beta2.y"
"oracle","1.05481577664607","2.00695865122064","2.98410165111164","1.00380540950952","0.0319728682162383","0.0331620068403052","0.0234955270802062"
"naive","-0.127344893900767","1.2292792161107","1.67820726826257","3.09228743068383","0.0885892504488287","0.105041961554258","0.0806186684501012"
"cc","1.13813052057093","1.99143316277952","2.9842316347558","1.00821431346236","0.0465190399303148","0.0412515559431337","0.0325504253652337"
"ipw","1.14269806193292","1.97780124061121","2.97392678497408","1.00834202523497","0.0480413970499937","0.0429858983114176","0.0353349365591247"
"ipw-w","1.08456890636813","1.98795166234335","2.97093956413245","1.01005540854696","0.0520160111888545","0.0459198399619261","0.0354581314513144"
"mle","1.10387995600899","1.98754847250348","2.99389165455736","1.00216818259084","0.0411962971134346","0.038484858808634","0.0291359600258941"
"mle-w","1.10387995600899","1.98754847250348","2.99389165455736","1.00216818259084","0.0411962971134346","0.038484858808634","0.0291359600258941"
