"Method","beta0.x","beta1.x","beta2.x","sigma.x","beta0.y","beta1.y","beta2.y"
"oracle","1.01615309194499","2.03058243596705","3.01158811146661","0.982885951023388","0.0310763018453546","0.03500189788311","0.0220308820542732"
"naive","-0.277462530779585","1.48143668839958","1.63348926531871","3.15392975171856","0.0945560879953937","0.104819725645939","0.0845878534344522"
"cc","0.964049106368488","2.05238727461205","3.0537636270924","0.981764976616979","0.0455813659506181","0.0540593705462583","0.0332005672154778"
"ipw","0.969403240157667","2.0314758742168","3.04874453915448","0.981942194739097","0.0484284772678996","0.0592529550074356","0.0317068290454226"
"ipw-w","0.976144038574834","2.05669123026256","3.06380094551936","0.981978902780738","0.0582585908649311","0.0743748519864743","0.0468730826517665"
"mle","0.967056516752368","2.03264805957266","3.04282560298509","0.981063154172641","0.0402300465364224","0.0462054457502326","0.0288060072133235"
"mle-w","0.967056516752368","2.03264805957266","3.04282560298509","0.981063154172641","0.0402300465364224","0.0462054457502326","0.0288060072133235"
