"Method","beta0.x","beta1.x","beta2.x","sigma.x","beta0.y","beta1.y","beta2.y"
"oracle","0.9891270133587","1.98309191711981","2.98755137734896","0.999532788808208","0.0315771238135464","0.0340726459822758","0.0266160484914325"
"naive","-0.32211658364274","1.16253967403086","1.61221578359996","3.02602054623756","0.0855300927018712","0.101125449862713","0.0771093901673556"
"cc","1.00215950712326","1.97362761069768","2.96445275452409","1.01430358603066","0.0447118393086444","0.0460531910158866","0.0381578142526055"
"ipw","0.980478781799465","1.98471916036661","2.97551353985497","1.01460826016071","0.044947834102834","0.0489616162954086","0.040398202876014"
"ipw-w","0.935444756168752","2.00398766032015","2.99832554294838","1.01710893099749","0.0493695773735142","0.0566614970509977","0.0428852526317733"
"mle","1.01367630604645","1.94781898475672","2.96308546935479","1.02300451318726","0.040457597195885","0.0421292634687446","0.0332785567524102"
"mle-w","1.01367630604645","1.94781898475672","2.96308546935479","1.02300451318726","0.040457597195885","0.0421292634687446","0.0332785567524102"
