"Method","beta0.x","beta1.x","beta2.x","sigma.x","beta0.y","beta1.y","beta2.y"
"oracle","0.954316803085165","2.00095182209115","3.00765380836621","0.979569364192204","0.0309475419800657","0.0351655265966192","0.0238583979336959"
"naive","-0.474623595580821","1.21306323699773","1.54586947029401","3.19652614964767","0.0925782202679457","0.106923023683968","0.081196893091592"
"cc","0.922090012363347","2.04073418424854","3.00291918496378","0.910113601767084","0.0412302345740364","0.0480703460764969","0.0324662098875666"
"ipw","0.909114463790319","2.02893008993743","3.01558470044965","0.910479863704983","0.0433797826994267","0.0470014954829027","0.0337621649653382"
"ipw-w","0.909050864284496","2.03176787205934","2.98442068121393","0.91057390961263","0.0496745808456679","0.0500933573745824","0.0368257505111025"
"mle","0.914267125511714","2.04429300355082","3.02523012708905","0.917256802523187","0.0147551749575482","0.0684463730452256","0.0321884179961373"
"mle-w","0.914267125511714","2.04429300355082","3.02523012708905","0.917256802523187","0.0147551749575482","0.0684463730452256","0.0321884179961373"
