"Method","beta0.x","beta1.x","beta2.x","sigma.x","beta0.y","beta1.y","beta2.y"
"oracle","1.01603356172594","1.99891532165903","3.02876903914659","1.01317751366727","0.0320404780643137","0.0337168976563465","0.0234253511682546"
"naive","-0.393709408260142","1.31470876400873","1.59273573354389","3.2422967259247","0.0947374493450473","0.116891706210929","0.0780075081489648"
"cc","1.03491733383564","1.97533296495711","2.99443145841601","1.02544651357746","0.048389817211588","0.0503036013408071","0.0334833864084026"
"ipw","1.04824839663792","1.98138778700867","2.97644482881753","1.02586744185875","0.0497172482659956","0.0549222346052769","0.0373428859856918"
"ipw-w","1.00145572787347","1.9784579044129","2.96122233371823","1.02742628383893","0.052022340385127","0.0565540498567042","0.036881987812075"
"mle","1.06649182733777","1.97815830644883","2.98401746260432","1.00885838286147","0.0421243284304022","0.0451305822962864","0.0287681503793777"
"mle-w","1.06649182733777","1.97815830644883","2.98401746260432","1.00885838286147","0.0421243284304022","0.0451305822962864","0.0287681503793777"
