"Method","beta0.x","beta1.x","beta2.x","sigma.x","beta0.y","beta1.y","beta2.y"
"oracle","1.00787569596694","2.00420741969688","2.98919938018321","0.966787731140822","0.0306050877124653","0.0343781204878923","0.0238127870664282"
"naive","-0.419535346944572","1.45874672087467","1.56738838684562","3.21971223901119","0.0900484950113662","0.11790340858112","0.0765211527272016"
"cc","1.03756588496564","1.97657796879359","3.01350366265745","0.967404907991963","0.0454730397326056","0.0504955576754901","0.0379069425828655"
"ipw","1.02740029333637","1.97735846868396","3.03614454821392","0.967890319604646","0.0462978493452647","0.0529176589223927","0.0395370566090816"
"ipw-w","1.05708870882611","2.00745313666692","3.02240432337856","0.968065954535235","0.0528455966718296","0.0630690246123708","0.0444677926844458"
"mle","1.01549249104921","2.00829026593795","3.02290754451028","0.977759442901341","0.0402454891229569","0.0455034786784901","0.032039840101577"
"mle-w","1.01549249104921","2.00829026593795","3.02290754451028","0.977759442901341","0.0402454891229569","0.0455034786784901","0.032039840101577"
