"Method","beta0.x","beta1.x","beta2.x","sigma.x","beta0.y","beta1.y","beta2.y"
"oracle","0.986453685604828","1.98929173958298","2.9688269183703","0.992297701715131","0.0313333020334836","0.0352831397936534","0.0238283946426476"
"naive","-0.268200931854588","1.29089755270791","1.62289364347328","3.07288139765612","0.0898912023643127","0.104371487592622","0.0759360923324816"
"cc","1.00154523857234","2.0029926581527","2.95710822501224","1.01389144442979","0.046294660187808","0.0494098063935468","0.0365756623973493"
"ipw","1.01615336067392","2.00081711466848","2.94993130152577","1.01400565697794","0.0475446037919958","0.053329652565653","0.0421663391629637"
"ipw-w","1.010211482042","1.97973828738933","2.93275717659557","1.01441678398393","0.0558529823378991","0.0586166814271322","0.0404409428568968"
"mle","0.976125457634178","2.00263712546028","2.97723510627341","1.00567053890104","0.0409976491729319","0.0441940618608855","0.0313749921582923"
"mle-w","0.976125457634178","2.00263712546028","2.97723510627341","1.00567053890104","0.0409976491729319","0.0441940618608855","0.0313749921582923"
