"Method","beta0.x","beta1.x","beta2.x","sigma.x","beta0.y","beta1.y","beta2.y"
"oracle","0.98728993459292","1.99582274131393","2.99064252529547","0.982082554358664","0.0310206668437808","0.0329777382915605","0.0236318521428443"
"naive","-0.43819843238127","1.25208762491707","1.61230322522373","3.11236832343754","0.088935893309817","0.103537777913421","0.080186460020911"
"cc","0.990689185001058","1.9947634281502","2.99320606685645","0.951500926575946","0.0430800088331375","0.0422275061380066","0.0309363178532345"
"ipw","1.00679786861828","1.99974233711768","3.00576471173487","0.951829451620199","0.0468148793964573","0.0443239865872472","0.0345998917307594"
"ipw-w","0.978774416914152","1.98286966438819","2.99511648496771","0.951651073747939","0.0530888856614749","0.0515653709939446","0.0342190025255335"
"mle","0.995923394526807","1.97846111458251","2.98071520803818","0.942902585769859","0.0385734677627733","0.0393670839954523","0.0279848688415098"
"mle-w","0.995923394526807","1.97846111458251","2.98071520803818","0.942902585769859","0.0385734677627733","0.0393670839954523","0.0279848688415098"
