"Method","beta0.x","beta1.x","beta2.x","sigma.x","beta0.y","beta1.y","beta2.y"
"oracle","1.02960460908336","1.99010738236462","2.99891990050011","1.01853958731983","0.0321466685775806","0.0343703277963049","0.0232682972342268"
"naive","-0.32980519399499","1.47863261878627","1.81873279318495","3.05731869925582","0.0874604697346475","0.107904024647766","0.0734185265447778"
"cc","1.04326322783738","2.03128138537351","3.03286643620561","1.00611242015842","0.0446975986635615","0.0466078847334784","0.0320302313742524"
"ipw","1.03989741536083","2.02806893453001","3.01112009095155","1.0065768500296","0.0461568783792769","0.0475977120123967","0.0302917678714594"
"ipw-w","1.09695501495057","1.99993343753407","3.0339038203963","1.00800890503402","0.0526072224327973","0.0581916147672906","0.0369946984226735"
"mle","1.01976837784334","2.01661081678442","3.0228757507851","1.00961574653653","0.0411014643499576","0.0428848348417708","0.0287878387112478"
"mle-w","1.01976837784334","2.01661081678442","3.0228757507851","1.00961574653653","0.0411014643499576","0.0428848348417708","0.0287878387112478"
