"Method","beta0.x","beta1.x","beta2.x","sigma.x","beta0.y","beta1.y","beta2.y"
"oracle","0.978378985977837","2.01365918215912","3.04098492995797","1.00795475114515","0.0318509129161919","0.0363600301970544","0.0234029445825998"
"naive","-0.46502864165701","1.32761766230904","1.63733947300003","3.13357630770777","0.086476141377676","0.107934842475119","0.0706028346435495"
"cc","0.94835167972142","2.06294292805313","3.08536966258289","0.962568972117774","0.0425655539470546","0.0480518200889449","0.0316565088493102"
"ipw","0.951968283557606","2.08415858644046","3.08369257565145","0.962830353583455","0.0439798664565694","0.0484442550949589","0.0319109174630651"
"ipw-w","0.972181192569973","2.04219366680801","3.07385442158655","0.963052610262218","0.0534644638466858","0.0667835486211837","0.0418148510672837"
"mle","0.977024864765163","2.0386084338867","3.06477720436101","0.947471985050494","0.0384579617677091","0.0437108497343944","0.0294596669151142"
"mle-w","0.977024864765163","2.0386084338867","3.06477720436101","0.947471985050494","0.0384579617677091","0.0437108497343944","0.0294596669151142"
