"Method","beta0.x","beta1.x","beta2.x","sigma.x","beta0.y","beta1.y","beta2.y"
"oracle","0.970890459760411","1.99968451010759","2.9749724477484","0.995568018929445","0.0314579926624858","0.0330698959124102","0.0245820314269076"
"naive","-0.433557305946624","1.26866315404415","1.56574403336184","2.98573379769008","0.0850052528049388","0.107781990228735","0.0642997478049947"
"cc","0.959001736757781","2.02481681830503","3.01371676817953","1.02489564413201","0.0472316701449241","0.04750093783886","0.0381304620424093"
"ipw","0.956347656173793","2.02352547243844","3.02360963912097","1.02498334177097","0.0491857462403948","0.0485059692652507","0.0412860045878372"
"ipw-w","0.957535014557884","2.02478150436329","3.01297656442126","1.02489735662983","0.0544370118303862","0.0486336220175488","0.0403626806628928"
"mle","0.979541076802813","1.99675523306295","2.98187418357925","1.00973389545","0.0414306957284691","0.0422313470749117","0.0328339257763836"
"mle-w","0.979541076802813","1.99675523306295","2.98187418357925","1.00973389545","0.0414306957284691","0.0422313470749117","0.0328339257763836"
