"Method","beta0.x","beta1.x","beta2.x","sigma.x","beta0.y","beta1.y","beta2.y"
"oracle","1.01795132912132","1.96285751798962","3.00101919105445","0.993954632043614","0.0314886752144216","0.0357520566222573","0.0232751455041024"
"naive","-0.359570977011273","1.23670545036983","1.75718498732669","3.03854218784706","0.0873313582781743","0.098146127259793","0.0769400416095772"
"cc","0.985204994572565","1.95612457439997","2.98883563493611","1.01760393233459","0.0466082154843231","0.0504226084083308","0.0337942571759901"
"ipw","0.975515101066939","1.94791549694872","2.98409748473252","1.01769610256305","0.0493975895477881","0.0522900732454204","0.0438669250049838"
"ipw-w","0.956044525529311","1.97713779974904","3.00942199834236","1.01829297439808","0.0567498968630885","0.0644434095754815","0.0395537346626307"
"mle","1.03213789734184","1.94535580061985","2.98295844602762","1.01715823848464","0.0415534943395481","0.0453963286025217","0.0302887976622786"
"mle-w","1.03213789734184","1.94535580061985","2.98295844602762","1.01715823848464","0.0415534943395481","0.0453963286025217","0.0302887976622786"
