"Method","beta0.x","beta1.x","beta2.x","sigma.x","beta0.y","beta1.y","beta2.y"
"oracle","0.95858908983985","1.97556197684146","3.02378363523511","1.03377462873584","0.0327423758217171","0.0337375664401436","0.0231173502996288"
"naive","-0.325198582976603","1.31281086116268","1.6765080798911","3.22501328637924","0.0915435395257209","0.104218766420164","0.0901008805048774"
"cc","0.963542533876312","1.94771250645714","2.98951786118825","1.05978577301903","0.0480786449981265","0.0490931084370832","0.031965736649036"
"ipw","0.98191270504289","1.93430448855115","2.98195567711556","1.06001121559177","0.0492426464042301","0.0505412436678531","0.0331816604479838"
"ipw-w","0.904792354078786","1.91787139817188","3.00478972738686","1.06187586745742","0.0585749402159753","0.0575942373921642","0.0381311663244951"
"mle","0.967784179201494","1.93107805169792","2.99640207368326","1.05112087104575","0.0423649717271754","0.0445939499890413","0.0282969442378442"
"mle-w","0.967784179201494","1.93107805169792","2.99640207368326","1.05112087104575","0.0423649717271754","0.0445939499890413","0.0282969442378442"
