"Method","beta0.x","beta1.x","beta2.x","sigma.x","beta0.y","beta1.y","beta2.y"
"oracle","1.02331774380128","1.99210474620521","2.98324797286629","0.970817908735308","0.0306878657821071","0.0338264860443731","0.0234567043368911"
"naive","-0.351661104246947","1.32596002949936","1.64266827594196","3.09404127998538","0.0873591294837846","0.106134680581416","0.0759008364841125"
"cc","0.959128823718612","2.01496113338391","3.01827428121287","0.953461726367724","0.0435440942940746","0.0475579400978819","0.0339275224146284"
"ipw","0.952654095218225","2.00339885042653","3.01322999216276","0.953553945004184","0.0463718890082758","0.0512635121469732","0.0367110715077357"
"ipw-w","0.95517528876773","1.99540318570948","3.01289064380156","0.953640377806502","0.0507791335974801","0.0579537737042666","0.0412720138196464"
"mle","0.965264342855399","2.04090588524944","3.00854048073717","0.960676294540043","0.0392079336456021","0.0426233762096556","0.0298298888200336"
"mle-w","0.965264342855399","2.04090588524944","3.00854048073717","0.960676294540043","0.0392079336456021","0.0426233762096556","0.0298298888200336"
