"Method","beta0.x","beta1.x","beta2.x","sigma.x","beta0.y","beta1.y","beta2.y"
"oracle","1.03539537230636","2.00235975110021","2.98895365838783","0.950409724455022","0.0301175351789407","0.0325119746397153","0.0227817443293314"
"naive","-0.348968582807159","1.23512804964049","1.60448199999053","3.18303917284438","0.085922544995153","0.105707836444868","0.0747613818148161"
"cc","1.03275962855416","2.05665309838941","3.00455242619406","0.897796309267813","0.0407404169359889","0.0430729917180085","0.0313558442726746"
"ipw","1.03721726392818","2.0215258167896","2.97465172214623","0.898862538607621","0.0421433713804999","0.0450810123754073","0.0352077324917718"
"ipw-w","0.986448027405768","2.00578993552981","3.01491631658651","0.900676236809258","0.0467740665411162","0.0499943599627976","0.036255423153573"
"mle","1.08615430987512","2.03569165824056","2.97118345844764","0.912375450461096","0.0377430274482361","0.0402462332619095","0.0289393490423678"
"mle-w","1.08615430987512","2.03569165824056","2.97118345844764","0.912375450461096","0.0377430274482361","0.0402462332619095","0.0289393490423678"
