"Method","beta0.x","beta1.x","beta2.x","sigma.x","beta0.y","beta1.y","beta2.y"
"oracle","0.956817543253566","2.03932568704967","2.99175090568784","0.97598208922509","0.0308664488570952","0.0324673152385111","0.024605811345379"
"naive","-0.351859100829547","1.16471250895155","1.51715219758164","3.12123889565866","0.09061144290223","0.10696364300066","0.0763463551945322"
"cc","0.929641125865224","2.08796144958531","2.99402510168135","0.975776747026175","0.0451273208690812","0.0470138492512397","0.0376200377556971"
"ipw","0.942893370936568","2.08668318637526","2.97371726723753","0.976159813796115","0.0457486929318499","0.0467462483080307","0.0361551745053895"
"ipw-w","0.910554272341108","2.1126159235303","3.02574173182745","0.976638873981925","0.0573734601514184","0.0552076316304984","0.0478408114486162"
"mle","0.933581526393795","2.0352042576945","2.98935146648007","0.978153836353729","0.0404658514667822","0.0438912789849926","0.0343787847974575"
"mle-w","0.933581526393795","2.0352042576945","2.98935146648007","0.978153836353729","0.0404658514667822","0.0438912789849926","0.0343787847974575"
