"Method","beta0.x","beta1.x","beta2.x","sigma.x","beta0.y","beta1.y","beta2.y"
"oracle","1.01577414768127","2.07832810135501","2.980713049114","1.00030733235307","0.0316336532274888","0.0343719700255109","0.0240139796856945"
"naive","-0.295865524044058","1.23440208624328","1.64174408693203","3.208511758835","0.0939605088980919","0.114295094350963","0.0878292666830072"
"cc","1.03283382596906","2.07478447112368","2.97000272578503","0.959317243082787","0.045833277229886","0.0470798756225542","0.0358385917312247"
"ipw","1.06356748152623","2.08417622343453","2.9497460183159","0.960148323106285","0.0490481232501615","0.0514627165553369","0.0410610016153543"
"ipw-w","0.993601946225638","2.09817320475052","2.98918826755404","0.960205838389391","0.054482067522341","0.0564466190216498","0.0397167630281219"
"mle","0.983175773563618","2.06942954460003","2.99332244336897","0.950890096876908","0.0396494041267663","0.0427513590074132","0.0305320894341504"
"mle-w","0.983175773563618","2.06942954460003","2.99332244336897","0.950890096876908","0.0396494041267663","0.0427513590074132","0.0305320894341504"
