"Method","beta0.x","beta1.x","beta2.x","sigma.x","beta0.y","beta1.y","beta2.y"
"oracle","1.01204721701258","2.05040810702289","3.06850859792893","0.980335457721163","0.0310270546730462","0.0343698277233779","0.0249336548630319"
"naive","-0.333080036757598","1.37756616194602","1.65917698155369","3.18429048284645","0.0934679254680718","0.10808232782545","0.0837176856901401"
"cc","0.987968655048331","1.98222607368986","3.04575661301653","0.955648498423404","0.0445013499645865","0.0459715185976789","0.035682592690707"
"ipw","0.993207920285111","1.98548849771786","3.06429256989134","0.956011489388362","0.0469643669990674","0.0486506155555114","0.0397023144875041"
"ipw-w","0.990509324889113","1.95539039883949","2.98710397528442","0.958544361304788","0.0637122004495557","0.0672803681971687","0.0483282193982621"
"mle","0.98927843012917","2.02614270592115","3.07147714350274","0.965546461708212","0.0400063212545406","0.04254864834018","0.0311467133055703"
"mle-w","0.98927843012917","2.02614270592115","3.07147714350274","0.965546461708212","0.0400063212545406","0.04254864834018","0.0311467133055703"
