"Method","beta0.x","beta1.x","beta2.x","sigma.x","beta0.y","beta1.y","beta2.y"
"oracle","1.04133419402346","1.98668307326831","2.98641030268119","1.016574686775","0.0321630351212572","0.0345355800127213","0.0245390485022141"
"naive","-0.234835676498593","1.23268373979686","1.64342496610609","3.11453595542274","0.0898172566770339","0.105269418187865","0.0770016230554072"
"cc","1.03665243821818","2.00392485043989","2.98376651646762","1.01638829899604","0.0452376746529527","0.0457684719020122","0.0368787251774324"
"ipw","1.0356719991132","1.97469681856339","2.98231552259302","1.01679483478477","0.0465047596192078","0.0479927663637841","0.0366673752501778"
"ipw-w","1.04760248341903","1.97693898611481","2.9655889866731","1.01682552766204","0.0593088131190552","0.0518371627502898","0.0450219797517417"
"mle","1.04176143680952","1.98322076761819","2.99685422417222","1.02584417103904","0.0411411684438361","0.0427185515811623","0.031886380640961"
"mle-w","1.04176143680952","1.98322076761819","2.99685422417222","1.02584417103904","0.0411411684438361","0.0427185515811623","0.031886380640961"
