"Method","beta0.x","beta1.x","beta2.x","sigma.x","beta0.y","beta1.y","beta2.y"
"oracle","1.0288053707034","1.96976546830863","3.01161617277691","0.975059311161319","0.0308572118069303","0.0364908869186789","0.0242480603436224"
"naive","-0.330950836814456","1.18761862770441","1.55902164759726","3.21901300386617","0.0927048228981039","0.118093371010093","0.0810466864556114"
"cc","1.04861628484279","1.99884125316717","3.02998973456048","1.00850907891291","0.0467224161081548","0.052475129644568","0.0376375738482267"
"ipw","1.04743264430393","1.99538432432817","3.05922055462226","1.00940416999858","0.0479014262331715","0.0559315840596558","0.0419251661438388"
"ipw-w","1.02223804114673","2.00430557550128","3.04808430382911","1.00901841489425","0.0533156737993021","0.0592133877349435","0.04141957960195"
"mle","1.03947263369514","1.97803553502209","3.02183006834904","1.00375133713993","0.0410352952704062","0.0450324279065492","0.0316258077683306"
"mle-w","1.03947263369514","1.97803553502209","3.02183006834904","1.00375133713993","0.0410352952704062","0.0450324279065492","0.0316258077683306"
