"Method","beta0.x","beta1.x","beta2.x","sigma.x","beta0.y","beta1.y","beta2.y"
"oracle","1.00705558794468","1.95649524940591","2.9712535445007","1.00526820153903","0.0318244491618382","0.0337135578501916","0.0225847364183804"
"naive","-0.402749656027714","1.40934095373087","1.61837103410917","3.31013008826563","0.0927153667119822","0.11055048576583","0.0735190475838974"
"cc","1.00543755537181","1.9931161033814","2.98571476858409","0.947948949611544","0.0434824077005572","0.0429311632013125","0.0299849739147452"
"ipw","0.981752316642131","1.97437641264898","2.99671664903929","0.948595999572793","0.0446184382888996","0.0446293146596998","0.0314781601322733"
"ipw-w","0.978879323471936","2.03381666006218","3.01571426182797","0.949331433487622","0.0563172391103957","0.0543924301967781","0.0402562262851045"
"mle","1.02855606040136","1.98233340778072","2.99356414383366","0.947378401912089","0.039145055632953","0.0394049658616878","0.0262882222053572"
"mle-w","1.02855606040136","1.98233340778072","2.99356414383366","0.947378401912089","0.039145055632953","0.0394049658616878","0.0262882222053572"
