"Method","beta0.x","beta1.x","beta2.x","sigma.x","beta0.y","beta1.y","beta2.y"
"oracle","0.999461139787256","2.0033416892871","2.94611478199878","0.993268321752017","0.0314913249878972","0.0314933740639463","0.0242909291449749"
"naive","-0.350856875985741","1.33896387892612","1.57391902650272","3.03919416045807","0.0878248061570692","0.0944408964189212","0.0692069407829249"
"cc","1.04995868766169","1.94133145694639","2.92410826097539","1.03588267792821","0.0463437598296485","0.0457351902185464","0.0362916947114639"
"ipw","1.03648158577592","1.95360113643035","2.93669869970252","1.03608470891862","0.0476049575912151","0.0472857660320721","0.0389699664914046"
"ipw-w","1.06710949409042","1.94204116027517","2.94451364768349","1.03649487154242","0.0622317422599682","0.0630235003572459","0.0434423115249442"
"mle","1.02974553988271","2.01650372405647","2.92009097157753","1.04022529969356","0.0415487283673225","0.0414989308319516","0.0321723570043399"
"mle-w","1.02974553988271","2.01650372405647","2.92009097157753","1.04022529969356","0.0415487283673225","0.0414989308319516","0.0321723570043399"
