"Method","beta0.x","beta1.x","beta2.x","sigma.x","beta0.y","beta1.y","beta2.y"
"oracle","1.02242360414685","2.01468057971939","3.0470243861739","0.994128734928955","0.0315233585436384","0.032455803637685","0.0232093404645272"
"naive","-0.459154652537436","1.36841474446881","1.73653596106943","3.22680110568191","0.0903324820496006","0.11421461815332","0.0840888201810333"
"cc","1.0413757928241","2.00080563401311","3.05438763197908","1.0061043151183","0.0451639567941668","0.0464494869903671","0.0337789358119311"
"ipw","1.04046771588507","1.99107369455511","3.04855075987605","1.00615690537818","0.0460653775757928","0.0495163935870231","0.030836780108975"
"ipw-w","1.04480559001372","1.95524013481878","3.0132826668082","1.00779006481108","0.0548681625355845","0.0565811415801622","0.0444776635385053"
"mle","1.01889431502317","2.01677209776694","3.06426225548404","1.00795317071691","0.0408923725967016","0.0418554799852975","0.0298899552093762"
"mle-w","1.01889431502317","2.01677209776694","3.06426225548404","1.00795317071691","0.0408923725967016","0.0418554799852975","0.0298899552093762"
