"Method","beta0.x","beta1.x","beta2.x","sigma.x","beta0.y","beta1.y","beta2.y"
"oracle","1.00471830683295","2.0271517848794","3.0249987984722","1.00169145786359","0.031836737374332","0.03417798432459","0.0242949992141372"
"naive","-0.371182052047703","1.29493720440344","1.49969234527597","3.25918934932122","0.097057913917154","0.107130305422697","0.0830008041515508"
"cc","0.97542258682476","2.00422670128973","3.03791055688454","0.995124716889756","0.0458111617766711","0.0470124138183082","0.0346827840508622"
"ipw","0.984977572940482","2.03068323996657","3.04242246972356","0.995460324141272","0.0465041352842189","0.0462970472858019","0.0338319094223368"
"ipw-w","0.953005227705974","2.03577120656717","3.04572720044065","0.995812654099166","0.0529234903278499","0.0523210931484051","0.0399494679297491"
"mle","0.943753899673979","2.05448397127403","3.0573665714186","1.01891924042133","0.0417317263297015","0.0427606428416844","0.0310058616530174"
"mle-w","0.943753899673979","2.05448397127403","3.0573665714186","1.01891924042133","0.0417317263297015","0.0427606428416844","0.0310058616530174"
