"Method","beta0.x","beta1.x","beta2.x","sigma.x","beta0.y","beta1.y","beta2.y"
"oracle","0.982927714168546","1.96643035028683","2.99549608433511","0.99611715596026","0.0315138787826699","0.0339034823846251","0.0237405503426921"
"naive","-0.55606622796563","1.25522884094504","1.67136504738824","3.11542807802834","0.0877408977415918","0.103991010564164","0.0747721654891199"
"cc","0.969588454905852","1.96912082450435","3.01103019015892","0.989440002443388","0.0446490998720878","0.0486596372489469","0.034270128381394"
"ipw","0.974216937258184","1.96506343663949","2.99788033994225","0.989593391566837","0.0446278938555554","0.053435677690045","0.039565678955022"
"ipw-w","1.00744226928002","1.96047362978681","3.02817056447634","0.99072043048039","0.0502143562262403","0.0548736399244203","0.0383577979584149"
"mle","0.980486000229449","1.97794109853857","3.00987599071936","1.00447754418317","0.0407536290726923","0.0443259916731019","0.0302773789687337"
"mle-w","0.980486000229449","1.97794109853857","3.00987599071936","1.00447754418317","0.0407536290726923","0.0443259916731019","0.0302773789687337"
