"Method","beta0.x","beta1.x","beta2.x","sigma.x","beta0.y","beta1.y","beta2.y"
"oracle","0.975908435858358","1.96756706898763","2.97159188452336","0.988843802477441","0.0312893250258813","0.0323821180755072","0.0247505402090926"
"naive","-0.325303728201533","1.38825079847702","1.68682592254739","3.03007346262018","0.0862321811177707","0.101110095141416","0.0790856627180587"
"cc","1.02502648847946","1.92001262736404","2.93118323856575","0.978217116133069","0.0442763168947768","0.0479111120416798","0.0350297213749046"
"ipw","1.02984245860942","1.93256335659758","2.93428895124282","0.978293532758897","0.0444428165426299","0.0483741081062424","0.0359946644566"
"ipw-w","1.00167931069205","1.94357673480492","2.96106336726711","0.979064208166242","0.0506901858267777","0.0600445732695984","0.0393107003736032"
"mle","1.00933438391104","1.98803066254179","2.95942553086878","0.992141539485683","0.0401423704922966","0.0436501341606962","0.0312338712307985"
"mle-w","1.00933438391104","1.98803066254179","2.95942553086878","0.992141539485683","0.0401423704922966","0.0436501341606962","0.0312338712307985"
