"Method","beta0.x","beta1.x","beta2.x","sigma.x","beta0.y","beta1.y","beta2.y"
"oracle","0.950273640161617","2.00477956513291","2.97219196108632","0.975718711008476","0.0310477772252537","0.0341870767751332","0.0217147939171572"
"naive","-0.487634693564744","1.42869782880594","1.58772374439271","3.20936700293002","0.0951070310221955","0.106649947830651","0.0797863641902862"
"cc","0.956835105169035","2.04234034481532","2.96423763292516","0.958340731374362","0.0469624517432387","0.0509000172569734","0.0335875887224065"
"ipw","0.960579073514031","2.03739681399098","2.94913470313686","0.95853216733374","0.0506255007585653","0.0577424548340658","0.0344231322096813"
"ipw-w","1.00794549707403","2.05509428478006","2.99135114903862","0.960776871835058","0.0564495400671972","0.0613534682826489","0.0421370372397412"
"mle","0.928536225993908","2.01198468004044","2.99781947762757","0.959685295559127","0.0413529117496978","0.0446860666834212","0.0287845568923403"
"mle-w","0.928536225993908","2.01198468004044","2.99781947762757","0.959685295559127","0.0413529117496978","0.0446860666834212","0.0287845568923403"
