"Method","beta0.x","beta1.x","beta2.x","sigma.x","beta0.y","beta1.y","beta2.y"
"oracle","0.994312958408428","1.99621696505214","3.0002016285075","1.0049697425218","0.0317936529459181","0.031002025655764","0.0246683499104124"
"naive","-0.283489883926631","1.26554390138417","1.60440070383603","3.12129448279959","0.0919897518918518","0.0976000302126742","0.0777625065533242"
"cc","1.00050691939014","2.02176504152639","2.99399294581807","0.995135079688449","0.0451586760411095","0.0449179551728983","0.0356670566753508"
"ipw","0.987395657511836","2.02532439376076","2.99199561083078","0.995245933673111","0.0489596172272112","0.047054839289197","0.0389943362733523"
"ipw-w","1.02025405727692","2.00219955596656","2.98940453333095","0.995489914031439","0.0502948614270242","0.0452191813256704","0.0393748091085608"
"mle","0.987792281018445","2.02107155478705","3.01033035197947","0.99202677133752","0.0404242998029827","0.0407083345347281","0.0321468294279164"
"mle-w","0.987792281018445","2.02107155478705","3.01033035197947","0.99202677133752","0.0404242998029827","0.0407083345347281","0.0321468294279164"
