"Method","beta0.x","beta1.x","beta2.x","sigma.x","beta0.y","beta1.y","beta2.y"
"oracle","1.01495323038462","1.9772108697219","3.02305278690789","1.00547834348742","0.0318569507668768","0.0360848788220776","0.0243678823807345"
"naive","-0.41098504083072","1.12758802085343","1.51291036996777","3.17921948930731","0.0919105997858716","0.109431133010827","0.0756659022109144"
"cc","1.04367116224","1.94486298960652","2.97960353412264","1.00963202611233","0.0464163377887201","0.0512914623291453","0.0367544304343958"
"ipw","1.05452189857814","1.97083006799236","2.97400200478169","1.01010071358688","0.0481477154492306","0.0505512378705172","0.0386350802831847"
"ipw-w","1.0687175544049","1.98858280636828","2.96666382842856","1.01120415937866","0.0574011891857759","0.0618553261306058","0.0464876114567815"
"mle","1.00764308192768","1.95734377253849","3.00897773205837","1.01456146044902","0.0415430605726452","0.0447378731390881","0.0312831321038841"
"mle-w","1.00764308192768","1.95734377253849","3.00897773205837","1.01456146044902","0.0415430605726452","0.0447378731390881","0.0312831321038841"
