"Method","beta0.x","beta1.x","beta2.x","sigma.x","beta0.y","beta1.y","beta2.y"
"oracle","0.98243136374997","1.94776824064635","3.00379464121483","0.978319966729756","0.0309713686530352","0.0327686240114423","0.0233048193246622"
"naive","-0.468716847234227","1.24657652744595","1.68664139014294","3.18190724720525","0.0960256225045036","0.111522985781112","0.0844634074983036"
"cc","0.972068257496385","1.96946260201826","3.02054597658777","1.00427155941998","0.0484731191176904","0.048154564748584","0.035086344817742"
"ipw","0.968287799266894","1.96404645177728","3.02696767801917","1.00433658691036","0.051456691726954","0.0489170684538746","0.0416439961382932"
"ipw-w","0.989798845280875","1.97623628345656","3.07981892283975","1.00825808745684","0.0618971943195459","0.0550112415240571","0.0420415433957094"
"mle","0.967885551249797","1.96229033785516","3.00099080394471","0.991600924811951","0.0417497966467927","0.0432823106396814","0.0301598138669277"
"mle-w","0.967885551249797","1.96229033785516","3.00099080394471","0.991600924811951","0.0417497966467927","0.0432823106396814","0.0301598138669277"
