"Method","beta0.x","beta1.x","beta2.x","sigma.x","beta0.y","beta1.y","beta2.y"
"oracle","0.9927808598287","1.97725293626951","3.03233071242453","0.988290837062432","0.0312757919568698","0.0331259577535392","0.0223537284289238"
"naive","-0.477166178799717","1.26758510241016","1.7762946995736","3.16005641674188","0.09299446512792","0.10796430363565","0.0744806290963628"
"cc","0.986546304755323","1.95652595848238","3.00312951251872","0.990290115086026","0.0461460187934568","0.0465496741406617","0.0318782964816899"
"ipw","0.988194253685469","1.95493707063985","3.00692892211473","0.990311849233355","0.046499425983591","0.04684970524385","0.0328504587727575"
"ipw-w","1.0505587686256","1.89804532896923","2.97796366180122","0.993302273349129","0.0567504874035763","0.0589133509902599","0.0387881158307595"
"mle","0.963326069555008","1.94444805689764","3.03325674231127","0.992925968940289","0.0408959504798104","0.0428664052780324","0.0278489227510738"
"mle-w","0.963326069555008","1.94444805689764","3.03325674231127","0.992925968940289","0.0408959504798104","0.0428664052780324","0.0278489227510738"
