"Method","beta0.x","beta1.x","beta2.x","sigma.x","beta0.y","beta1.y","beta2.y"
"oracle","1.0614109660025","1.98572382510143","2.99323285499607","1.01688614357802","0.0322264725095938","0.0349172804624376","0.0246529325598497"
"naive","-0.209301540948201","1.44708826632003","1.64828845099431","3.06056027197414","0.0890327472412933","0.0985321070890259","0.0721031778074624"
"cc","1.07960767117408","1.97915082657571","2.98295886302711","1.01823104502858","0.0468290298785248","0.050053759650626","0.0362602460495436"
"ipw","1.10027974463797","1.98256865851534","2.93988639888064","1.02011548335243","0.0500625281178064","0.0576335801280725","0.0463060013663423"
"ipw-w","1.01261927853359","1.94291987474464","2.99576211758817","1.02127962927665","0.0545958755705358","0.0543148358926597","0.0368941993565864"
"mle","1.10616906626872","1.99498156088618","2.96901310362199","1.01768412312572","0.0415126512290238","0.0443102693221413","0.0317637601451078"
"mle-w","1.10616906626872","1.99498156088618","2.96901310362199","1.01768412312572","0.0415126512290238","0.0443102693221413","0.0317637601451078"
