"Method","beta0.x","beta1.x","beta2.x","sigma.x","beta0.y","beta1.y","beta2.y"
"oracle","0.988049796776489","2.01079088833959","3.03595019703045","1.02555487240548","0.0325234649979029","0.0323690817172656","0.0240470031993425"
"naive","-0.29377215350728","1.38884163702487","1.6856553300035","3.14012177527414","0.0875808538650947","0.104803376796303","0.0773209520922597"
"cc","1.0474155237206","2.01534462217507","3.01508272632169","1.00019391120815","0.0462671414673646","0.0461726593197062","0.0341109538136011"
"ipw","1.07030395828271","2.04136583332162","2.99434018727062","1.00124040486289","0.048355667868423","0.0486298784088843","0.0368030037899635"
"ipw-w","1.00960880713163","2.03840026370634","3.06159594475344","1.00246158307857","0.0588484270209816","0.060223841373482","0.040790965654487"
"mle","1.05635838889666","2.02771896513552","3.00549227697237","0.994903586373734","0.0410150100189399","0.0419505876588962","0.0298144644244018"
"mle-w","1.05635838889666","2.02771896513552","3.00549227697237","0.994903586373734","0.0410150100189399","0.0419505876588962","0.0298144644244018"
