"Method","beta0.x","beta1.x","beta2.x","sigma.x","beta0.y","beta1.y","beta2.y"
"oracle","0.967615127560558","1.96555134760863","2.99771354863756","0.99282735790386","0.0314521836999468","0.033313258237982","0.0238400569997356"
"naive","-0.400664304539705","1.18309465212681","1.58293915729099","3.14602605669988","0.0908036693604769","0.107640862220191","0.0766857713950148"
"cc","0.993803501856222","1.97327530342881","3.00094333098101","0.984829059861732","0.0464356288870476","0.0433736389552859","0.0332390881482739"
"ipw","1.01147959875132","1.93628253145115","2.985976710063","0.98550135463445","0.0474584380925017","0.0471905458984021","0.0341681488291101"
"ipw-w","0.972607925095471","2.01464307130995","2.98131167942257","0.986946794386232","0.0625914359699458","0.0559000871937379","0.0427237427318234"
"mle","0.975260456389738","1.97612748474844","2.98590820882505","0.984810807901505","0.0410284674621741","0.0402232732267741","0.0295241574394129"
"mle-w","0.975260456389738","1.97612748474844","2.98590820882505","0.984810807901505","0.0410284674621741","0.0402232732267741","0.0295241574394129"
