"Method","beta0.x","beta1.x","beta2.x","sigma.x","beta0.y","beta1.y","beta2.y"
"oracle","0.934849274374202","2.01957679437057","3.00345645751057","1.03780361243798","0.0328718628251624","0.0354908849072169","0.0260704607793566"
"naive","-0.315747531159143","1.32640994476135","1.56942193746693","3.18988326033278","0.0914600178786095","0.112848208729468","0.080404012175984"
"cc","0.927271830020301","2.02253699590515","2.97411621029482","1.04586365837354","0.0476689611084212","0.0516562966404991","0.0378975622362322"
"ipw","0.938996071425171","2.03975896567419","2.94574114831487","1.04695837714107","0.0502174430206802","0.0570337234385396","0.0415311184925807"
"ipw-w","0.926875873849694","2.02083939962019","2.95720812128333","1.04612387627936","0.0559684447639228","0.0593926736302367","0.044331688048715"
"mle","0.935673122409398","1.97741252363719","2.97462187828959","1.04587255072404","0.0423492557813346","0.04552405452775","0.0329489915505092"
"mle-w","0.935673122409398","1.97741252363719","2.97462187828959","1.04587255072404","0.0423492557813346","0.04552405452775","0.0329489915505092"
