"Method","beta0.x","beta1.x","beta2.x","sigma.x","beta0.y","beta1.y","beta2.y"
"oracle","1.0689130200704","1.97772166263304","2.96528627338298","0.993427287453624","0.0314637605646966","0.0309330246196065","0.0250531667074706"
"naive","-0.220718793721469","1.23663957716733","1.5418795006582","3.15976693136966","0.0943918328396648","0.115157625578052","0.0820706941237781"
"cc","1.10048206796059","1.97467085284137","2.94073938886356","0.968418480452485","0.0447233129370927","0.0420937840428996","0.0329630925678325"
"ipw","1.07629302101533","1.97253244045919","2.92590693572738","0.969072084467943","0.0470849086017404","0.0445764846604088","0.0344567861459015"
"ipw-w","1.04860696451936","2.01656802543674","2.98949010791475","0.971222357996889","0.0509818033810139","0.0467330046730663","0.0374327002386086"
"mle","1.04440919273275","1.97996863267824","2.96647141890866","0.955856523176776","0.039559311419072","0.0385653228133356","0.0287014800451402"
"mle-w","1.04440919273275","1.97996863267824","2.96647141890866","0.955856523176776","0.039559311419072","0.0385653228133356","0.0287014800451402"
