"Method","beta0.x","beta1.x","beta2.x","sigma.x","beta0.y","beta1.y","beta2.y"
"oracle","1.00057428675197","2.01467005561399","3.02642144862308","1.01106512211882","0.0319474331833474","0.036494358578057","0.0238253177362493"
"naive","-0.537609927493957","1.48432086628799","1.72240468869607","3.16815410475722","0.0899339653617902","0.105980692122038","0.0727975122881935"
"cc","1.02666259895513","2.0539294907198","3.05284561194458","0.95611803603458","0.0451836554762998","0.0526050697274863","0.0334877725373268"
"ipw","1.01206280178089","2.06240686595647","3.06600303956188","0.956344222000062","0.0453442829595785","0.0545025614430086","0.0342467640368938"
"ipw-w","1.02377307185215","2.09387945164795","3.06779334978458","0.956872110807437","0.0588652814200093","0.0732379758546214","0.0427969930008061"
"mle","0.98994229983433","2.05984868422216","3.0726965189258","0.963254910096423","0.0407585155664651","0.0472088704115522","0.0294286439727288"
"mle-w","0.98994229983433","2.05984868422216","3.0726965189258","0.963254910096423","0.0407585155664651","0.0472088704115522","0.0294286439727288"
