"Method","beta0.x","beta1.x","beta2.x","sigma.x","beta0.y","beta1.y","beta2.y"
"oracle","0.982793822332901","2.01647000378271","3.00681882862192","0.986584936169176","0.0312251118929023","0.0309437648305755","0.0230850666284185"
"naive","-0.458509888572597","1.38575438991576","1.66381177744438","3.27703482940063","0.0914509443993637","0.107403128908612","0.0862322382019026"
"cc","0.992369508792495","2.04870197428261","2.99545647820477","0.981759505724227","0.0435278382194899","0.0439894504070612","0.0310472258020668"
"ipw","0.9884706416983","2.0481886104101","2.98298942181166","0.981943568969217","0.0455829752725017","0.044678880264595","0.0343965861932043"
"ipw-w","1.00999397187848","2.08051939107335","2.99959136748834","0.982419100386605","0.0582929255595616","0.0614702233618305","0.040987400283651"
"mle","0.947193036426732","2.05223553192468","3.02794921046831","0.991623551338559","0.0397316973480751","0.0394213497865801","0.0285200664859788"
"mle-w","0.947193036426732","2.05223553192468","3.02794921046831","0.991623551338559","0.0397316973480751","0.0394213497865801","0.0285200664859788"
