"Method","beta0.x","beta1.x","beta2.x","sigma.x","beta0.y","beta1.y","beta2.y"
"oracle","0.982029107275341","1.99362319111885","2.98976245118812","0.983826513091124","0.0311243529994254","0.0340360301132727","0.0236388518670279"
"naive","-0.374134919373757","1.22908976890751","1.59998885707206","3.19747572210447","0.0908382039993697","0.108223778064292","0.0778887317443837"
"cc","0.969756900632698","2.08476276190964","3.03863404956852","0.940231203480794","0.0413282318827726","0.0430560148485982","0.0315272860115789"
"ipw","0.966422457627162","2.08541648881489","3.01803529106828","0.940729469219252","0.0413558237907984","0.0414084715585252","0.0299340502051547"
"ipw-w","0.944960815959051","2.06090810380436","3.02380109411074","0.940969201478599","0.0498086647613646","0.0539777608493146","0.0374355992518767"
"mle","0.994845359364352","2.06215033580169","3.03321823346562","0.96059691427999","0.0385760929450066","0.0411131202108198","0.0293355563604677"
"mle-w","0.994845359364352","2.06215033580169","3.03321823346562","0.96059691427999","0.0385760929450066","0.0411131202108198","0.0293355563604677"
