"Method","beta0.x","beta1.x","beta2.x","sigma.x","beta0.y","beta1.y","beta2.y"
"oracle","0.993402755843231","2.01469006867848","2.97463449374378","1.06016745737257","0.0336400078382786","0.0369287086792073","0.025089442610319"
"naive","-0.426468853470283","1.34014808318931","1.63513571396752","3.14566134794367","0.0904566801917071","0.109638870042273","0.0736358402091851"
"cc","1.02244804172354","2.00600594918233","2.93445084429967","1.04695405052627","0.0483225163234192","0.0530104643577939","0.0376639203973956"
"ipw","1.01540353027558","1.98257107692722","2.93564797444844","1.04726158112512","0.0510190644214163","0.0587297763053647","0.0421859089068257"
"ipw-w","1.07827285173457","1.95567669212783","2.91721448549695","1.04912522706427","0.0583283675263959","0.065436940284391","0.0455153750496963"
"mle","0.999342633522785","1.99986543402783","2.94826138035797","1.04626279631661","0.0427249620463888","0.0474339671293459","0.0325732919198876"
"mle-w","0.999342633522785","1.99986543402783","2.94826138035797","1.04626279631661","0.0427249620463888","0.0474339671293459","0.0325732919198876"
