"Method","beta0.x","beta1.x","beta2.x","sigma.x","beta0.y","beta1.y","beta2.y"
"oracle","0.966327097594511","2.01318882495345","2.98857531858197","0.96611243001862","0.0305757225345388","0.0335318676707478","0.0228492112858688"
"naive","-0.422829970216872","1.30636722378139","1.73926290624533","3.10809481179844","0.0873812215576605","0.105312731646129","0.0779393669745144"
"cc","0.945129131690726","2.07269508572439","2.99713127405461","0.964816829625034","0.0442099947096647","0.0475493932240341","0.0347732691279475"
"ipw","0.94123940325418","2.07888822415011","2.98892039796151","0.964964042795377","0.0459292920704927","0.0546884859352443","0.0379163080849575"
"ipw-w","0.927653035675068","2.05099691568949","2.97506672686049","0.965591073144245","0.0558890486654911","0.0523821331626481","0.0426841461447426"
"mle","0.968415265282304","2.03571356728196","2.99862971940957","0.962363371086965","0.0391655894089151","0.0434540314711133","0.0301106671256151"
"mle-w","0.968415265282304","2.03571356728196","2.99862971940957","0.962363371086965","0.0391655894089151","0.0434540314711133","0.0301106671256151"
