"Method","beta0.x","beta1.x","beta2.x","sigma.x","beta0.y","beta1.y","beta2.y"
"oracle","0.998459306220527","1.93927767692052","2.98559250480584","0.997568448624875","0.0315776938957823","0.0323204229489518","0.0248618853272885"
"naive","-0.27017318684285","1.33947227735232","1.66830681452151","3.12810270458083","0.0875924135998098","0.108508933862375","0.0808461051266659"
"cc","0.996369858824702","1.91973679822904","3.01061129608895","0.996285853503561","0.0444332773452087","0.0456540896509138","0.0360932768556934"
"ipw","1.02066178684905","1.91444614779001","2.98951647988576","0.996825353127527","0.0455170310765103","0.0480244732975768","0.03738044651533"
"ipw-w","0.97163629205576","1.94268063673068","3.00075540289194","0.997080786210805","0.0520492549408258","0.0523994453732884","0.0379537034580876"
"mle","0.98674551510911","1.92125641926938","3.02520047534285","0.998070385578424","0.039766915585486","0.041173681644805","0.0309581227961552"
"mle-w","0.98674551510911","1.92125641926938","3.02520047534285","0.998070385578424","0.039766915585486","0.041173681644805","0.0309581227961552"
