"Method","beta0.x","beta1.x","beta2.x","sigma.x","beta0.y","beta1.y","beta2.y"
"oracle","0.989983052042914","1.99488041482681","2.98890356078171","0.978266799063639","0.0309859960934644","0.0325481654376957","0.0241429371145626"
"naive","-0.384321018381925","1.2522127203591","1.71839107669194","3.05715496433299","0.0845779272934844","0.0991393026960321","0.0778687264223648"
"cc","0.996104495457385","2.05352855293881","2.99735772155119","0.999052579836213","0.0451154548267462","0.0449248848016178","0.0347021793947304"
"ipw","0.99351487360316","2.04863887626247","2.98271260960481","0.999263413837708","0.0457004834751342","0.047119584400017","0.0354518200173732"
"ipw-w","1.03925162730211","1.98906279790275","2.98039367377902","1.00176270394986","0.0538009585416964","0.0526197730417148","0.0397602710226502"
"mle","1.00268147493229","2.01638784495367","2.988440332346","0.993212638524488","0.0401473706431131","0.0409991455418956","0.0308300403516437"
"mle-w","1.00268147493229","2.01638784495367","2.988440332346","0.993212638524488","0.0401473706431131","0.0409991455418956","0.0308300403516437"
