"Method","beta0.x","beta1.x","beta2.x","sigma.x","beta0.y","beta1.y","beta2.y"
"oracle","0.949539548305111","1.97386422209701","2.96541792603019","1.01964198130715","0.0322708938016304","0.0392230158166033","0.0247910351816376"
"naive","-0.585601685401788","1.29800841826752","1.64880266834991","3.20821844701766","0.0917234779138729","0.107973295583224","0.0743674776697679"
"cc","1.01355618277814","1.98402315424947","2.95754481177856","1.03104077211205","0.0479811622283906","0.0591520561049303","0.0372655237022159"
"ipw","1.00974578325544","1.98067864321851","2.93381834533683","1.03156744270868","0.0538442139005219","0.0716060511075256","0.0662139235487213"
"ipw-w","1.00474673329851","1.96458421791661","2.95677244870962","1.03125167445002","0.056600526835492","0.0626247161778569","0.0449334174892211"
"mle","0.969835199414643","1.96885052211295","2.96789582379403","1.03078388637478","0.0421379658689631","0.0521131404122404","0.0319469984432478"
"mle-w","0.969835199414643","1.96885052211295","2.96789582379403","1.03078388637478","0.0421379658689631","0.0521131404122404","0.0319469984432478"
