"Method","beta0.x","beta1.x","beta2.x","sigma.x","beta0.y","beta1.y","beta2.y"
"oracle","1.02571284938211","2.00626462443819","2.99210791416021","0.980618704086212","0.0310328799096928","0.0348994349270529","0.0226214985795858"
"naive","-0.463933230242105","1.28745490055574","1.54960005189538","3.25109983490014","0.0990263660335264","0.111727338636494","0.0759673547182053"
"cc","1.02335007612062","1.9616331363634","2.97183767642756","0.978361602801249","0.0471605091149763","0.0483589597269721","0.0358912155655873"
"ipw","1.02364994165051","1.9635643392322","2.9862925439638","0.978548709960526","0.049425833622923","0.0560709270480875","0.0369508777049983"
"ipw-w","1.01803283805701","1.92632633975645","2.96009012537585","0.978998182087051","0.0519253330124634","0.0675262825275709","0.0407092416174081"
"mle","1.02110872801823","1.95373499310359","2.97808994814343","0.985477157100338","0.0412929013122099","0.0435148842542879","0.0309164961975519"
"mle-w","1.02110872801823","1.95373499310359","2.97808994814343","0.985477157100338","0.0412929013122099","0.0435148842542879","0.0309164961975519"
