"Method","beta0.x","beta1.x","beta2.x","sigma.x","beta0.y","beta1.y","beta2.y"
"oracle","0.946381629262918","1.94818133337214","2.96598836928999","0.978068272367214","0.0309552283611658","0.0324708604322791","0.0235446652690224"
"naive","-0.416640295620082","1.19057948146141","1.53742154686868","3.20430522820748","0.0940950835831765","0.108657869030656","0.0856075640602845"
"cc","0.927668892127031","1.93724490644551","2.99201875199351","0.991983066172852","0.0453336691683018","0.046984838463913","0.034117864800201"
"ipw","0.931945733585951","1.98170588324591","2.99410846531981","0.992953623858943","0.0465049160547641","0.0519047963339638","0.0368325503663724"
"ipw-w","0.937996363186429","1.94607042164714","3.01648039749067","0.992633604893735","0.0554313700299959","0.0582127441389935","0.0405365797725263"
"mle","0.936127165697389","1.95315680855619","2.96999505790245","0.981480011662169","0.0399335080393279","0.0419885800104756","0.0297388809970694"
"mle-w","0.936127165697389","1.95315680855619","2.96999505790245","0.981480011662169","0.0399335080393279","0.0419885800104756","0.0297388809970694"
