"Method","beta0.x","beta1.x","beta2.x","sigma.x","beta0.y","beta1.y","beta2.y"
"oracle","1.01458526913041","1.96409184194084","3.04541102703691","1.00722651681755","0.0318963457713522","0.0339005649501636","0.022588794174147"
"naive","-0.600670885284584","1.38345754579376","1.7112281403572","3.31917063990237","0.0978800081604723","0.114770302941552","0.0832589275323505"
"cc","0.993508216513934","2.04775521996349","3.08791220673348","1.00582724305409","0.0462316847516876","0.0506472998142554","0.0338455402743497"
"ipw","0.98690728171819","2.0517645610788","3.09087723286851","1.00585537512465","0.0493406180532857","0.0564042896652504","0.0351276858183757"
"ipw-w","1.02419737654092","2.06581504655404","3.12048006812895","1.00751404836343","0.0566202261055053","0.0636346577023627","0.0397910653660208"
"mle","0.992169817675972","2.02894355545598","3.08183343921963","1.00144489813719","0.0413423622522307","0.0442486509394892","0.0303242641634579"
"mle-w","0.992169817675972","2.02894355545598","3.08183343921963","1.00144489813719","0.0413423622522307","0.0442486509394892","0.0303242641634579"
