"Method","beta0.x","beta1.x","beta2.x","sigma.x","beta0.y","beta1.y","beta2.y"
"oracle","1.05001827510292","2.05755499509197","2.98520716032587","1.03786929045182","0.032948564389945","0.034266314990572","0.0241303649511895"
"naive","-0.376761287182338","1.41019889877045","1.63530286876086","3.239863746015","0.0952066019986403","0.111231502678428","0.0750223687410892"
"cc","1.05815763086767","2.04778361953079","2.97078380991578","1.06781086795276","0.0495280710607805","0.0514832901982092","0.0364623350709055"
"ipw","1.0920424528923","2.04802278086008","2.94294513189148","1.06879222512643","0.0522211268344807","0.0542047557494955","0.0424828102614183"
"ipw-w","1.04135520166169","2.03921379966975","2.99010075972055","1.06830776163919","0.0616889784971732","0.0592869163063588","0.0475563518820716"
"mle","1.02558918252491","2.05084587617498","2.9717274539271","1.05257744980871","0.0430876071949446","0.0469499276654098","0.0324613997377939"
"mle-w","1.02558918252491","2.05084587617498","2.9717274539271","1.05257744980871","0.0430876071949446","0.0469499276654098","0.0324613997377939"
