"Method","beta0.x","beta1.x","beta2.x","sigma.x","beta0.y","beta1.y","beta2.y"
"oracle","0.954067949607543","2.00075394101837","2.97413683225357","0.985755363673348","0.0311287333285502","0.0350730159377137","0.0237994506922609"
"naive","-0.39680211361281","1.21508259154553","1.68369066661237","3.06870343241013","0.0876578674645114","0.115693625608168","0.0746994532041067"
"cc","0.881499130592546","2.06390215942457","3.01162824023313","1.02328120616139","0.0465032288875978","0.0505398238641274","0.0362034084657879"
"ipw","0.89178910612259","2.06428469494989","3.01308250201751","1.02333951738379","0.0501304072625426","0.0524482585069773","0.0362735493977334"
"ipw-w","0.873670779807501","2.11394797641747","3.01140431259033","1.02443557360979","0.0537691329020044","0.0642594235879779","0.0459832413694451"
"mle","0.895222202475973","2.04783808950092","3.00211901043422","1.03090302873479","0.0414176311384947","0.0451139195436533","0.0314096313524482"
"mle-w","0.895222202475973","2.04783808950092","3.00211901043422","1.03090302873479","0.0414176311384947","0.0451139195436533","0.0314096313524482"
