"Method","beta0.x","beta1.x","beta2.x","sigma.x","beta0.y","beta1.y","beta2.y"
"oracle","1.02280995078269","1.99596366233124","2.98926541137623","0.988453242337917","0.031282243678609","0.0314971846406002","0.0229122097178349"
"naive","-0.261952872200551","1.60805607838535","1.65557680317684","3.1374188793264","0.0879748075783203","0.0998580699495116","0.0752849463702037"
"cc","0.989742809412258","1.98619576458035","2.96455435479589","0.969279382007555","0.0426538926633354","0.0438111304019145","0.0317024797686536"
"ipw","0.992235824643101","1.99664442377469","2.97116371458897","0.96936179302149","0.0430466151234739","0.0427783869180814","0.0324235427266023"
"ipw-w","1.02504582555731","1.96399774951741","2.99042965133166","0.971392066360179","0.0543112420753637","0.0583245387242913","0.0398438846656687"
"mle","0.979869637833273","1.99417192217914","2.96751286745614","0.97657833507872","0.0399719590524911","0.0385379312449948","0.0133234478562265"
"mle-w","0.979869637833273","1.99417192217914","2.96751286745614","0.97657833507872","0.0399719590524911","0.0385379312449948","0.0133234478562265"
