"Method","beta0.x","beta1.x","beta2.x","sigma.x","beta0.y","beta1.y","beta2.y"
"oracle","1.02933472967566","2.01953637624843","2.98543830086738","1.0115887816561","0.0320569713671085","0.0352533845810673","0.0259197601728104"
"naive","-0.39604215429055","1.16321708682924","1.51291421035937","3.31934910522947","0.0989450512486823","0.105381324852774","0.0761606331928499"
"cc","1.01960304750239","1.97621089085942","2.97240413935928","0.997501751640477","0.0453125266475464","0.046609192174196","0.0345205681094419"
"ipw","1.05534987418901","1.94226920433236","2.94859611491209","0.99868238205235","0.0479396953365489","0.0507000884769883","0.0394685915940726"
"ipw-w","1.02432230897032","1.98807991592057","2.99059635662411","0.997833103895721","0.0542156137497552","0.0547068755591842","0.0417311337561753"
"mle","1.01787599485744","1.9935216405226","2.97545897518535","1.0019733295876","0.0412176364592482","0.0430185811627863","0.0315071565420796"
"mle-w","1.01787599485744","1.9935216405226","2.97545897518535","1.0019733295876","0.0412176364592482","0.0430185811627863","0.0315071565420796"
