"Method","beta0.x","beta1.x","beta2.x","sigma.x","beta0.y","beta1.y","beta2.y"
"oracle","0.989464079131671","2.04534186917266","3.02669531009811","1.01815963140036","0.0321925649559963","0.0329269460556792","0.0231265718550885"
"naive","-0.39571950535542","1.39275789126416","1.72347909477609","3.14359806130865","0.0884538683916961","0.109519881530082","0.0765193884385796"
"cc","0.943137838478628","2.05891058807596","3.05844176146221","1.00435297945459","0.0435888142688595","0.0464601001600605","0.0304260017471335"
"ipw","0.938330393518779","2.09124478063137","3.06229830368894","1.00485252852063","0.0442533289025155","0.0468575684587786","0.0324175456403351"
"ipw-w","0.858483620039954","2.05119302015346","3.0338338625674","1.00897444327976","0.0518052264643708","0.0619129741011157","0.0376020974387851"
"mle","0.965748179286927","2.06572202713895","3.04266352990432","1.0057344444824","0.0399125879453106","0.0426308948739157","0.0281770605632259"
"mle-w","0.965748179286927","2.06572202713895","3.04266352990432","1.0057344444824","0.0399125879453106","0.0426308948739157","0.0281770605632259"
