"Method","beta0.x","beta1.x","beta2.x","sigma.x","beta0.y","beta1.y","beta2.y"
"oracle","0.982012845814634","1.95831280006821","3.03380001913249","1.01290652537891","0.0319751337136554","0.0351568790720579","0.0241974159708114"
"naive","-0.436987230057314","1.40801133306553","1.80148920534616","3.13201634621392","0.0884128182107122","0.106978298206319","0.0711135056397253"
"cc","1.02801990140048","1.97117878799697","2.98853958875402","1.01957936802907","0.0472155596225271","0.0525232155130625","0.0369706037053239"
"ipw","1.04060995358773","1.97315991423936","2.96347979853676","1.02017080708318","0.0482342871184457","0.0540303238402355","0.0351519354222408"
"ipw-w","1.02588597579011","1.94666909941022","2.94489901877304","1.02118731392063","0.0588969381315588","0.057722244635507","0.0434911705657675"
"mle","1.02043870670333","1.9493250890941","3.01110075018689","1.03334402654942","0.0421326424346466","0.0472848035023022","0.0315766082316788"
"mle-w","1.02043870670333","1.9493250890941","3.01110075018689","1.03334402654942","0.0421326424346466","0.0472848035023022","0.0315766082316788"
