"Method","beta0.x","beta1.x","beta2.x","sigma.x","beta0.y","beta1.y","beta2.y"
"oracle","0.982353528151615","1.96914373081278","3.01198312462926","0.969597484660262","0.0306666841947262","0.0315694588648364","0.0248857618178263"
"naive","-0.402424808474712","1.42121640208885","1.61575703507669","3.11757872461091","0.0926390625743194","0.111804877416702","0.0823634159797483"
"cc","0.982474285404376","1.9303109865924","2.9826891968027","0.987675546649189","0.0469428861122138","0.0473040585623364","0.0372831551638596"
"ipw","0.955247250160627","1.94820453468849","3.00383905478273","0.988265181027924","0.0476206502505444","0.0494435021871818","0.0431176318710705"
"ipw-w","0.912576565884243","1.95523448179687","3.02656510429683","0.990760250865615","0.0565734729296991","0.0540225053533655","0.0445514439592175"
"mle","0.982643164897529","1.94969634076007","2.97588245383452","0.98222907006397","0.0408415685149532","0.0426444383885346","0.0320728721739017"
"mle-w","0.982643164897529","1.94969634076007","2.97588245383452","0.98222907006397","0.0408415685149532","0.0426444383885346","0.0320728721739017"
