"Method","beta0.x","beta1.x","beta2.x","sigma.x","beta0.y","beta1.y","beta2.y"
"oracle","1.05329417485835","1.99099548081774","3.0047560967822","0.99520778086019","0.0314495879252377","0.0347348578689703","0.0242539418139817"
"naive","-0.223490127812466","1.25419523927491","1.59398457335391","3.18464012854778","0.0930533372500667","0.104149799211768","0.0767945093173773"
"cc","1.07715778174216","2.02735255094295","3.02340477711731","0.971833637005421","0.0446621585152093","0.048593664587282","0.0338006958604407"
"ipw","1.08654164454234","2.03827170617629","3.02613266367215","0.971935216388304","0.0467468967088434","0.0527010917456657","0.0371956598013478"
"ipw-w","1.08871763207033","2.02430900504947","3.02132932995425","0.971900622759947","0.0538488861435625","0.0553420552195212","0.0401276053861794"
"mle","1.07621206781821","1.99533529528075","3.00624653265881","0.975077394869258","0.0415674875139761","0.0451885836243857","0.0336790427287076"
"mle-w","1.07621206781821","1.99533529528075","3.00624653265881","0.975077394869258","0.0415674875139761","0.0451885836243857","0.0336790427287076"
