"Method","beta0.x","beta1.x","beta2.x","sigma.x","beta0.y","beta1.y","beta2.y"
"oracle","1.04226660044258","2.03443167358924","3.01576440702304","1.00623360347128","0.0318747147168898","0.0337468471534185","0.0246099756090275"
"naive","-0.406318623503496","1.29818239424138","1.62919278227727","3.13978530090422","0.0911118389085552","0.109751819126546","0.0742294997629308"
"cc","1.02908146772274","2.01794066889623","3.00239049437992","1.02251204827416","0.0460587621722997","0.0481621140504926","0.0371936116570608"
"ipw","1.01700130998142","2.03611312989968","3.01001864754071","1.02271829463885","0.0479124267551983","0.0532984275922722","0.0406464502150701"
"ipw-w","1.04742229951158","2.05889915957126","2.98650948676113","1.02386632628089","0.0501423871875738","0.051185169253376","0.0478884625605005"
"mle","1.03658653085962","2.01549642341727","2.99868257616281","1.01547203299671","0.0412740076103206","0.0430478028689454","0.0322372347873016"
"mle-w","1.03658653085962","2.01549642341727","2.99868257616281","1.01547203299671","0.0412740076103206","0.0430478028689454","0.0322372347873016"
