"Method","beta0.x","beta1.x","beta2.x","sigma.x","beta0.y","beta1.y","beta2.y"
"oracle","1.01842517682871","1.98730156386325","2.99932325439393","0.973604723949043","0.0307386641494993","0.0321263497456116","0.0226865905249214"
"naive","-0.282844608342566","1.36061182623174","1.58879770264232","3.19476859917338","0.0920022930534359","0.103723247756471","0.0778186835784176"
"cc","0.992320541080919","1.9999263059445","3.00253002166169","0.961997753193197","0.0431919764639948","0.0451334646513412","0.0333127480073595"
"ipw","0.960156421311342","2.00092354545355","3.02819405472002","0.962942262315745","0.0449349750161383","0.0466016348380827","0.0386627951726375"
"ipw-w","0.988658981543055","1.98896217303029","3.00484659416658","0.962080653749881","0.0521556287493237","0.0515852852624335","0.0389453316047049"
"mle","0.99893584003578","1.97904175502038","3.00740798618672","0.97130800744419","0.0392953390221767","0.0406492472983912","0.0295175369938906"
"mle-w","0.99893584003578","1.97904175502038","3.00740798618672","0.97130800744419","0.0392953390221767","0.0406492472983912","0.0295175369938906"
