"Method","beta0.x","beta1.x","beta2.x","sigma.x","beta0.y","beta1.y","beta2.y"
"oracle","0.94564363463852","1.99676075799681","2.99143628216244","1.04635845392438","0.0329229855525498","0.0374106260795213","0.0262200137644883"
"naive","-0.209519014583743","1.20514892213792","1.49156721009193","3.16296134225975","0.0934934788010979","0.113646309615152","0.0801025946870072"
"cc","0.937998968822735","1.97888803586999","3.01704320985569","1.04350287266525","0.0460565422801102","0.0508545303309908","0.0371268063716481"
"ipw","0.961181773085628","1.95964097047361","3.00533411828567","1.04384992062402","0.0484364945460103","0.0553732322731903","0.0403834482560935"
"ipw-w","0.930363489580779","1.9659591211338","3.00642590615204","1.0436747637107","0.0559737400327926","0.0671137277066042","0.0454924062006213"
"mle","0.941090375105249","1.97874862636434","2.99362347441167","1.05170256437386","0.0420170815221371","0.0460427440919504","0.033619913099638"
"mle-w","0.941090375105249","1.97874862636434","2.99362347441167","1.05170256437386","0.0420170815221371","0.0460427440919504","0.033619913099638"
