"Method","beta0.x","beta1.x","beta2.x","sigma.x","beta0.y","beta1.y","beta2.y"
"oracle","1.03304256431195","2.03988015387029","3.01491089551369","1.01887284173006","0.0322444180385101","0.0324273503588697","0.0244642466521747"
"naive","-0.372008597444619","1.3896359957844","1.66675870392074","3.24633168112126","0.092934014744055","0.1187747215985","0.0799093664760158"
"cc","0.971870359716227","2.0511123092372","3.01775246395167","1.01662641122688","0.0462430745510795","0.0461812238813551","0.0327334996030355"
"ipw","0.97417788803618","2.05202228441651","3.03356029707433","1.01689457491274","0.0453649199216573","0.0454134743556374","0.0295166991329353"
"ipw-w","0.9373728057326","1.99976374696511","2.97160494881648","1.02007692170304","0.0560151572668008","0.0562244071218822","0.0375684217164758"
"mle","0.969301698499277","2.06196747594242","3.02957368084844","1.0242044923728","0.041751531223536","0.0419821416266147","0.0294027607384867"
"mle-w","0.969301698499277","2.06196747594242","3.02957368084844","1.0242044923728","0.041751531223536","0.0419821416266147","0.0294027607384867"
