"Method","beta0.x","beta1.x","beta2.x","sigma.x","beta0.y","beta1.y","beta2.y"
"oracle","1.06172268404387","1.95339287538968","2.97043064607003","0.947653115406395","0.0300238742493539","0.032383764812348","0.0215371245355711"
"naive","-0.264447118352481","1.25853220395043","1.47852563778128","3.26004482023884","0.0964235252995014","0.109360824656742","0.0776860734659962"
"cc","1.0431049230807","1.95871164819438","2.99479117587625","0.97735707426473","0.046147055831894","0.0448716331238431","0.0367085886720609"
"ipw","1.04005114371066","1.98436038329127","2.98813464928363","0.977811875606031","0.04879564067163","0.0509438100167378","0.0406019152099421"
"ipw-w","1.03160780263044","1.96063146051079","3.00965628397916","0.97754443155347","0.0594606814986692","0.0513230673724641","0.0485914353252441"
"mle","1.03896097380168","1.96556196469036","2.99568968869817","0.980656097033875","0.0408133299621181","0.0421570671736334","0.0317757733916183"
"mle-w","1.03896097380168","1.96556196469036","2.99568968869817","0.980656097033875","0.0408133299621181","0.0421570671736334","0.0317757733916183"
