"Method","beta0.x","beta1.x","beta2.x","sigma.x","beta0.y","beta1.y","beta2.y"
"oracle","0.994704285484688","2.06203387441357","3.01019261537848","1.00402041216475","0.0317875226775057","0.0369995860575353","0.0256094116903595"
"naive","-0.315700733941004","1.28797544846252","1.48899701665462","3.22423260174852","0.0908774109452091","0.11828206290003","0.0784945974003649"
"cc","1.00277787025103","2.12072700542839","3.05266573460193","1.03344997072491","0.0457934107175921","0.0504875281441124","0.0362664273981161"
"ipw","1.00107516585547","2.10827113278633","3.06644276180327","1.03376488440762","0.047041600769656","0.0501787932590926","0.0358116604245097"
"ipw-w","0.989902925506454","2.10633537153988","3.05126940461367","1.03361263450706","0.0563197780850037","0.0656756735772439","0.0443017476362159"
"mle","0.984280475709642","2.10405446864921","3.04572994824704","1.02709740363144","0.0406004468574055","0.0461141046791852","0.0325826088946191"
"mle-w","0.984280475709642","2.10405446864921","3.04572994824704","1.02709740363144","0.0406004468574055","0.0461141046791852","0.0325826088946191"
