"Method","beta0.x","beta1.x","beta2.x","sigma.x","beta0.y","beta1.y","beta2.y"
"oracle","1.05074864847727","2.04176275828657","2.98931174071583","1.03991859902112","0.0328911631695375","0.0333040997600822","0.0256239469379433"
"naive","-0.388626193253964","1.26597226648249","1.5339975985316","3.1620022297624","0.0890728031165453","0.0982736575495032","0.0700398339614219"
"cc","1.06487348713696","2.05316143930926","3.02032218887774","1.057341339378","0.0495495694820641","0.0529726213323196","0.0383207590535128"
"ipw","1.06523858260714","2.07199954148374","3.00240304813809","1.05792783534437","0.051485306762956","0.0570646827568249","0.0407501559647641"
"ipw-w","1.07542579898396","2.10276790688945","2.99873747544478","1.05931300088204","0.0590282061918246","0.056179629411956","0.0427000977271747"
"mle","1.09087922798861","2.00437612724364","2.99425162363318","1.05955232529398","0.0437578347875237","0.0467402771785462","0.0324361837306759"
"mle-w","1.09087922798861","2.00437612724364","2.99425162363318","1.05955232529398","0.0437578347875237","0.0467402771785462","0.0324361837306759"
