"Method","beta0.x","beta1.x","beta2.x","sigma.x","beta0.y","beta1.y","beta2.y"
"oracle","1.02047388549269","1.9596035890179","3.00509035964537","0.980594965218683","0.0309972963717417","0.0361316008902867","0.0244284822156442"
"naive","-0.363902054831986","1.22461397358254","1.68267112825581","3.0591059296658","0.0862678231995943","0.107010769483189","0.0768473210434192"
"cc","0.97963199328671","1.99184837604374","3.00140026972307","0.977348544777568","0.0445582652829157","0.0487408924200563","0.0372854918371179"
"ipw","0.975338167281329","2.002261694798","3.01650256200683","0.977521876426469","0.0459243039719721","0.0509347676268444","0.0379931215851356"
"ipw-w","1.05689187372393","1.9926436531751","2.97854166436251","0.980472960744101","0.0621141482700335","0.057854252450511","0.048482535664664"
"mle","0.963995913285608","1.99580703227151","3.01977330943832","0.988315022874054","0.039730343799373","0.0436689295379183","0.0319223466326728"
"mle-w","0.963995913285608","1.99580703227151","3.01977330943832","0.988315022874054","0.039730343799373","0.0436689295379183","0.0319223466326728"
