"Method","beta0.x","beta1.x","beta2.x","sigma.x","beta0.y","beta1.y","beta2.y"
"oracle","0.935054173571678","2.04927095213887","3.01202778839854","0.981637360075588","0.0310297660497296","0.035459198722762","0.0236405581623342"
"naive","-0.427889432590762","1.26278549113134","1.56085511313387","3.22888353944114","0.0911647449972474","0.10598132323414","0.0857670010288109"
"cc","0.941319562802582","2.05136052508949","3.03747817357959","0.990532910963905","0.0457213831176117","0.0489796592520551","0.0328325732969575"
"ipw","0.92376663664287","2.07356262626141","3.04192960319657","0.990873125480268","0.0476242637094261","0.053803368105944","0.0352737316459985"
"ipw-w","0.93665651078795","2.06684903012605","3.02692848935175","0.990890031694193","0.0514131323923108","0.0556885991053248","0.0389300329375302"
"mle","0.92370802863437","2.05091143294036","3.02371444671519","0.993298189831649","0.0403146609003257","0.0450217807517852","0.0295004109476626"
"mle-w","0.92370802863437","2.05091143294036","3.02371444671519","0.993298189831649","0.0403146609003257","0.0450217807517852","0.0295004109476626"
