"Method","beta0.x","beta1.x","beta2.x","sigma.x","beta0.y","beta1.y","beta2.y"
"oracle","0.966603895851394","2.02288557425375","2.99478989963382","1.01592736312447","0.0321385491340798","0.0330067614936817","0.0246477323629902"
"naive","-0.348109295242248","1.41604586979311","1.69237973858649","3.05281135633978","0.0866551429206542","0.105563841348495","0.0725813580918892"
"cc","0.930488725965165","2.06507308460117","3.02945486424632","1.00466082395886","0.0465088079517953","0.0458081627856525","0.0379353462651774"
"ipw","0.948614354193166","2.04033793138801","3.00710200079661","1.00517757617463","0.0483809993157502","0.0520426791563818","0.041206334252813"
"ipw-w","0.995064812274225","2.03177538336754","2.99754998067881","1.00706850421564","0.0574445023718872","0.0563189335737957","0.0501132082307224"
"mle","0.950519177413336","2.10089771171282","3.03745493385514","1.0169859451745","0.041376941775516","0.0418009038342664","0.032588487160294"
"mle-w","0.950519177413336","2.10089771171282","3.03745493385514","1.0169859451745","0.041376941775516","0.0418009038342664","0.032588487160294"
