"Method","beta0.x","beta1.x","beta2.x","sigma.x","beta0.y","beta1.y","beta2.y"
"oracle","1.05259130824897","1.97612934061578","3.0402483338521","1.00872203785138","0.0319340528693031","0.0355386107621293","0.0240118395229753"
"naive","-0.281989224203675","1.35816996934987","1.63190740825474","3.25873896230497","0.0987612960631779","0.11590393940582","0.090081846658882"
"cc","1.07047072063289","1.96199323769226","3.04813937904072","0.995476114956979","0.0457354775521114","0.0510188072627525","0.0338097244120742"
"ipw","1.06772783090827","1.96535642055131","3.06346891643206","0.995668539654111","0.0464086586362548","0.0539340410770573","0.0343812676478688"
"ipw-w","1.09582861716698","2.01697740928589","3.05678435945877","0.997260832663773","0.0525899094212606","0.0577023929595581","0.038852203320506"
"mle","1.0275410185023","1.99211613870512","3.06567321872725","0.998049320211566","0.0410542628017437","0.0457831887584718","0.0293935914167743"
"mle-w","1.0275410185023","1.99211613870512","3.06567321872725","0.998049320211566","0.0410542628017437","0.0457831887584718","0.0293935914167743"
