"Method","beta0.x","beta1.x","beta2.x","sigma.x","beta0.y","beta1.y","beta2.y"
"oracle","1.00564047880504","2.00961534465088","3.05904529980827","0.965148684349519","0.0305214337567245","0.0353445134150524","0.0225242518686575"
"naive","-0.362211349343048","1.28040475574349","1.7097493304325","3.1795620898474","0.0925107350228482","0.116739913001806","0.0851581165184795"
"cc","1.06425112082482","1.90659798570222","3.00848174509139","0.950222687571174","0.0420805521324226","0.0478949521354717","0.0298333365414432"
"ipw","1.06239296434972","1.93063785439557","3.02125286069978","0.95051645988333","0.0426902946459549","0.0477872853211827","0.0291146123146305"
"ipw-w","1.06472321275065","1.85379935232456","2.98890623493563","0.95146431160356","0.0507347650001986","0.0729054481669923","0.0372522956559943"
"mle","1.07046896377059","1.92779541447141","3.01704253160842","0.954307210161839","0.0383790325534964","0.0436717025212219","0.027481966903134"
"mle-w","1.07046896377059","1.92779541447141","3.01704253160842","0.954307210161839","0.0383790325534964","0.0436717025212219","0.027481966903134"
