"Method","beta0.x","beta1.x","beta2.x","sigma.x","beta0.y","beta1.y","beta2.y"
"oracle","0.97420228773636","2.05019341898672","2.98339688497955","0.9813138065051","0.031059476948305","0.0338307097493672","0.0249542737592822"
"naive","-0.450774498526013","1.2887329671189","1.49345965731846","3.18925612215374","0.0927857263870062","0.104989393429235","0.0765665996732471"
"cc","0.968401963571411","2.04515201737967","3.0062056797122","0.955880784692671","0.0445777460323366","0.0454049692858891","0.0355808074128702"
"ipw","0.951772503340702","2.02641612107492","2.99311787476908","0.956323248973726","0.0459327266404232","0.0461590912434207","0.0397031339809947"
"ipw-w","0.992196872950261","2.07339002910598","2.99863077074032","0.956721472067716","0.0527396764689212","0.0531423094770519","0.0389980866491762"
"mle","0.983038708519527","2.00039518498174","2.99778017851952","0.965062436166333","0.0403868880948277","0.043144166781064","0.0351288515203099"
"mle-w","0.983038708519527","2.00039518498174","2.99778017851952","0.965062436166333","0.0403868880948277","0.043144166781064","0.0351288515203099"
