"Method","beta0.x","beta1.x","beta2.x","sigma.x","beta0.y","beta1.y","beta2.y"
"oracle","1.00931143323405","2.04671830576148","3.0060101217236","0.981478132710503","0.0311422758642187","0.0324323895292049","0.0221397063689781"
"naive","-0.441558824494176","1.3660342632608","1.70484942744931","3.09104516644281","0.0862773362499823","0.10716616138241","0.0745613612442346"
"cc","1.02454488599661","2.03118362591511","2.97834682994447","0.952782736360706","0.0431663849931956","0.044592540631402","0.0313665385172525"
"ipw","1.0231293917764","2.0588536389116","2.99477878945224","0.953214437414469","0.0446928477285402","0.0475579851243349","0.0336828950624352"
"ipw-w","1.03043584673414","2.03956161004036","2.97323986188502","0.952890172718286","0.0522146205088269","0.0521793214668402","0.0346842414495021"
"mle","1.04964614886098","2.03100135380367","2.98444812776057","0.953081541697201","0.0388520940703533","0.0397546635391257","0.0281675200608039"
"mle-w","1.04964614886098","2.03100135380367","2.98444812776057","0.953081541697201","0.0388520940703533","0.0397546635391257","0.0281675200608039"
