"Method","beta0.x","beta1.x","beta2.x","sigma.x","beta0.y","beta1.y","beta2.y"
"oracle","1.04378683166757","1.96836047960938","2.99184749556902","0.997505924085033","0.0315582440197074","0.0344290423760919","0.0237070674102868"
"naive","-0.300472899525041","1.40026289485776","1.73210599136574","3.00281256055045","0.0840823954713914","0.0985350150879474","0.0683203192225047"
"cc","1.0427569742793","2.01203417302638","3.02335510583921","0.978884068196447","0.0454575269347269","0.0481273834366038","0.0337237299117359"
"ipw","1.02655568967229","2.05060024105886","3.03625320885165","0.97965333701488","0.0479781787667493","0.0517873245401019","0.0397653048870256"
"ipw-w","1.10216415847099","2.01048499867723","3.0041500980042","0.980732324485894","0.0534869333198276","0.0526849362824023","0.0386449882122153"
"mle","1.08296698699359","2.03357092450671","3.01006777396284","0.991830580415325","0.040722856871257","0.0440704391440692","0.0301755688288509"
"mle-w","1.08296698699359","2.03357092450671","3.01006777396284","0.991830580415325","0.040722856871257","0.0440704391440692","0.0301755688288509"
