"Method","beta0.x","beta1.x","beta2.x","sigma.x","beta0.y","beta1.y","beta2.y"
"oracle","1.02048986804819","1.96553169823393","2.96562666737921","1.00585038617427","0.031823550896826","0.0317335004685468","0.0241505552566834"
"naive","-0.181903584243581","1.32915191518013","1.56968595466607","3.17993042123578","0.0945917780270345","0.101519842939592","0.0805375792822929"
"cc","1.04089878311801","1.92280157989372","2.96603816059134","1.00616038129939","0.0451145845885786","0.0460400727448988","0.0354966720844857"
"ipw","1.0341080874263","1.9326390462101","2.95906223472851","1.00632802644677","0.0452699586787134","0.0468598896948423","0.0353085912904182"
"ipw-w","1.07035604239989","1.93457273108791","2.96718082075271","1.00666607654678","0.0559058329338519","0.0575793725406672","0.0385183959219347"
"mle","1.0197373695346","1.94822463544918","2.99070626259683","1.01501815022903","0.040991898838735","0.040823075555048","0.031428586871589"
"mle-w","1.0197373695346","1.94822463544918","2.99070626259683","1.01501815022903","0.040991898838735","0.040823075555048","0.031428586871589"
