"Method","beta0.x","beta1.x","beta2.x","sigma.x","beta0.y","beta1.y","beta2.y"
"oracle","0.98039893664299","2.02083496447076","3.02863025386256","1.00909859246777","0.0319865629322898","0.0345491513804888","0.0254164468180459"
"naive","-0.245745262636381","1.25359429788945","1.51212833154421","3.13154748159706","0.09667388950735","0.106993014313611","0.0795450769842847"
"cc","0.967938310142841","2.02357921859715","3.01041311677517","1.04283149372988","0.0472723314802085","0.0482941693229361","0.0391747943499891"
"ipw","0.968916336319798","2.04519483702052","3.00928923387892","1.04306699211093","0.051059754053986","0.05652948412699","0.0504268608095841"
"ipw-w","0.961803912827605","2.02727089856312","3.03164924580765","1.04318306975053","0.055278636785678","0.0625404970632935","0.0469436920046001"
"mle","0.98068649461911","2.0211553031676","3.00606420716548","1.0424041107205","0.0409693791715718","0.0437937691191947","0.0341142320644799"
"mle-w","0.98068649461911","2.0211553031676","3.00606420716548","1.0424041107205","0.0409693791715718","0.0437937691191947","0.0341142320644799"
