"Method","beta0.x","beta1.x","beta2.x","sigma.x","beta0.y","beta1.y","beta2.y"
"oracle","0.976148802603699","1.99405497788028","2.98312612659545","0.995992093639852","0.0316163038755316","0.033789088143505","0.0241056057092545"
"naive","-0.377831906402404","1.31114299740425","1.59976076128338","3.04144073646691","0.0875291846159821","0.10633610857511","0.0737531349294337"
"cc","0.897114362042073","2.0371543429176","3.01495849710027","0.966897528765381","0.0434165259375112","0.0425706192577259","0.0328742240201408"
"ipw","0.899936752827044","2.02780524450662","3.02489166136443","0.967108999368914","0.0444650474161879","0.0446378434914731","0.0342875738892385"
"ipw-w","0.879475908112703","2.04326170133204","3.03387882694891","0.96727771043774","0.0527222010317467","0.0562306141748426","0.0378843876062719"
"mle","0.920601950175041","2.0096442949104","3.00021230484858","0.971754644136637","0.0394274777486823","0.0404572584010147","0.0299070068653471"
"mle-w","0.920601950175041","2.0096442949104","3.00021230484858","0.971754644136637","0.0394274777486823","0.0404572584010147","0.0299070068653471"
