"Method","beta0.x","beta1.x","beta2.x","sigma.x","beta0.y","beta1.y","beta2.y"
"oracle","1.06002222372695","2.0223324820531","2.99576428418742","1.01999997062514","0.0323168295400812","0.0341246371677677","0.0241199131321053"
"naive","-0.170846089178391","1.38784102201166","1.5913030617446","3.14337339060369","0.0876581128854311","0.105059108798496","0.0773762961546631"
"cc","1.11381077629892","1.98429709144113","2.96420257553786","0.981847333548087","0.0439000396701096","0.0480733848186505","0.0325441326723942"
"ipw","1.13243476908409","1.98746140253665","2.96897381476542","0.982067163138743","0.0461920052601413","0.050626697144225","0.0372570160425135"
"ipw-w","1.13460495892649","1.97908467859928","2.96525600172772","0.98209361376442","0.0505885960294357","0.0555514593258375","0.0403954345608742"
"mle","1.13297142835479","1.98771143239125","2.95484890858499","0.99043349723307","0.0461401629104259","0.043517583108384","0.032724544823815"
"mle-w","1.13297142835479","1.98771143239125","2.95484890858499","0.99043349723307","0.0461401629104259","0.043517583108384","0.032724544823815"
