"Method","beta0.x","beta1.x","beta2.x","sigma.x","beta0.y","beta1.y","beta2.y"
"oracle","1.01382460646361","2.04705714706246","3.00624984412486","0.977166990297925","0.0309224080084275","0.0327215771094535","0.0231057645246098"
"naive","-0.283116741319303","1.32083796817053","1.76543229812021","3.03556335241152","0.0844557653091847","0.0969003846205479","0.0767210394483322"
"cc","1.00910743689712","2.07027550472464","2.9872990305632","0.986226901881733","0.0443517444548207","0.0475032166397092","0.0309555584170863"
"ipw","1.00631627541857","2.05861103811901","3.00492627255677","0.986713050325043","0.044909471942293","0.0473532377520933","0.0302387246351446"
"ipw-w","1.00726758179548","2.06856483256569","3.01881603298917","0.987282311913626","0.0510107450885917","0.0571575215685575","0.0357362047678303"
"mle","1.015747314944","2.04484741555203","2.99538515329144","0.979911707692194","0.0398445305531751","0.0424250386450451","0.0284582204612359"
"mle-w","1.015747314944","2.04484741555203","2.99538515329144","0.979911707692194","0.0398445305531751","0.0424250386450451","0.0284582204612359"
