"Method","beta0.x","beta1.x","beta2.x","sigma.x","beta0.y","beta1.y","beta2.y"
"oracle","1.00122423087578","1.97171194983537","3.0146153032661","1.03303284718619","0.0326646940962866","0.035074993412478","0.0252622334975149"
"naive","-0.37457462977856","1.34466996496196","1.67919440636722","3.19228614382921","0.0944902314659828","0.117858603049436","0.0788799457733343"
"cc","1.04245568102212","1.98570841906819","3.01041539969489","1.01734678832175","0.0468318348652327","0.0472520663266539","0.0352091734135961"
"ipw","1.05792997525573","1.96723757480853","2.98673320780977","1.0178602607311","0.0497874380028399","0.0498215833859715","0.0380678356920123"
"ipw-w","1.05741667144339","1.9803482016282","3.0018735152797","1.01747764665368","0.056342413537442","0.0582024485602184","0.0417564865370984"
"mle","1.05112793259077","1.97505513786697","2.99115631733088","1.00429288235957","0.0419244846250498","0.0431730029743705","0.0308537564047492"
"mle-w","1.05112793259077","1.97505513786697","2.99115631733088","1.00429288235957","0.0419244846250498","0.0431730029743705","0.0308537564047492"
