"Method","beta0.x","beta1.x","beta2.x","sigma.x","beta0.y","beta1.y","beta2.y"
"oracle","0.96027653728464","1.98833586820652","3.02741772219047","1.00307202432567","0.031801183491118","0.0360506201197817","0.0242320651877864"
"naive","-0.495051585724391","1.14418879366187","1.61260058912068","3.25678270889987","0.0935946794178043","0.105247083506938","0.0803168620575287"
"cc","1.00482570060062","1.95726080961087","2.97156651207096","0.985585052705307","0.0436861449470138","0.0511642391390671","0.0336757142048333"
"ipw","0.999609105121563","2.01012706187864","2.99038405116204","0.986780564862513","0.0456745360217995","0.058326634106206","0.035001506569752"
"ipw-w","1.06712715565804","1.90573240762474","2.95197498575122","0.988375158418643","0.0531265897173279","0.0582942133319074","0.0413401286645927"
"mle","0.956194187064893","1.96131227832179","2.99656482755474","0.998036129806292","0.0400438610007628","0.0461488550077074","0.0300875811153876"
"mle-w","0.956194187064893","1.96131227832179","2.99656482755474","0.998036129806292","0.0400438610007628","0.0461488550077074","0.0300875811153876"
