"Method","beta0.x","beta1.x","beta2.x","sigma.x","beta0.y","beta1.y","beta2.y"
"oracle","0.995470684521618","2.05793796803201","3.017636191122","1.00143911724223","0.0317742658223575","0.0355446709806588","0.0223346777765974"
"naive","-0.412463965936083","1.37432240759078","1.69791830707947","3.22601950488079","0.0957495013928481","0.102732534882536","0.0783992201027184"
"cc","0.973359539395981","2.09886946331072","3.05144557903131","1.03139751743555","0.0478076346911229","0.0489142433788584","0.0342241402800064"
"ipw","0.974273304010875","2.11734587688141","3.07806322912438","1.03204425532304","0.0510912170556993","0.0518835712395153","0.0468866085405097"
"ipw-w","1.02156396685778","2.13010177851869","3.03311497755388","1.03330239796177","0.0508155410611445","0.050987661667445","0.0356710621531858"
"mle","0.951724903506447","2.0917498645343","3.0570563418715","1.02065048926685","0.0416388055265045","0.044563454461853","0.0303810744358864"
"mle-w","0.951724903506447","2.0917498645343","3.0570563418715","1.02065048926685","0.0416388055265045","0.044563454461853","0.0303810744358864"
