"Method","beta0.x","beta1.x","beta2.x","sigma.x","beta0.y","beta1.y","beta2.y"
"oracle","1.04327264378616","1.98359759505667","3.01251868679592","1.02245761559587","0.0323016737531803","0.0343365163435277","0.0249718753078603"
"naive","-0.205545632277848","1.19557192692627","1.50062652226022","3.19816817753903","0.0937431476002018","0.115103212824862","0.0877104307210595"
"cc","1.04576021831674","1.91185503209449","2.99402372157831","1.00790485838401","0.0478736242501998","0.0465533482838072","0.0360171678641594"
"ipw","1.05556283461819","1.89991730437357","2.99384412098345","1.00801921673937","0.0484678156904171","0.0474411273563122","0.0392845484546407"
"ipw-w","1.05857365957918","1.9747302977275","2.98768628699546","1.01023781575414","0.0598216356278533","0.0570597848770821","0.0422692314053233"
"mle","1.03671586516337","1.90476311175047","2.9869673864416","0.996321114489039","0.0414149356067953","0.0417628063923148","0.0307038513567204"
"mle-w","1.03671586516337","1.90476311175047","2.9869673864416","0.996321114489039","0.0414149356067953","0.0417628063923148","0.0307038513567204"
