"Method","beta0.x","beta1.x","beta2.x","sigma.x","beta0.y","beta1.y","beta2.y"
"oracle","1.03408534997614","1.94555193338558","2.97474388759657","0.969703396235154","0.0306719897836194","0.0326184354505342","0.0228072003870015"
"naive","-0.327867268206579","1.26756309668658","1.60191277816399","3.19319265968356","0.0915998470199497","0.108023152234863","0.078977767870062"
"cc","1.03279208400967","1.90253632433365","2.97365194112379","0.965722855654167","0.0443281072914782","0.0441245970434503","0.034406716713833"
"ipw","1.02473996198703","1.92384911212881","2.96399124499789","0.966191773146765","0.0530339599383166","0.0501304464647","0.0538215455345406"
"ipw-w","0.981660115710252","1.90249072549176","2.99634958854689","0.967332878520355","0.0537561260903476","0.0535475441126551","0.0386027112311358"
"mle","1.00057869274386","1.88080385951572","3.01196566137402","0.982047166334903","0.0410198082237592","0.0440010227648884","0.0468978046318644"
"mle-w","1.00057869274386","1.88080385951572","3.01196566137402","0.982047166334903","0.0410198082237592","0.0440010227648884","0.0468978046318644"
