"Method","beta0.x","beta1.x","beta2.x","sigma.x","beta0.y","beta1.y","beta2.y"
"oracle","0.968750673633917","2.02009792409503","2.96633748515453","1.01052891686093","0.0319696800692449","0.0324421928339802","0.024169985488722"
"naive","-0.397107369441561","1.30954340090705","1.66435901177312","3.13172882593055","0.0896517503195169","0.107040549050989","0.0747888209923259"
"cc","0.935817470782896","1.98451504178552","2.99287442328076","1.03978162958363","0.0471572601055703","0.0504034258507492","0.0359030916649962"
"ipw","0.943766138863586","1.98910472778829","2.96873219853451","1.04042633238666","0.048784106415769","0.0523629040985222","0.0380232047252437"
"ipw-w","0.950577969711109","1.98015711215001","2.97667009792719","1.04006901634522","0.0570036089830551","0.0614744832536851","0.0426355575784065"
"mle","0.974608121414552","1.99395548027331","2.97421072832506","1.04291945903839","0.0423920067781811","0.0450457409151548","0.0319317030793046"
"mle-w","0.974608121414552","1.99395548027331","2.97421072832506","1.04291945903839","0.0423920067781811","0.0450457409151548","0.0319317030793046"
