"Method","beta0.x","beta1.x","beta2.x","sigma.x","beta0.y","beta1.y","beta2.y"
"oracle","0.94847165217846","2.05384800162531","3.02841973477996","1.01888605487371","0.0323385812393473","0.0345837556555146","0.023547225599778"
"naive","-0.412015234668265","1.4875855801666","1.65602651413974","3.17657377159054","0.0963467721289232","0.116945734616817","0.083342065069486"
"cc","0.949196726898606","2.08275540065073","3.06562696683889","1.02806517114453","0.0479690861736608","0.0482040650286925","0.0353110345978006"
"ipw","0.949927787644081","2.09790657092925","3.07405251991716","1.0281851790494","0.0483517237877517","0.0485851402015781","0.0382095030753012"
"ipw-w","0.969305399114542","2.14820149821002","3.09749137597487","1.03054098881857","0.0571832771040248","0.0532695986420933","0.041239229909265"
"mle","0.926170184388853","2.0981454666851","3.0835951525732","1.02544495137936","0.0421413414016841","0.0437702843085604","0.030923482478817"
"mle-w","0.926170184388853","2.0981454666851","3.0835951525732","1.02544495137936","0.0421413414016841","0.0437702843085604","0.030923482478817"
