"Method","beta0.x","beta1.x","beta2.x","sigma.x","beta0.y","beta1.y","beta2.y"
"oracle","1.06335462608045","1.99690442845063","3.01591657369651","1.02802822502231","0.0325080914289818","0.0372362824459566","0.023999283294961"
"naive","-0.361831449110237","1.26962964869879","1.77147251192559","3.19843811634986","0.0928648693304132","0.103103194472328","0.0833420787651394"
"cc","1.05575087628495","2.0218220896928","3.01797087083729","1.01970376780552","0.0471270906365732","0.0503873730951403","0.0341086334442481"
"ipw","1.0677139083773","2.01006706141328","3.00815147089962","1.01985593034985","0.0478227427087818","0.0549871037061839","0.0420846239953274"
"ipw-w","1.03434208900781","1.97272591801635","3.04337845772031","1.02197624038512","0.0573031236257298","0.0682992842194121","0.0459384677271818"
"mle","1.08187005461888","2.00293979491224","3.03448289806767","1.022798121578","0.0418259420634744","0.0447580677239163","0.0296337648931607"
"mle-w","1.08187005461888","2.00293979491224","3.03448289806767","1.022798121578","0.0418259420634744","0.0447580677239163","0.0296337648931607"
