"Method","beta0.x","beta1.x","beta2.x","sigma.x","beta0.y","beta1.y","beta2.y"
"oracle","1.00105461774148","2.02337174507288","2.97330304584808","0.974415904082507","0.0308601993471806","0.0332296416528931","0.0233188532042224"
"naive","-0.449966273945344","1.25224095474734","1.59843700499423","3.13895203561696","0.0896996732017909","0.111391537538334","0.071705892095124"
"cc","0.983852320759408","1.97505409489658","2.98229218899714","0.970776160627202","0.0447293889603494","0.0481475204604334","0.0364559302375164"
"ipw","0.966615319759871","1.96550482507079","2.97368405406042","0.971042828938248","0.0463755380938334","0.0508625829380807","0.0383581926772046"
"ipw-w","1.01748602609476","2.01200512959261","2.9892651441391","0.972105820756387","0.0587172273609973","0.0656714686270711","0.045672435068435"
"mle","0.961476556731261","2.04277992725306","3.00975867609795","0.981419761102374","0.0378216718958353","0.0442393351375242","0.0311251833385824"
"mle-w","0.961476556731261","2.04277992725306","3.00975867609795","0.981419761102374","0.0378216718958353","0.0442393351375242","0.0311251833385824"
