"Method","beta0.x","beta1.x","beta2.x","sigma.x","beta0.y","beta1.y","beta2.y"
"oracle","1.01818556284693","2.05017299010111","3.01890349044899","1.01578883325895","0.0320533083889396","0.0364764472147194","0.0243734201103483"
"naive","-0.446667697950241","1.45358550078347","1.75768527453947","3.09229330860232","0.0891824252347169","0.10925583872294","0.0741825074677897"
"cc","1.02602980436078","2.04737058817662","2.98731473156049","1.01030827029882","0.0456977161811205","0.0503727086887714","0.033698747015727"
"ipw","1.04691848267059","2.01697937604002","2.97686299766414","1.01083119545698","0.0491257563574396","0.0611932166607429","0.0356373682065657"
"ipw-w","1.00376236182299","2.01335274675053","2.96392988200454","1.01143283377477","0.059063067198232","0.0603446594335363","0.0457424012060485"
"mle","1.02598246502362","2.05325190060875","2.98481511947748","1.0365779795529","0.0420342012435024","0.0465249051510883","0.0309732755633915"
"mle-w","1.02598246502362","2.05325190060875","2.98481511947748","1.0365779795529","0.0420342012435024","0.0465249051510883","0.0309732755633915"
