"Method","beta0.x","beta1.x","beta2.x","sigma.x","beta0.y","beta1.y","beta2.y"
"oracle","0.984040251129686","1.96919169589377","3.02451028891168","0.980153979567691","0.0310877634231771","0.0349384417470175","0.0242899522825913"
"naive","-0.311548798301153","1.33752801109521","1.62162188933642","3.09819933342596","0.0928474808416354","0.110985643999676","0.0794446825792276"
"cc","1.05513603907039","1.90383892358865","2.97940302554761","0.978351962562881","0.0456241625802581","0.0489041316918446","0.0332530493410255"
"ipw","1.07887726035487","1.94158501751628","2.95630964527542","0.98003532594961","0.0484168743734565","0.0525287601924247","0.0353965683201997"
"ipw-w","1.07185398689161","1.89574976486287","2.96377421401073","0.978631563545079","0.05406477953033","0.0521947822416194","0.0427125724950688"
"mle","1.03807728319732","1.93695044884779","2.97702523534333","0.970510107063165","0.0406724346931973","0.0436308462986492","0.0290038083931809"
"mle-w","1.03807728319732","1.93695044884779","2.97702523534333","0.970510107063165","0.0406724346931973","0.0436308462986492","0.0290038083931809"
