"Method","beta0.x","beta1.x","beta2.x","sigma.x","beta0.y","beta1.y","beta2.y"
"oracle","1.00420209154963","1.95194502635336","2.98323086579445","1.04643926145734","0.0331236124969751","0.0349783576470778","0.0260476474972106"
"naive","-0.28930706990163","1.22854914465617","1.54460594415713","3.17157903166454","0.0931012314713351","0.11298203851869","0.081304867634767"
"cc","1.06730303021125","1.97017646334736","2.9531187450736","1.059157782956","0.0471092129938582","0.0495671911250764","0.0377614549703195"
"ipw","1.06426936394881","1.96795321957793","2.95196678479452","1.05916525339635","0.0475522544983657","0.0500474769110169","0.0383805835384058"
"ipw-w","1.08666119862563","1.97177414342967","2.96391599838386","1.0594920361737","0.06059845135278","0.0560280141946102","0.0498621109278805"
"mle","1.00163621663529","1.99730605121119","2.98832740694976","1.0535275207188","0.0422484640898894","0.0452349368292523","0.0330853747842918"
"mle-w","1.00163621663529","1.99730605121119","2.98832740694976","1.0535275207188","0.0422484640898894","0.0452349368292523","0.0330853747842918"
