"Method","beta0.x","beta1.x","beta2.x","sigma.x","beta0.y","beta1.y","beta2.y"
"oracle","0.989227761319129","1.99129947474213","3.03025183826779","1.00421690482261","0.0317537155794771","0.0329905925225525","0.0221101659098101"
"naive","-0.454875242968407","1.34093022359489","1.69872258887574","3.19322424233467","0.0921844752482059","0.10261905516852","0.0727921942492725"
"cc","1.00554321318305","1.99967558555043","3.02183400204938","1.00656464237231","0.0462215971849006","0.0465909574623021","0.0327461806510473"
"ipw","0.991089342008072","1.97836144865038","3.03360141651896","1.00710496863918","0.0475778634630762","0.0475530082559509","0.0350451304455417"
"ipw-w","1.0249839414715","1.98714925964423","2.99937819181396","1.00706571303121","0.053137109145409","0.0520032246323426","0.0396744922416669"
"mle","1.01229146617045","2.01067506283036","3.01833022930057","1.01536410385834","0.0417944830104346","0.0425407174862196","0.0299224881512299"
"mle-w","1.01229146617045","2.01067506283036","3.01833022930057","1.01536410385834","0.0417944830104346","0.0425407174862196","0.0299224881512299"
