"Method","beta0.x","beta1.x","beta2.x","sigma.x","beta0.y","beta1.y","beta2.y"
"oracle","0.951949580444096","1.97764454427408","2.97815882833609","1.02453888773563","0.0324892466573869","0.0363376226706857","0.0248260598136065"
"naive","-0.314916240361107","1.22374605156435","1.55623278244623","3.08250540745302","0.0908331309039727","0.1134974077116","0.0826640879085014"
"cc","0.986316831474547","2.03884773555332","2.9869040001289","1.02588370617586","0.0465385302630624","0.0522383031499771","0.0377988232384776"
"ipw","0.983438611299833","2.0537601923253","2.96170965043657","1.02669769336562","0.0492034241845856","0.0532912924504235","0.042015910041465"
"ipw-w","1.00764631430456","2.07918889483643","2.98070952067411","1.02701419907758","0.0556624249609056","0.0698191948847293","0.0453738242717073"
"mle","0.981894212926509","1.99801722292055","2.96898391473326","1.03637474911372","0.0422851495730465","0.0479035394737654","0.0337649141495905"
"mle-w","0.981894212926509","1.99801722292055","2.96898391473326","1.03637474911372","0.0422851495730465","0.0479035394737654","0.0337649141495905"
