"Method","beta0.x","beta1.x","beta2.x","sigma.x","beta0.y","beta1.y","beta2.y"
"oracle","1.02438695887668","2.02329050006134","2.99723930161975","1.00745229121058","0.0318599996655037","0.0343962225425178","0.0252454883111937"
"naive","-0.344661360854442","1.39339447090943","1.61008470217368","3.12177654848247","0.087238463813201","0.107614331147169","0.075507479279688"
"cc","0.990425738516864","2.01705082710805","2.96723892354538","1.02609882982115","0.0465332821025546","0.0514530299041885","0.0360062009699031"
"ipw","0.980955633843215","2.00983538565758","2.95673471337468","1.02625562844718","0.0475139453675815","0.0597852732606771","0.0344124663867606"
"ipw-w","0.992635374605598","2.0090273680475","2.95837901649386","1.0261673423898","0.0558974116617302","0.05108504790683","0.0398532814181365"
"mle","0.988682772982966","2.02566920150067","3.00617777225208","1.03705735936211","0.0418587447958829","0.0455355496749242","0.0325294240494188"
"mle-w","0.988682772982966","2.02566920150067","3.00617777225208","1.03705735936211","0.0418587447958829","0.0455355496749242","0.0325294240494188"
