"Method","beta0.x","beta1.x","beta2.x","sigma.x","beta0.y","beta1.y","beta2.y"
"oracle","0.968662843863568","1.99679969142165","3.03679277226192","0.992733615388983","0.0314462706203645","0.0334563614838881","0.0241663956226427"
"naive","-0.522214872054286","1.3027423657572","1.65678108570725","3.13991386309255","0.0909739766719074","0.101654853099467","0.0727879084201004"
"cc","1.00182761103621","1.93214889209569","2.97384067280377","0.998329885433533","0.0454868574536999","0.0467570532358119","0.0342715435845459"
"ipw","0.98398254495352","1.9160054337209","2.98912303660478","0.998911359238541","0.0539738371650789","0.0671332016371031","0.0530972907113677"
"ipw-w","0.979402429142947","1.94107834741364","2.94232850924023","0.999937299964851","0.0527124681261595","0.0565651029073758","0.0363035804807149"
"mle","0.982490353891658","1.97448452095812","2.99147043883495","0.996632682473782","0.0408594592408356","0.0429951436640352","0.0303929377140339"
"mle-w","0.982490353891658","1.97448452095812","2.99147043883495","0.996632682473782","0.0408594592408356","0.0429951436640352","0.0303929377140339"
