"Method","beta0.x","beta1.x","beta2.x","sigma.x","beta0.y","beta1.y","beta2.y"
"oracle","0.99870710270688","1.99631398002383","3.02014739132299","0.964120998661118","0.0305466408784971","0.0328096781903761","0.0234514642994424"
"naive","-0.357262289138539","1.0243533871356","1.55565576213075","3.20943336294344","0.0916189982199793","0.107092810340531","0.0783347360945832"
"cc","0.994701641081459","1.98131940155174","3.00270813477462","0.969657595009206","0.0447145397062578","0.0482645134105777","0.0337085802720344"
"ipw","1.00671012166092","1.9629718307404","2.99442456609844","0.969860053409471","0.0451032396992659","0.0486550621170154","0.033961239710423"
"ipw-w","0.986050758044289","2.0421313466784","3.03552561072038","0.971492830561142","0.0533194559525625","0.0615694336503497","0.0389924499113677"
"mle","1.03064205359659","1.94468103169584","2.99262108446967","0.969401923518537","0.0403167708759066","0.0429665584846894","0.0299007880118651"
"mle-w","1.03064205359659","1.94468103169584","2.99262108446967","0.969401923518537","0.0403167708759066","0.0429665584846894","0.0299007880118651"
