"Method","beta0.x","beta1.x","beta2.x","sigma.x","beta0.y","beta1.y","beta2.y"
"oracle","1.01626786854014","1.97573559454547","2.98343449234723","1.01654841166824","0.0321694508927488","0.0330660823304107","0.0245468123277878"
"naive","-0.413973508441983","1.34799303898033","1.70293436912823","3.1488720429139","0.0921654260305157","0.106488482867348","0.0707247287176109"
"cc","0.993918691893575","1.96368289420458","2.98164449730224","0.976277132997155","0.0463519381245101","0.0460939078773438","0.0327615404785167"
"ipw","1.01637007020487","1.94598341976525","2.94593777395118","0.977444822807541","0.0479851202626433","0.049029604313988","0.034643023688157"
"ipw-w","1.02949890820099","1.93492114238667","2.97220370087245","0.977201286143562","0.0531412651374463","0.053006042345859","0.0366097040124197"
"mle","1.0126409655244","1.96869295472279","2.96704330318015","0.984736729195049","0.041069437635133","0.0414848321327461","0.029429335320208"
"mle-w","1.0126409655244","1.96869295472279","2.96704330318015","0.984736729195049","0.041069437635133","0.0414848321327461","0.029429335320208"
