"Method","beta0.x","beta1.x","beta2.x","sigma.x","beta0.y","beta1.y","beta2.y"
"oracle","1.04143934806279","1.94867461584832","2.95470295660385","0.967224225517555","0.0305898948774704","0.0310952270014111","0.0237420740432892"
"naive","-0.238473462229399","1.25479941066524","1.60646071107649","3.08839557123478","0.0864219244057492","0.110441833959058","0.0785413197881563"
"cc","0.981575415084605","1.96745811487749","2.98421848008158","0.984846441187753","0.0437656417132141","0.0431973290471587","0.0346218513171076"
"ipw","0.99563998223574","1.97509157445469","2.96934055468229","0.985184979673589","0.0434818045949227","0.041476980176527","0.0343892278775732"
"ipw-w","0.986306998945364","1.97383781614194","2.9747073778282","0.98498482173643","0.0548239145234353","0.046688536676568","0.0416928132230267"
"mle","0.977504495390152","1.96672610197981","2.9619301105672","0.980198557077417","0.0296600764742907","0.0450864552667688","0.0308753599552902"
"mle-w","0.977504495390152","1.96672610197981","2.9619301105672","0.980198557077417","0.0296600764742907","0.0450864552667688","0.0308753599552902"
