"Method","beta0.x","beta1.x","beta2.x","sigma.x","beta0.y","beta1.y","beta2.y"
"oracle","1.03145178039066","2.00326517766913","3.00868618487924","1.00836588435468","0.0319041203513583","0.0348752202932091","0.0248505334310894"
"naive","-0.277848810320187","1.43981440570688","1.5747499314989","3.2058935462602","0.094004021185494","0.116293027001687","0.079590105069291"
"cc","1.02510928422494","1.94633124388441","2.99847704316458","1.00551334236893","0.0448667896071368","0.0485954041660826","0.037340854962408"
"ipw","1.02970276163388","1.97888262237494","3.01666852842639","1.00611563401066","0.0472960067961567","0.0529622836781458","0.0419283372112064"
"ipw-w","1.00482902234222","1.92597975703025","2.96618749454898","1.00675929831609","0.0495121963041827","0.0532265915692859","0.0418184672121407"
"mle","1.00734842231764","1.95958453363496","3.00990147615501","1.01427064114324","0.0407922873423289","0.044501593381245","0.0327499686452687"
"mle-w","1.00734842231764","1.95958453363496","3.00990147615501","1.01427064114324","0.0407922873423289","0.044501593381245","0.0327499686452687"
