"Method","beta0.x","beta1.x","beta2.x","sigma.x","beta0.y","beta1.y","beta2.y"
"oracle","1.01678339639029","2.03508089946655","2.9872500204441","0.98874756914893","0.0314595721743162","0.0335898650242813","0.0218064142701886"
"naive","-0.42341728556928","1.27350872060466","1.72812561000364","3.10921047671119","0.0953988272041669","0.102881410404889","0.0857324054858895"
"cc","1.07511165275717","2.02552919751769","2.92784110266892","1.01124363707819","0.0480835373212048","0.0474741443356709","0.0329968520902449"
"ipw","1.07900898198663","2.03829278455553","2.91377439149247","1.01161998253909","0.0505859903189264","0.0502615065507743","0.0359185558074547"
"ipw-w","1.03859502095401","2.05095272804983","2.94072876647906","1.01214520825066","0.0595114466953878","0.059303327085258","0.0354925473508624"
"mle","1.05468905394581","2.01070067634514","2.95995441454017","1.0124927829448","0.0422139506476999","0.0429767732707543","0.0283050427169643"
"mle-w","1.05468905394581","2.01070067634514","2.95995441454017","1.0124927829448","0.0422139506476999","0.0429767732707543","0.0283050427169643"
