"Method","beta0.x","beta1.x","beta2.x","sigma.x","beta0.y","beta1.y","beta2.y"
"oracle","1.04422767102218","1.94358929677398","2.97189437148249","1.01115003956489","0.0319721641028065","0.035420855821713","0.0244563189760381"
"naive","-0.237435452845853","1.23415776143608","1.59611362938438","3.11703447194016","0.0891517138998481","0.1020043840873","0.0718077815862987"
"cc","1.08950863424598","1.86821374891591","2.95640312393561","0.990604218974345","0.0456256764989477","0.0501631069133092","0.0346799806644474"
"ipw","1.06907518341847","1.87694881250511","2.96579082389713","0.99084051132189","0.0481254798009507","0.0548829543531095","0.0394283477112202"
"ipw-w","1.11365372953882","1.86853905985287","2.94214318727943","0.991013000352682","0.0591591718750968","0.0614265713627589","0.0477261751785447"
"mle","1.04670472070634","1.91176243251583","2.97734562453362","1.00266651242079","0.0410253178072239","0.0448430871599894","0.0304047935125802"
"mle-w","1.04670472070634","1.91176243251583","2.97734562453362","1.00266651242079","0.0410253178072239","0.0448430871599894","0.0304047935125802"
