"Method","beta0.x","beta1.x","beta2.x","sigma.x","beta0.y","beta1.y","beta2.y"
"oracle","1.06977710511233","2.01991736335653","3.00917683557017","1.03138328402579","0.0327596519778959","0.0363479122137104","0.0240896132012209"
"naive","-0.516067093630724","1.35475041588981","1.72070928440939","3.19168661168329","0.0911413497757956","0.110827353867449","0.0787912626314197"
"cc","1.02163145736576","1.97942507041324","2.98090681043501","1.01942967080629","0.0457116884107359","0.0491325070929918","0.0329853529913788"
"ipw","1.0475825515914","1.94403327332066","2.96463877019804","1.02027340887109","0.0505841090553572","0.068447796481374","0.0337095890158516"
"ipw-w","1.03955963457054","1.93263100976546","2.94937744470923","1.02087153244539","0.0575948362116867","0.0566968195462448","0.0423631970912026"
"mle","1.00763838909524","1.95684040596797","3.00240602088875","1.01538134900352","0.0409926122397682","0.0448295657836689","0.0294816391140214"
"mle-w","1.00763838909524","1.95684040596797","3.00240602088875","1.01538134900352","0.0409926122397682","0.0448295657836689","0.0294816391140214"
