"Method","beta0.x","beta1.x","beta2.x","sigma.x","beta0.y","beta1.y","beta2.y"
"oracle","0.976922257986704","2.00723454128467","3.02735259284478","1.00118676316506","0.0317207522781482","0.0354300807631443","0.0227733850884573"
"naive","-0.513740212280503","1.3659376993733","1.7135022861589","3.17439558184792","0.0893091647364096","0.10812163248387","0.0764058261456175"
"cc","0.938675732955371","2.04706687500207","3.0595985853736","0.987287144360147","0.0491957149107735","0.0544770320573306","0.0353722543660165"
"ipw","0.932157642717615","2.00408176878509","3.04310404039676","0.988159659937965","0.0538532580414121","0.0613255740010468","0.04093666485891"
"ipw-w","0.904160448336788","1.99386909975691","3.03368868609381","0.989617602612627","0.0538241068909136","0.0629050023118031","0.0379224481053173"
"mle","0.94645722744616","2.02277127570223","3.03229494864688","0.970817587889994","0.0419315902146051","0.0471626102246628","0.0301144741744659"
"mle-w","0.94645722744616","2.02277127570223","3.03229494864688","0.970817587889994","0.0419315902146051","0.0471626102246628","0.0301144741744659"
