"Method","beta0.x","beta1.x","beta2.x","sigma.x","beta0.y","beta1.y","beta2.y"
"oracle","1.04079394877521","1.99473102598584","2.99522735844294","0.959402839357378","0.0303761955808319","0.0339175463248332","0.0265320743066897"
"naive","-0.267440141789864","1.28964600552422","1.55380893942352","3.00075107826275","0.0865286785181905","0.103539275087481","0.0715825080506081"
"cc","1.04134497819471","1.9804076608464","2.99973446874515","0.956691338644094","0.0424620949709771","0.048516384538248","0.0363759965575489"
"ipw","1.03378300878831","2.02271654980864","3.00649677308417","0.957457192621236","0.0447613602297322","0.0520206061642218","0.0374909569277511"
"ipw-w","1.05035362597517","1.98762529328283","2.98287186522101","0.957078537212757","0.0534787978835604","0.0563722683458559","0.044989392456678"
"mle","1.0491299289006","1.97264690992136","2.97911937849308","0.962316683064178","0.0389990553561104","0.0430367631787467","0.0326998820365043"
"mle-w","1.0491299289006","1.97264690992136","2.97911937849308","0.962316683064178","0.0389990553561104","0.0430367631787467","0.0326998820365043"
