"Method","beta0.x","beta1.x","beta2.x","sigma.x","beta0.y","beta1.y","beta2.y"
"oracle","0.998594388721816","2.02739301635419","3.00396004363978","0.976460649555853","0.0308781967619924","0.0342761197132816","0.0216750940679517"
"naive","-0.43332988686024","1.29196847879144","1.64717833603696","3.23631604536456","0.0937995690972917","0.103790558908453","0.0728696931024636"
"cc","1.01828533059303","2.00247903599918","2.99085413191688","1.0002785428457","0.0464052606583661","0.0500299712433968","0.0324624438109901"
"ipw","1.02532210289801","2.01033970211017","3.00114115622758","1.0004269036495","0.0462679140656269","0.0519214385390948","0.0321512743350223"
"ipw-w","1.01379463858856","1.98168783744349","2.98481015970077","1.00049041461383","0.0519905422445511","0.0551542496412154","0.0359388114264809"
"mle","0.994602550213076","1.99710882635093","3.00342881306293","0.993501672306398","0.0412904497698823","0.0449011861976958","0.0287047732284304"
"mle-w","0.994602550213076","1.99710882635093","3.00342881306293","0.993501672306398","0.0412904497698823","0.0449011861976958","0.0287047732284304"
