"Method","beta0.x","beta1.x","beta2.x","sigma.x","beta0.y","beta1.y","beta2.y"
"oracle","1.00615736511555","1.99774153506106","2.9785146046114","1.00068093556629","0.03163648366487","0.0313560220722391","0.0237192616776303"
"naive","-0.502695876996683","1.34190299566929","1.62163774191396","3.2092127220099","0.094224845070637","0.095428142181385","0.0734295047712469"
"cc","1.01888518643286","2.0398747162483","3.00334668435992","1.01321509673852","0.0469729771274087","0.0480537076410069","0.0356517242450207"
"ipw","1.01306317979682","2.04149078752611","3.00224877879193","1.01323644587315","0.0514431218267669","0.055754336836911","0.0431024225041927"
"ipw-w","1.02309823960921","1.99879498395918","2.9775413357006","1.01418928230764","0.0606465578647618","0.0583449735409815","0.0423616569156496"
"mle","1.00349150220782","2.01479132583794","2.99491130319009","0.994730633327101","0.0516065665728544","0.0291406548331019","0.0327529756560274"
"mle-w","1.00349150220782","2.01479132583794","2.99491130319009","0.994730633327101","0.0516065665728544","0.0291406548331019","0.0327529756560274"
