"Method","beta0.x","beta1.x","beta2.x","sigma.x","beta0.y","beta1.y","beta2.y"
"oracle","1.07544534625761","2.00977789684425","2.9844294247797","0.991208420633885","0.0313382998954845","0.0361535720319018","0.02349355266292"
"naive","-0.239964577987083","1.22984554493738","1.60034045450115","3.12086826133574","0.0887326882446032","0.110772001581717","0.0752033861320928"
"cc","1.11415339033553","2.03446608638269","2.96402191669974","0.998140044340233","0.0456431375673501","0.0508796211772038","0.0334623016188621"
"ipw","1.13399012333299","2.01912472525334","2.94899999067626","0.998490378185932","0.0499509638447864","0.0568995090780295","0.0459042035437762"
"ipw-w","1.13931114113453","2.02621984002038","2.94576891568304","0.998641060403335","0.0550052189688007","0.0625109293975201","0.040520594309428"
"mle","1.11514381971164","2.0130342231345","2.97200692584698","0.996374039225326","0.0407850239874115","0.0450494877429526","0.0285868075272906"
"mle-w","1.11514381971164","2.0130342231345","2.97200692584698","0.996374039225326","0.0407850239874115","0.0450494877429526","0.0285868075272906"
