"Method","beta0.x","beta1.x","beta2.x","sigma.x","beta0.y","beta1.y","beta2.y"
"oracle","0.990340987388761","1.97985245940968","2.99594168960429","0.993400636983793","0.0314209946127705","0.0310955060231947","0.023292938972668"
"naive","-0.448399286570964","1.27289715594796","1.64034421524206","3.17426137366368","0.093217376160809","0.10411920891714","0.0765743922314646"
"cc","0.968825389159433","1.97342534396526","3.04200720639275","1.0029842951659","0.0478008377053396","0.0464626457252115","0.0371701090758601"
"ipw","0.95825066854334","1.99487068438152","3.07910810934258","1.00404341515759","0.0517266606293119","0.0525658273190801","0.0576349069182203"
"ipw-w","0.943274489434136","1.94537936535809","3.04405735997868","1.00367555918014","0.0559309710839602","0.0517112368074489","0.045948399323007"
"mle","0.960218070604993","2.01061908244672","3.02948616625769","0.99335358909189","0.0881557750812878","0.041139583374305","0.0382457364910149"
"mle-w","0.960218070604993","2.01061908244672","3.02948616625769","0.99335358909189","0.0881557750812878","0.041139583374305","0.0382457364910149"
