"Method","beta0.x","beta1.x","beta2.x","sigma.x","beta0.y","beta1.y","beta2.y"
"oracle","1.01886825923811","2.02842763091743","2.98915525252941","1.05225280139807","0.033306762535799","0.0351810595285369","0.0247929841068787"
"naive","-0.44240766928027","1.202198041088","1.51278683546545","3.2124136579851","0.0986183060969093","0.112798223734695","0.0736550936831374"
"cc","0.998751670794599","2.00883848847906","3.00965370371703","1.05360960185826","0.0496545524289985","0.0549505251610895","0.0392076847021992"
"ipw","1.02122221546777","2.02465919282311","2.98209289820038","1.05471093118924","0.0523490492837477","0.0616042603628682","0.0424669360994985"
"ipw-w","0.977467781518494","1.99422514893794","2.98671745457146","1.05433959863634","0.0563843221498228","0.0655489060540695","0.043110242485603"
"mle","1.0062936758226","2.0211514358077","3.02092120840197","1.06766576395347","0.043799794953018","0.0490129089746602","0.0333483385709448"
"mle-w","1.0062936758226","2.0211514358077","3.02092120840197","1.06766576395347","0.043799794953018","0.0490129089746602","0.0333483385709448"
