"Method","beta0.x","beta1.x","beta2.x","sigma.x","beta0.y","beta1.y","beta2.y"
"oracle","0.993598330805532","2.02199262233795","3.00607146313131","0.984529377107497","0.0311493718650187","0.0307135398141185","0.0246926004255337"
"naive","-0.255441868546801","1.31315160916339","1.62400034529679","3.07749982358867","0.0865856671601792","0.101250212334583","0.07352139609974"
"cc","1.03404098333939","2.03497155394095","2.95004840624852","0.933359458893287","0.0419628775868875","0.0441549169915288","0.0354320828201621"
"ipw","1.03344806932981","2.04412261012375","2.9727721047416","0.933808580249871","0.0437941072263383","0.0454739793632898","0.0364917416224634"
"ipw-w","1.05466861689451","2.03732521712721","2.95649828917543","0.933661398157112","0.0524820488650223","0.0589085089650715","0.0490181624327434"
"mle","1.02863277139429","2.0300781230049","2.97198778014569","0.952645209192858","0.0385432636110357","0.0397973855927499","0.0313274643209131"
"mle-w","1.02863277139429","2.0300781230049","2.97198778014569","0.952645209192858","0.0385432636110357","0.0397973855927499","0.0313274643209131"
