"Method","beta0.x","beta1.x","beta2.x","sigma.x","beta0.y","beta1.y","beta2.y"
"oracle","0.985794566620389","2.06483970344687","3.01023187852583","0.973359077238096","0.0308403630052931","0.0335181799634312","0.0236520611110917"
"naive","-0.413289683191453","1.43089236687881","1.52701599049686","3.27256209307276","0.0953807445263481","0.114391363262433","0.0844735635770198"
"cc","1.05016224038201","2.06954508352981","2.97700947841166","0.923751879607501","0.0415373566111936","0.0442761363330262","0.0314564491411079"
"ipw","1.06458575382745","2.06300381485956","2.95991431944755","0.924072237093413","0.0418886015672294","0.0427724211437523","0.0309386720575527"
"ipw-w","1.03344767736387","2.04833306019548","2.98384919676865","0.924262380327748","0.0496960394383704","0.0500015182369241","0.0391596149376047"
"mle","1.00129878167706","2.0553391368717","2.99899501704483","0.950709641692328","0.0388289784354246","0.0425310856432021","0.0299612126307586"
"mle-w","1.00129878167706","2.0553391368717","2.99899501704483","0.950709641692328","0.0388289784354246","0.0425310856432021","0.0299612126307586"
