"Method","beta0.x","beta1.x","beta2.x","sigma.x","beta0.y","beta1.y","beta2.y"
"oracle","1.03080812838647","2.02397886432411","2.98518385287104","1.03494471291586","0.0327095103333118","0.0350106741122378","0.0253760598317293"
"naive","-0.205809791082884","1.38160993653968","1.62205187917596","2.98040168430295","0.0860706042397529","0.1026932140022","0.0746865234194266"
"cc","1.01249995629226","2.03972176712724","2.99015470014259","1.07148870648869","0.0473884918152433","0.0504453668510515","0.0368963848120595"
"ipw","0.976347832592093","2.07403625779039","3.01679336344699","1.07264723431075","0.0505662604000562","0.0561592549017358","0.0372650840405648"
"ipw-w","0.933095477707605","2.01112689039147","2.98806233082611","1.07478250176325","0.0584670788461153","0.0684682572967087","0.0431446486729485"
"mle","1.02287880928169","2.02535314285221","2.98604313244208","1.06461558626804","0.0423769438415042","0.0446737135185988","0.0329081393818835"
"mle-w","1.02287880928169","2.02535314285221","2.98604313244208","1.06461558626804","0.0423769438415042","0.0446737135185988","0.0329081393818835"
