"Method","beta0.x","beta1.x","beta2.x","sigma.x","beta0.y","beta1.y","beta2.y"
"oracle","0.989071548365911","1.97221155765631","2.98176792731424","0.973852579229797","0.0307865900776993","0.0332446620132872","0.0225809646705434"
"naive","-0.39838476951594","1.2436171062611","1.67342339753244","3.20203713446897","0.0936787731495249","0.105408152268719","0.0724268277309545"
"cc","1.05901183476148","1.95908920737449","2.94454511909693","0.933442010401276","0.0419354372742799","0.0450653943178358","0.0284816097689973"
"ipw","1.05549584046287","1.97707811045178","2.94726173142519","0.933603421131086","0.0435978042966816","0.0452653886644807","0.0287720489120075"
"ipw-w","1.0260935251338","1.93687486462872","2.94223973574103","0.934275424615557","0.053470876474115","0.0506211669841891","0.0323440073167708"
"mle","1.02268347406733","1.98803226879627","2.98113809195338","0.946761264259418","0.038529216999894","0.0418265940186204","0.0267511732287743"
"mle-w","1.02268347406733","1.98803226879627","2.98113809195338","0.946761264259418","0.038529216999894","0.0418265940186204","0.0267511732287743"
