"Method","beta0.x","beta1.x","beta2.x","sigma.x","beta0.y","beta1.y","beta2.y"
"oracle","0.984910574022192","2.00617682020759","2.99170642540073","0.982508520488579","0.0310614803139687","0.0347978745852816","0.0245777874381304"
"naive","-0.423026696508159","1.2729237271951","1.65011610629719","3.16846147827024","0.0878345742881364","0.125152019482071","0.0769888317200545"
"cc","0.977411118810094","1.97332504350883","2.96378061384691","0.985307903027095","0.0455296752713827","0.0488069857480927","0.0332352984012541"
"ipw","0.980987640241246","1.97273186026569","2.96514986659271","0.985318562728848","0.0469207193917039","0.0512462174759575","0.0367577223824898"
"ipw-w","1.0002766610848","1.94684844064747","2.96638033798253","0.985962852230448","0.0542933913951095","0.0689081185008452","0.0392943731093348"
"mle","1.00672540158086","1.94823508201335","2.95169977633931","0.973430179235174","0.0402888769858753","0.0440000617349282","0.029740028185298"
"mle-w","1.00672540158086","1.94823508201335","2.95169977633931","0.973430179235174","0.0402888769858753","0.0440000617349282","0.029740028185298"
