"Method","beta0.x","beta1.x","beta2.x","sigma.x","beta0.y","beta1.y","beta2.y"
"oracle","0.985841437149909","2.0090942441838","3.03013381258","1.01202942660253","0.0319964897895808","0.0355822923273169","0.0240863815234578"
"naive","-0.309002244518946","1.37992214219021","1.70701720618616","3.10970350986805","0.0863527716839937","0.114675368244376","0.0854352921420146"
"cc","0.956401320865961","2.07993128119427","3.0307674600859","1.02411433200346","0.0474375588316499","0.0489606843504959","0.0339203489114472"
"ipw","0.964281304764514","2.09296065972158","3.02034845338837","1.02435689227459","0.0480985239246877","0.0516418030599205","0.0352698186877267"
"ipw-w","0.917982885175868","2.12644636379009","3.05064300278494","1.02557764858785","0.0583890740686551","0.0595138638481438","0.0399827475186497"
"mle","0.97683705417059","2.06411921235433","3.00798925654603","1.02212754603096","0.0420202195639591","0.0445572799181482","0.0310656696298372"
"mle-w","0.97683705417059","2.06411921235433","3.00798925654603","1.02212754603096","0.0420202195639591","0.0445572799181482","0.0310656696298372"
