"Method","beta0.x","beta1.x","beta2.x","sigma.x","beta0.y","beta1.y","beta2.y"
"oracle","1.01583513940922","2.02167263794991","3.02368724053412","1.03770795297771","0.0327725475968792","0.0356055884871015","0.0244227880132854"
"naive","-0.425455960714002","1.34794256072332","1.7462801540565","3.14478314744922","0.0893684048187672","0.101641745089596","0.0749426760991201"
"cc","1.02140820396784","1.9494229402461","3.02879472892811","1.02128532111683","0.0465947323684342","0.0476866387702177","0.0337799373406646"
"ipw","1.03714728472834","1.95275859189734","3.01345806869698","1.02160284898562","0.0482334197721242","0.0518088986924093","0.0361052637679967"
"ipw-w","1.01885331109172","1.86909852955408","2.96690161942654","1.0259734719041","0.0548779727389682","0.0574299112433274","0.0416547882572097"
"mle","1.00970276909039","1.96896076027952","3.02676909328303","1.02288676747429","0.041390685675411","0.0424966116939817","0.0293261726773101"
"mle-w","1.00970276909039","1.96896076027952","3.02676909328303","1.02288676747429","0.041390685675411","0.0424966116939817","0.0293261726773101"
