"Method","beta0.x","beta1.x","beta2.x","sigma.x","beta0.y","beta1.y","beta2.y"
"oracle","0.999942464758504","1.9545027745673","3.01243323709125","1.01710095615256","0.0321208456256122","0.0352480372605037","0.0251848024331424"
"naive","-0.352619768638583","1.51772104353761","1.6804747127785","3.13029541460556","0.0898482470384702","0.10189630440341","0.0825797867293622"
"cc","1.02430530851044","1.97824481659201","3.02789756138589","1.02844466947557","0.0451998382748722","0.0503357542497521","0.0360281830460633"
"ipw","1.03752240089967","1.97610942830049","3.01975649280685","1.028562206414","0.045077384590089","0.051660577272872","0.0377845909626352"
"ipw-w","0.990628801402172","1.99563854995457","3.01109292216262","1.02961845221641","0.0493527493895398","0.0587223525278004","0.0410541995079921"
"mle","0.99094171092785","1.9741695100161","3.02409791312924","1.03130717981753","0.0412828133256713","0.0450666355606427","0.0322051611404911"
"mle-w","0.99094171092785","1.9741695100161","3.02409791312924","1.03130717981753","0.0412828133256713","0.0450666355606427","0.0322051611404911"
