"Method","beta0.x","beta1.x","beta2.x","sigma.x","beta0.y","beta1.y","beta2.y"
"oracle","1.01272167350222","2.04948581945729","3.00686748027526","1.01505578392632","0.0321954191597183","0.0339980079178192","0.0240669011004202"
"naive","-0.394393226028281","1.35359129240093","1.57430225553554","3.14091431813943","0.0924810376403916","0.102977045105355","0.0768374392913838"
"cc","1.04902063743235","2.04649735857221","3.02766171559529","0.990245501475575","0.0441022879936363","0.0458746212911422","0.0319714233580886"
"ipw","1.06697272433564","2.02265629531386","3.00962645318661","0.990760396096533","0.0467877273296858","0.0492650552924482","0.0341956371986602"
"ipw-w","1.02152838705237","2.01967970624853","3.00262418533174","0.991426234115276","0.0526433025004289","0.0549556319381502","0.0346690644643178"
"mle","1.03466538789334","2.02816399103176","3.01475627342494","0.992708409655164","0.040037881275364","0.0422316034259447","0.0299021990383609"
"mle-w","1.03466538789334","2.02816399103176","3.01475627342494","0.992708409655164","0.040037881275364","0.0422316034259447","0.0299021990383609"
