"Method","beta0.x","beta1.x","beta2.x","sigma.x","beta0.y","beta1.y","beta2.y"
"oracle","0.994105720939202","2.06053441513607","2.98118444939889","1.0297537190855","0.0325979476334067","0.034177481745282","0.0247249036424802"
"naive","-0.361948882677776","1.55523619060757","1.51918687393335","3.21936132916485","0.092917524234947","0.105871196601537","0.0807003102850899"
"cc","0.981159602242803","2.10544336098334","2.99980004223646","1.0174397842587","0.0475658982912238","0.0488773524769795","0.0326236115938184"
"ipw","0.968267936529293","2.13615161181693","3.01521722991307","1.01793984689111","0.0486822299861764","0.0546252799952013","0.0372495433579818"
"ipw-w","0.969207406550531","2.08225114306577","3.02382620506599","1.01844107677473","0.0586139010179997","0.069088504439771","0.0395682821355588"
"mle","0.98352985641682","2.0589358072242","2.97802179585553","1.01542954799738","0.0423344162959918","0.0445659815719842","0.0299066555216651"
"mle-w","0.98352985641682","2.0589358072242","2.97802179585553","1.01542954799738","0.0423344162959918","0.0445659815719842","0.0299066555216651"
