"Method","beta0.x","beta1.x","beta2.x","sigma.x","beta0.y","beta1.y","beta2.y"
"oracle","0.997339928360961","2.04897227990806","3.0122072392825","0.984295211366242","0.0311097865683813","0.0331783257396898","0.0225120099969297"
"naive","-0.420146909128765","1.53711062677024","1.73477998572288","3.14503001445605","0.0919114784740647","0.108346958788031","0.0779854189541993"
"cc","0.935042180742845","2.0869245864793","3.0359103588652","0.992433545390672","0.0450707089800034","0.0458477987384247","0.0331226935732614"
"ipw","0.92485744337951","2.08725024749442","3.04391621411749","0.992525105005829","0.049697084156704","0.0512565901893582","0.0398881424406907"
"ipw-w","0.96889914102578","2.07796471244533","3.05591337398941","0.993774543439766","0.0561264317767942","0.0546154445268263","0.0388469930327631"
"mle","0.945597686647598","2.08634823592464","3.0303879452894","0.985951818935344","0.0401772904701797","0.04187165656782","0.0288053102630201"
"mle-w","0.945597686647598","2.08634823592464","3.0303879452894","0.985951818935344","0.0401772904701797","0.04187165656782","0.0288053102630201"
