"Method","beta0.x","beta1.x","beta2.x","sigma.x","beta0.y","beta1.y","beta2.y"
"oracle","0.976767799010348","1.94685669291405","2.94163011190887","0.959739042024945","0.0303482075403463","0.0318767876263286","0.0238307695377012"
"naive","-0.331406286809017","1.13751102032889","1.56542843991097","3.09534977098359","0.0875783784652819","0.104800578893426","0.0780412544742902"
"cc","0.982172849853327","2.02204711522246","2.95710297002622","0.936375873749323","0.0425913359609318","0.0436896021315645","0.0345734073645515"
"ipw","0.980253354300723","2.06353226060198","2.97723888071977","0.937276495178269","0.0429023586230793","0.0487446947344218","0.0362595055539697"
"ipw-w","0.965279365567876","2.00945481568941","2.98335827193208","0.937355673841191","0.0569333171709293","0.0582023279697517","0.0435889949170526"
"mle","0.983937143828274","1.99776419312015","2.96389829786491","0.929498692040729","0.0381757140686169","0.0404602319139043","0.0306595136759705"
"mle-w","0.983937143828274","1.99776419312015","2.96389829786491","0.929498692040729","0.0381757140686169","0.0404602319139043","0.0306595136759705"
