"Method","beta0.x","beta1.x","beta2.x","sigma.x","beta0.y","beta1.y","beta2.y"
"oracle","0.957170339945392","1.96552997978421","2.96686099705448","0.954595696043611","0.0301830650528945","0.0337498902627862","0.0225302991565818"
"naive","-0.339495113017579","1.11658262046642","1.52705240572921","3.19231170188383","0.0893536577780081","0.115290771658122","0.0790955111079163"
"cc","0.976954419564016","1.99898443960134","2.98059503049334","0.94428217605687","0.0423702899609302","0.0457325676350186","0.0306958387442035"
"ipw","1.00015416135811","1.98342318226892","2.97337330245453","0.944648784036903","0.0423281687983296","0.0456187407835998","0.030646751998599"
"ipw-w","0.961500629315991","1.99707855219476","2.97240764706328","0.944511254835752","0.0497647924455963","0.0562649425660999","0.0359472393159782"
"mle","0.964163358696394","1.99146231723974","2.96719184601219","0.944938198917092","0.0384373328959144","0.042139806269914","0.0277265253241613"
"mle-w","0.964163358696394","1.99146231723974","2.96719184601219","0.944938198917092","0.0384373328959144","0.042139806269914","0.0277265253241613"
