"Method","beta0.x","beta1.x","beta2.x","sigma.x","beta0.y","beta1.y","beta2.y"
"oracle","0.996669747345343","1.9621670427752","2.96812122473761","0.972166931205842","0.0308373729186133","0.0342366913987135","0.0222603066989791"
"naive","-0.292447009263749","1.27070766272023","1.56033505399629","3.153213902395","0.0918146633697609","0.110706488719831","0.0736972466710975"
"cc","0.985357451153151","1.91553013451856","2.95100694472056","0.963010737993883","0.0445972437791763","0.0487090469535843","0.0331486930222042"
"ipw","0.990062266887146","1.91426415125443","2.9431173162924","0.963065083294718","0.0476121887194847","0.0536442078114294","0.0357112842574254"
"ipw-w","0.965031699881142","1.98115713345412","3.00100393966146","0.965888489051348","0.0537257034754754","0.0536742619319128","0.0423168819636925"
"mle","0.952428952291085","1.93976909750341","2.98205679090798","0.967652030908891","0.0400203347854459","0.0442852575625136","0.0291224006959289"
"mle-w","0.952428952291085","1.93976909750341","2.98205679090798","0.967652030908891","0.0400203347854459","0.0442852575625136","0.0291224006959289"
