"Method","beta0.x","beta1.x","beta2.x","sigma.x","beta0.y","beta1.y","beta2.y"
"oracle","1.0454027716082","1.98881530945499","3.01865390986626","1.0267599670336","0.0324977071206254","0.0337253836325303","0.0231160666215571"
"naive","-0.349748230854683","1.28887398190979","1.8339829480289","3.03018762834274","0.090915445012309","0.103452603927175","0.0765301182787186"
"cc","0.993204212454741","2.02082810402025","3.02126619774325","1.01221467001459","0.0463978584957841","0.0438572794929977","0.0335718609630545"
"ipw","0.997377034407555","1.9925344499672","3.00261700145779","1.01269619184219","0.0464745328910515","0.0489012570391766","0.0391666999658404"
"ipw-w","0.976491530237733","2.0186899043124","3.02210669081985","1.0123489739442","0.0595696506734424","0.0590743222863891","0.0442354633058867"
"mle","1.03525696366602","1.99283998389231","3.02345390892793","1.03100483108256","0.0419179440059742","0.0425081095159455","0.0305295823374541"
"mle-w","1.03525696366602","1.99283998389231","3.02345390892793","1.03100483108256","0.0419179440059742","0.0425081095159455","0.0305295823374541"
