"Method","beta0.x","beta1.x","beta2.x","sigma.x","beta0.y","beta1.y","beta2.y"
"oracle","0.958260171418368","1.94350403184503","2.997914199836","0.985462662067096","0.0312545191975618","0.0356315474464026","0.0230375030507932"
"naive","-0.344126568376724","1.24046385571335","1.66617673572124","3.01408026760507","0.0835861634855511","0.106296428425229","0.0704906043908221"
"cc","0.960506699320594","1.95588750495735","2.98156429069085","1.006129926371","0.0439412192139796","0.0528055297515536","0.0343418096740652"
"ipw","0.985423877700651","1.9698163188323","2.99569210426915","1.00665444592679","0.0447732447976799","0.0551656478512907","0.0419108745443218"
"ipw-w","0.943893757244927","1.97174243246526","2.98003895718864","1.00640860329567","0.0562200689160973","0.0691885457896027","0.0431157834655857"
"mle","1.01856859067623","1.99134322755284","2.97792394572716","1.01224841059104","0.0399622542574146","0.0467478665241506","0.0304280384968689"
"mle-w","1.01856859067623","1.99134322755284","2.97792394572716","1.01224841059104","0.0399622542574146","0.0467478665241506","0.0304280384968689"
