"Method","beta0.x","beta1.x","beta2.x","sigma.x","beta0.y","beta1.y","beta2.y"
"oracle","0.978340994427952","2.02583797574799","3.03687474366926","0.971586983196727","0.0307822027035781","0.0328884019908018","0.0240545089064056"
"naive","-0.420061274118025","1.25427975248319","1.59926304925414","3.15057852890879","0.0877174329134636","0.109771008715804","0.0753716814216167"
"cc","0.946387381289081","2.03670825666209","3.08937759963128","0.948849437618531","0.0430454087433519","0.0423326093561598","0.0344283068052562"
"ipw","0.963899130911902","2.03198577143329","3.08795467213125","0.949017294911919","0.0449481612981631","0.043709211457399","0.0353622669151812"
"ipw-w","0.953535472379433","2.02094489094394","3.07488846422233","0.949068687882089","0.0490545256812288","0.0578631412943949","0.0482209676241228"
"mle","0.978070521830512","2.04034570353192","3.06918854093892","0.961897092030376","0.0392033310876629","0.0394583648952404","0.0301936583203634"
"mle-w","0.978070521830512","2.04034570353192","3.06918854093892","0.961897092030376","0.0392033310876629","0.0394583648952404","0.0301936583203634"
