"Method","beta0.x","beta1.x","beta2.x","sigma.x","beta0.y","beta1.y","beta2.y"
"oracle","0.95881273636038","2.00997910093823","2.97879434832395","1.03936669706443","0.0329296061136549","0.034997169493414","0.0240022438905079"
"naive","-0.385054054262577","1.40264783428827","1.60797875537924","3.30262746720668","0.0957255549954095","0.105783118091256","0.086250080828819"
"cc","0.95471755819297","1.95037244536517","2.95186586321246","1.043145185233","0.048078651124388","0.0514376387233887","0.035355721368371"
"ipw","0.970647923323203","1.92103749234067","2.93224192766982","1.04369183755192","0.0492610573569471","0.0529178027711191","0.0394022915391157"
"ipw-w","0.916247940384913","1.93722282038948","2.96554425435404","1.04400521191597","0.061149787692703","0.0631506953193501","0.0444044865526988"
"mle","0.946057232279669","1.94583405826906","2.98600059927569","1.06338299450135","0.0436782129490734","0.0462526505899922","0.0315797708140056"
"mle-w","0.946057232279669","1.94583405826906","2.98600059927569","1.06338299450135","0.0436782129490734","0.0462526505899922","0.0315797708140056"
