"Method","beta0.x","beta1.x","beta2.x","sigma.x","beta0.y","beta1.y","beta2.y"
"oracle","1.01510452743566","2.026101988852","3.00562858450748","0.990492367870653","0.0313144534731269","0.0321577910409333","0.0240628897785079"
"naive","-0.480613509452167","1.61234981262703","1.79862997352378","2.98719235674091","0.08285885798455","0.0971673255220561","0.0722140212849149"
"cc","0.967123956641362","2.01306518679923","3.0164258150934","1.04122125332087","0.0465814097386657","0.0452705641331125","0.0353015595965714"
"ipw","0.985798788647097","2.0228461591464","2.98896168097773","1.04221494757626","0.0467089555218578","0.0478324990963148","0.0365561196132499"
"ipw-w","0.963375510276107","2.02981668651294","3.03547254788115","1.04156049825379","0.0578433610810273","0.0563028355772478","0.0428090029768785"
"mle","0.985031775242705","1.99610679365502","2.98554622797959","1.03391207633297","0.0413799455223903","0.0411644052212625","0.0308861059276178"
"mle-w","0.985031775242705","1.99610679365502","2.98554622797959","1.03391207633297","0.0413799455223903","0.0411644052212625","0.0308861059276178"
