"Method","beta0.x","beta1.x","beta2.x","sigma.x","beta0.y","beta1.y","beta2.y"
"oracle","1.00230432288801","2.00529274257062","2.99436273021211","1.04824928078743","0.0331402867666749","0.0345629377934181","0.0266282343196882"
"naive","-0.295474872773332","1.3774399611054","1.54736723291419","3.13573020646398","0.0920873424361124","0.108854051669319","0.0852081211006117"
"cc","1.01323458323608","2.00479839835521","3.00044627745341","1.07503377642061","0.0494702167399427","0.0513021618284632","0.0397660972497352"
"ipw","1.02429209536106","1.98072941855552","2.99840773654944","1.07532750060169","0.0502248019312767","0.0532482015265476","0.0414545117003043"
"ipw-w","1.00548269123237","1.96246343157241","2.9951602717721","1.07585659566145","0.0567527176645287","0.0619584324523914","0.0470002549268581"
"mle","1.02923749793135","1.98307279900897","2.96055908861627","1.06094883064378","0.0431942080782838","0.0454797631636755","0.0345568758976949"
"mle-w","1.02923749793135","1.98307279900897","2.96055908861627","1.06094883064378","0.0431942080782838","0.0454797631636755","0.0345568758976949"
