"Method","beta0.x","beta1.x","beta2.x","sigma.x","beta0.y","beta1.y","beta2.y"
"oracle","1.04715878180478","2.00218268498661","3.00828420889011","0.992573325558306","0.0314011514505915","0.032180673723194","0.0245333921939708"
"naive","-0.280191947381074","1.40754673164665","1.54611348469161","3.17861285303489","0.094807374610543","0.110022391878156","0.0750601285544232"
"cc","1.05832082150173","1.9821800185792","3.00548364005439","1.00453114922468","0.0466675238210545","0.0467222740221138","0.0357801581156515"
"ipw","1.05749665996258","1.98553898552674","2.98924256009811","1.00480489771031","0.0484827102572525","0.0493542526001346","0.0377556718398194"
"ipw-w","1.03482712234853","1.99393515924803","2.95963074335006","1.00735269573471","0.0559076405497893","0.0503469417869467","0.0434150653355727"
"mle","1.04430274490422","1.99298108835877","3.00339169719934","0.99652769494122","0.0417527129878874","0.04265732225316","0.0320373711192283"
"mle-w","1.04430274490422","1.99298108835877","3.00339169719934","0.99652769494122","0.0417527129878874","0.04265732225316","0.0320373711192283"
