"Method","beta0.x","beta1.x","beta2.x","sigma.x","beta0.y","beta1.y","beta2.y"
"oracle","1.00744412542472","1.99897498586739","3.0238009789945","0.969739664740019","0.0307303042355382","0.0310820383143701","0.0225826607368409"
"naive","-0.318496250796023","1.2401425914279","1.60978027537312","3.22405163606646","0.0970144929113017","0.110977355939891","0.0775630921344353"
"cc","1.00535826764479","2.06864905213622","3.06743426069146","0.947631573154108","0.0455455185277586","0.0452334542489327","0.0319772037042754"
"ipw","1.01623595736058","2.07144689595699","3.06588866047884","0.94769705071783","0.0463555305816744","0.0477739130113315","0.032524060639138"
"ipw-w","0.927024362582207","2.12645120302372","3.09804711441732","0.951482214349086","0.0529732443725365","0.0539024448304156","0.0399177801044567"
"mle","1.02305266856494","2.04433968685674","3.04037607112004","0.9447073438805","0.0399831415072281","0.0409962692411416","0.0287690719539459"
"mle-w","1.02305266856494","2.04433968685674","3.04037607112004","0.9447073438805","0.0399831415072281","0.0409962692411416","0.0287690719539459"
