"Method","beta0.x","beta1.x","beta2.x","sigma.x","beta0.y","beta1.y","beta2.y"
"oracle","0.998257148693819","1.99101211059261","2.9439987421996","0.98598832943539","0.0311969796459111","0.0366053278762847","0.0235125401241621"
"naive","-0.311810565094399","1.40138716768793","1.51130918865392","3.05976446872435","0.0903689090658231","0.10913554149287","0.0696075307708373"
"cc","1.06458829963015","1.9697063401261","2.93078047017547","0.971847378439864","0.0437151359411383","0.0490285284360069","0.0332922956432023"
"ipw","1.06175215830753","1.97358354802061","2.93118388470513","0.971858021724238","0.0463877959257551","0.0582810437459991","0.0367288850762022"
"ipw-w","1.05292164757084","2.00151006998141","2.94324581838085","0.97234496576992","0.0518063900347142","0.0562083982669666","0.0418383192601951"
"mle","1.04774941403086","1.95950512785645","2.9337853920875","0.980852549934662","0.0398001843453693","0.04537073254617","0.0298748915460209"
"mle-w","1.04774941403086","1.95950512785645","2.9337853920875","0.980852549934662","0.0398001843453693","0.04537073254617","0.0298748915460209"
