"Method","beta0.x","beta1.x","beta2.x","sigma.x","beta0.y","beta1.y","beta2.y"
"oracle","0.962175920147666","2.00016471531773","2.9721122815265","0.990412077488891","0.031308487604598","0.0309584984356715","0.0227917204638649"
"naive","-0.35056082231546","1.3338705649491","1.66085503185673","3.10299814709046","0.0902124621216477","0.100729654407562","0.0806532940707266"
"cc","0.905563856839473","2.04911680421516","2.99006425764949","1.0301850746699","0.0492034969980952","0.044506248863457","0.0338223035797063"
"ipw","0.90186971034385","2.02906422505183","2.98597480393473","1.03037142663019","0.0509238838938205","0.0519939587523695","0.0390003632627202"
"ipw-w","0.910719901258676","2.03183152737018","3.0072707757851","1.03086416701506","0.0595626214493963","0.0540890232685062","0.0390066907936396"
"mle","0.962211919888083","2.01374740007751","2.94369452741296","1.02479381205722","0.0428182479874059","0.0398977993336089","0.0299090554792751"
"mle-w","0.962211919888083","2.01374740007751","2.94369452741296","1.02479381205722","0.0428182479874059","0.0398977993336089","0.0299090554792751"
