"Method","beta0.x","beta1.x","beta2.x","sigma.x","beta0.y","beta1.y","beta2.y"
"oracle","1.03807663813592","1.99893940917656","3.0045521628264","0.976273832911005","0.0309643057738133","0.0318067575051963","0.0226767917806011"
"naive","-0.337598497282844","1.20253727140596","1.51586957365115","3.22420630311347","0.0935237406846385","0.0971254786360146","0.0721685728767572"
"cc","1.08992464483112","2.01399427121155","2.98145699878187","0.971092846724478","0.0444779260743338","0.0485644937870335","0.0327608149566161"
"ipw","1.09888236400169","2.04314527134914","2.97335706495616","0.971764758034571","0.0460507585279604","0.0508679323151031","0.0369280525913651"
"ipw-w","1.08165640975897","2.01620951588697","2.98585738483231","0.971136566534222","0.0574491979112372","0.0742559795259571","0.037999274835583"
"mle","1.07665901124112","1.98383658550364","2.98864870031346","0.961112481362071","0.0401082157332161","0.0429992744357445","0.0290449245942668"
"mle-w","1.07665901124112","1.98383658550364","2.98864870031346","0.961112481362071","0.0401082157332161","0.0429992744357445","0.0290449245942668"
