"Method","beta0.x","beta1.x","beta2.x","sigma.x","beta0.y","beta1.y","beta2.y"
"oracle","0.979746809984051","2.01837220760701","2.97641478182268","0.982381584124028","0.0310263871454762","0.0333487594920481","0.0237290706620963"
"naive","-0.208862388168872","1.31198149156012","1.50056231477065","3.03733833956957","0.0892333204199483","0.104527941541157","0.0787924774346833"
"cc","0.978728513260419","2.00372027584997","2.96077709133338","1.0069127441046","0.0449773725397552","0.0491316818569373","0.0356662000649727"
"ipw","0.971973723222541","2.01818880702286","2.97521067700918","1.00709588645712","0.0459824081231324","0.0519786052370452","0.0374392323700008"
"ipw-w","1.01718980284087","2.02843184213331","2.95149695007565","1.00801855531758","0.0547296093500846","0.0601580445049866","0.0435010708493051"
"mle","0.944765803579369","2.06240671282066","2.98415527152027","1.01608047787302","0.0405535606303914","0.0441283318185217","0.0310412708473544"
"mle-w","0.944765803579369","2.06240671282066","2.98415527152027","1.01608047787302","0.0405535606303914","0.0441283318185217","0.0310412708473544"
