"Method","beta0.x","beta1.x","beta2.x","sigma.x","beta0.y","beta1.y","beta2.y"
"oracle","0.951777898759448","1.95491251272203","2.99162060636811","1.01250234554659","0.032208926050885","0.0329481124326302","0.0234619229925855"
"naive","-0.374387548652914","1.22412371919494","1.66418504454892","3.2014896234357","0.0897293410077592","0.112444961742435","0.0740435387876096"
"cc","0.954313810729443","1.9195383295047","3.01039706078948","0.997590677564133","0.0462268638520713","0.0497481040193461","0.0326319156426456"
"ipw","0.95126647407524","1.90782245489548","2.99633652477319","0.997821222457635","0.0489440096207944","0.0610790149035614","0.0402612653744974"
"ipw-w","0.921040627262677","1.92932584309006","2.99865237753784","0.99854229318589","0.0535527962927454","0.0618004312104006","0.0400218804156837"
"mle","0.975225735788585","1.93662799286562","2.99505117581338","1.00791483762922","0.0419515126200658","0.044807587077575","0.0293661321119306"
"mle-w","0.975225735788585","1.93662799286562","2.99505117581338","1.00791483762922","0.0419515126200658","0.044807587077575","0.0293661321119306"
