"Method","beta0.x","beta1.x","beta2.x","sigma.x","beta0.y","beta1.y","beta2.y"
"oracle","0.996130482847433","2.03667345586314","3.00717786162463","0.99208006548754","0.0313819234962966","0.0336536038161355","0.0226780322268425"
"naive","-0.440164895562005","1.32359799090324","1.65989654839593","3.16826681519988","0.0877047614348342","0.113203444919614","0.0699257642234166"
"cc","0.979530580216414","2.01237004330338","2.99132792966352","0.971749721639849","0.0431836774668582","0.0481204622555232","0.0307032723222005"
"ipw","0.963783026960358","2.00473909066309","2.98916796699019","0.971905682373961","0.0447733601274484","0.0462906612837632","0.0332682570102599"
"ipw-w","1.01196825556698","2.00501852754434","2.99391343812403","0.972372083879219","0.0493317678217296","0.0564022863456345","0.0376555857482409"
"mle","0.954602548139104","2.01520509356261","2.98882700491827","0.964483215970474","0.0388363953362821","0.0438134253002852","0.0275240950165185"
"mle-w","0.954602548139104","2.01520509356261","2.98882700491827","0.964483215970474","0.0388363953362821","0.0438134253002852","0.0275240950165185"
