"Method","beta0.x","beta1.x","beta2.x","sigma.x","beta0.y","beta1.y","beta2.y"
"oracle","1.01005495107662","1.99518148219865","2.9978572359264","0.995695914614862","0.0314911050937489","0.0344085839814472","0.0234784438899982"
"naive","-0.455917866579491","1.36870500340372","1.65184258127946","3.27035326283001","0.0955826919662862","0.120937073114257","0.0807838961083444"
"cc","0.973242324305721","1.97046333750392","2.98708089731987","0.967007083387276","0.0455508796650194","0.0466409624072205","0.0324244388966153"
"ipw","0.977629708696256","1.95721781226021","2.98433397912481","0.967095106910759","0.0480467858959162","0.0520430214968191","0.0384689374859046"
"ipw-w","0.95909927555888","1.99514267361378","2.96154565880989","0.968638027058936","0.0526671707579172","0.0474312387226358","0.0389454702089469"
"mle","0.970506252980576","1.98876695680363","3.00679750196893","0.960824403920027","0.0399887766441797","0.0397541223413391","0.0308676848864278"
"mle-w","0.970506252980576","1.98876695680363","3.00679750196893","0.960824403920027","0.0399887766441797","0.0397541223413391","0.0308676848864278"
