"Method","beta0.x","beta1.x","beta2.x","sigma.x","beta0.y","beta1.y","beta2.y"
"oracle","1.00987487536336","2.02330928070749","3.03845776656095","0.963199586626513","0.0304171453713736","0.0320270813728228","0.0230972087713209"
"naive","-0.293413286669944","1.32961622946032","1.62897212838466","3.17902773524182","0.0925242276544375","0.107658483490602","0.0844443551621885"
"cc","1.023085048988","2.05790990241211","3.03940989131947","0.93393056365329","0.0419721791784997","0.041950985017535","0.032294572879299"
"ipw","1.03235749423117","2.03721851184512","3.02916232067741","0.934168936151013","0.0432057448634669","0.0454397598993288","0.036419686724688"
"ipw-w","0.968688354711754","2.0654845188594","3.04222744304999","0.935449581630753","0.0490954958246701","0.0501199576604711","0.0385769857550487"
"mle","0.986637408551895","2.03794386468857","3.05328833765287","0.927056862471336","0.0378471438647147","0.038488791989576","0.0291815156374507"
"mle-w","0.986637408551895","2.03794386468857","3.05328833765287","0.927056862471336","0.0378471438647147","0.038488791989576","0.0291815156374507"
