"Method","beta0.x","beta1.x","beta2.x","sigma.x","beta0.y","beta1.y","beta2.y"
"oracle","1.05108761562578","1.94522943022596","2.96986468953588","1.01267936478834","0.0320936987358228","0.0336842574798883","0.0245426859929479"
"naive","-0.279124507931286","1.39121589643253","1.71351144966618","3.01240766062146","0.082515110184077","0.102934917194297","0.0732904832192188"
"cc","1.05918188844553","1.98485835145197","2.99674813101049","1.01270381324171","0.0439676657507607","0.044952346438754","0.0329007236547983"
"ipw","1.06192167860884","2.01689577829891","3.00452312558672","1.0131822161359","0.0455200654384151","0.0454598013441796","0.0350135494082973"
"ipw-w","1.0825598654356","2.01244969256051","2.97942816889234","1.01398967708827","0.0544097614260664","0.0539538347511651","0.0385730243261604"
"mle","1.06222005275137","1.97130377924732","2.98148548985284","1.00754180259223","0.0397685599612003","0.0414637072704612","0.0298427956178897"
"mle-w","1.06222005275137","1.97130377924732","2.98148548985284","1.00754180259223","0.0397685599612003","0.0414637072704612","0.0298427956178897"
