"Method","beta0.x","beta1.x","beta2.x","sigma.x","beta0.y","beta1.y","beta2.y"
"oracle","0.991558168711915","1.97594373779007","2.96404970858756","1.04477868993123","0.0330633812635937","0.0350976269291351","0.0275658976800564"
"naive","-0.382142631604017","1.27052990653648","1.50266413867399","3.16619563558664","0.0918127073275274","0.117490327192481","0.0845287606514686"
"cc","0.964566128278024","2.03249368190248","2.99818399584892","1.03286379993417","0.0473672167210675","0.0491211964628778","0.0393212096569905"
"ipw","0.938933850634763","2.0366618537416","3.00199948699603","1.03316678020518","0.0518980605105512","0.0489781271872929","0.0414406948999863"
"ipw-w","1.04173810092451","2.01662314495612","2.9877557974832","1.03562841847812","0.0586635766358267","0.0635515525704017","0.0487254323845935"
"mle","0.995042219738072","1.98679409623569","2.97822273055999","1.02816017565284","0.0417069825683005","0.0437540939582015","0.0340694283477579"
"mle-w","0.995042219738072","1.98679409623569","2.97822273055999","1.02816017565284","0.0417069825683005","0.0437540939582015","0.0340694283477579"
