"Method","beta0.x","beta1.x","beta2.x","sigma.x","beta0.y","beta1.y","beta2.y"
"oracle","0.973572437465172","1.97381504846657","2.96088268899797","0.980453478919176","0.0311414582765414","0.0348723163321746","0.0242475431720971"
"naive","-0.413881583951661","1.34602602412416","1.47734557007671","3.07182467290991","0.0898422630481411","0.0974733990899843","0.0707923365159561"
"cc","0.962179562123575","1.96795125431563","2.97542459026323","0.989729715025823","0.0450010382400072","0.0537370189579675","0.0367773901521566"
"ipw","0.966285796434059","2.00181863260752","2.99504412713486","0.990354386704706","0.0470973690594044","0.0555465184794307","0.0370264295218394"
"ipw-w","0.991315588091772","1.96215779790186","2.97068199939274","0.990146086974714","0.0561194068388364","0.0685049505780747","0.0415469775501678"
"mle","0.949367605218751","1.94651888923123","2.96461351475793","0.977084599071103","0.0401782427122317","0.0464113078580971","0.0318578180866266"
"mle-w","0.949367605218751","1.94651888923123","2.96461351475793","0.977084599071103","0.0401782427122317","0.0464113078580971","0.0318578180866266"
