"Method","beta0.x","beta1.x","beta2.x","sigma.x","beta0.y","beta1.y","beta2.y"
"oracle","1.01310272986959","1.96351427011086","2.98158567842108","0.989594233288279","0.0313947803671628","0.031675087809993","0.0236782542349077"
"naive","-0.33608531036389","1.38959412150113","1.51619724384022","3.25814277374193","0.0907704920823596","0.101867508924739","0.07761876494173"
"cc","1.06663058616091","1.94182851878304","2.9495724786076","0.99344996697216","0.0443857455282037","0.0443939505172636","0.0334648771649827"
"ipw","1.06636584843159","1.92697996249909","2.95567345663215","0.993628119106252","0.047998184421228","0.049100633417628","0.0364372190954796"
"ipw-w","1.02288818987629","1.91188000519707","2.93407196833905","0.995061200882735","0.052521706843468","0.0484369600853326","0.0443239896692773"
"mle","1.03818380178282","1.91942994999799","2.96280210288865","0.985569564284959","0.0401177110979","0.0401271649883219","0.0296165038216608"
"mle-w","1.03818380178282","1.91942994999799","2.96280210288865","0.985569564284959","0.0401177110979","0.0401271649883219","0.0296165038216608"
