"Method","beta0.x","beta1.x","beta2.x","sigma.x","beta0.y","beta1.y","beta2.y"
"oracle","1.01679914183861","2.01574446910438","2.97479941679934","0.955547824826427","0.0302438934858176","0.0314956711266256","0.0220340662585652"
"naive","-0.388862310818891","1.24921016849341","1.5660575610894","3.24769979251039","0.0962695154597785","0.109676314301048","0.0821015696806802"
"cc","1.07054212906716","2.02213226361825","2.98570071844369","0.960753511076354","0.0465669441252134","0.0428301117085581","0.0334463060492861"
"ipw","1.08008309411109","2.02230239598197","2.98741133395694","0.960810671363989","0.0467163320369236","0.0447580802227052","0.035623040332368"
"ipw-w","1.0808154562285","2.01963996647663","2.97017831362959","0.960975206368607","0.0531897691345923","0.0503603499240263","0.0379475332540825"
"mle","1.03004532560594","2.01657943996008","2.99490725573264","0.963193352696635","0.0405588073097391","0.0392570707607475","0.0300581771927287"
"mle-w","1.03004532560594","2.01657943996008","2.99490725573264","0.963193352696635","0.0405588073097391","0.0392570707607475","0.0300581771927287"
