"Method","beta0.x","beta1.x","beta2.x","sigma.x","beta0.y","beta1.y","beta2.y"
"oracle","0.965207920337403","2.01848826342574","3.02105270956437","0.99385990487595","0.0314774129785448","0.0351009312066623","0.0244978470409712"
"naive","-0.465326890742079","1.45372889100998","1.75408703104174","3.10020738996709","0.0863111074561245","0.112371992275698","0.0756199457497707"
"cc","0.934047123735218","2.00471341199874","3.05886028191004","1.00852073918705","0.0442589023304969","0.0512064683252122","0.0347447712435318"
"ipw","0.945519419907257","1.99746492957551","3.05392017431394","1.00861072699065","0.0467227010006343","0.0499991132762753","0.0356984163393194"
"ipw-w","0.946714240943123","1.9595542178512","3.05282218350624","1.00943672177393","0.0526680156824172","0.060779872143568","0.0413394983446641"
"mle","0.949859608131925","2.0088068379826","3.05638479995687","1.00134238912577","0.0400296167837753","0.0459346412258516","0.0312145655346159"
"mle-w","0.949859608131925","2.0088068379826","3.05638479995687","1.00134238912577","0.0400296167837753","0.0459346412258516","0.0312145655346159"
