"Method","beta0.x","beta1.x","beta2.x","sigma.x","beta0.y","beta1.y","beta2.y"
"oracle","1.02245223872712","2.01138813563212","3.00813878380012","0.988627280536277","0.0312844737798713","0.033343442344784","0.0226942910013792"
"naive","-0.429464461269411","1.23728642191239","1.57793707889087","3.18068872619364","0.0952095479088491","0.11331157287922","0.079749660835831"
"cc","1.00580993368902","1.90057739135986","2.97067455650699","0.989375421359104","0.0471185227358489","0.0444694599111141","0.030515380071185"
"ipw","0.996851422849678","1.9056062994947","2.97036630441902","0.989431477481383","0.0490472773101193","0.0469192640682564","0.0326318616739833"
"ipw-w","0.989610273079455","1.90537088189782","2.96579831325809","0.989586992708849","0.0577890426776613","0.0500914479516367","0.0386025923928032"
"mle","0.987491309999776","1.93933063991227","2.980535890068","0.98858815818592","0.0416267290460182","0.0412234057661085","0.0276004646995021"
"mle-w","0.987491309999776","1.93933063991227","2.980535890068","0.98858815818592","0.0416267290460182","0.0412234057661085","0.0276004646995021"
