"Method","beta0.x","beta1.x","beta2.x","sigma.x","beta0.y","beta1.y","beta2.y"
"oracle","1.06920688581651","1.96605434768026","3.02901984342667","1.00039898858531","0.0316148369784611","0.0348123985073639","0.0260366605998049"
"naive","-0.286606705526335","1.21261861584517","1.57320767945145","3.15119127349281","0.0911555371129141","0.109291429670101","0.0884123752242327"
"cc","1.0432011545295","1.98151812687698","3.03110216840589","0.986186283292359","0.0457358261767248","0.050468834161819","0.0407608217849225"
"ipw","1.04996117726888","2.02271197827808","3.02349499951104","0.987216202911049","0.0480330862470747","0.055748108547851","0.0439441456466501"
"ipw-w","1.01484388822951","1.93358140786359","2.99623509152541","0.988322426001935","0.0517114545207094","0.0685013124666367","0.0523868010060095"
"mle","1.0570594504815","1.95354468265036","3.0340080776558","0.977691258922062","0.0402333695190736","0.0442673260920779","0.0344793783852392"
"mle-w","1.0570594504815","1.95354468265036","3.0340080776558","0.977691258922062","0.0402333695190736","0.0442673260920779","0.0344793783852392"
