"Method","beta0.x","beta1.x","beta2.x","sigma.x","beta0.y","beta1.y","beta2.y"
"oracle","1.01417663473437","1.95919221965388","2.99991717738496","1.06695914546202","0.0337174875445183","0.0386287705588597","0.0254093756936822"
"naive","-0.340790516791437","1.35807478981823","1.68023666307825","3.09485919834236","0.0899147111045399","0.118036424179801","0.0763040929008259"
"cc","0.994958858648198","1.97239853653143","2.99973263018449","1.04494141378211","0.0461215536095194","0.0538504862027174","0.0339330226807547"
"ipw","1.02115773954948","1.97618568914354","2.98715227333693","1.04539782522153","0.0463718601754457","0.0551384126270112","0.0345650770904503"
"ipw-w","1.04729082390742","1.9825298519856","2.9944315778762","1.04631375954951","0.0555998939006856","0.0674341679777796","0.0414753808325638"
"mle","1.00557559530668","1.9724945497155","2.99330926074248","1.05218099149944","0.0422421039498989","0.0480683300181268","0.0312608602807028"
"mle-w","1.00557559530668","1.9724945497155","2.99330926074248","1.05218099149944","0.0422421039498989","0.0480683300181268","0.0312608602807028"
