"Method","beta0.x","beta1.x","beta2.x","sigma.x","beta0.y","beta1.y","beta2.y"
"oracle","0.922531225052722","1.96707207651598","3.01469942635279","0.983893689492565","0.0311615964923785","0.033245767600301","0.0230786869304037"
"naive","-0.329994670326653","1.23477817493034","1.5677006060475","3.24494826243962","0.0919503432210614","0.106526964476248","0.0765137563273759"
"cc","0.964043710202875","1.96005563739349","2.97511439587758","0.995932402417462","0.0443846920307534","0.0423251956973164","0.0325996641087818"
"ipw","0.958502023807848","1.94282648220115","2.97681419675913","0.996123613796072","0.0466827329139522","0.0451333360752869","0.0394171067717233"
"ipw-w","0.975775773430183","1.9475400083055","2.97094687099624","0.996062960673722","0.0569547285875068","0.0522421004668215","0.0387397148721038"
"mle","0.909983565224882","1.96874233728775","2.99243590738153","0.997824748609425","0.0405514134243211","0.0398613521665227","0.0293391570911263"
"mle-w","0.909983565224882","1.96874233728775","2.99243590738153","0.997824748609425","0.0405514134243211","0.0398613521665227","0.0293391570911263"
