"Method","beta0.x","beta1.x","beta2.x","sigma.x","beta0.y","beta1.y","beta2.y"
"oracle","0.930711639257019","2.0437654077637","3.02172166546316","0.980927596567999","0.0309626031716963","0.0373116293973761","0.0243499700252247"
"naive","-0.398907120425243","1.25146668588214","1.72413812300187","3.09893061949943","0.0847874723274152","0.107750643284957","0.0786136870050908"
"cc","0.921561981100305","2.03462768509884","3.04684490486169","0.96116925863238","0.0439624869461982","0.0508934169863378","0.0342716225442272"
"ipw","0.949863177776832","2.04801466513642","3.02213494607878","0.962168631435169","0.0465238926376254","0.0585023688903705","0.0396645927046775"
"ipw-w","0.882302422972492","2.08785837911796","3.07072673489816","0.963115609175173","0.0571587746259722","0.0712803108359723","0.0477252239920537"
"mle","0.944755641297728","2.00281987389923","3.03305564520878","0.972862365772323","0.0392714780656589","0.0461697460064349","0.0300346748339445"
"mle-w","0.944755641297728","2.00281987389923","3.03305564520878","0.972862365772323","0.0392714780656589","0.0461697460064349","0.0300346748339445"
