"Method","beta0.x","beta1.x","beta2.x","sigma.x","beta0.y","beta1.y","beta2.y"
"oracle","0.99358252071056","1.99964801088333","2.98828406956743","0.969550228558599","0.0306530958115999","0.0342636540790231","0.0236026304986786"
"naive","-0.412757928046996","1.29881382888481","1.54290404560007","3.25559046935585","0.0927425792518404","0.114006062030894","0.0778159235595221"
"cc","1.04148584837199","1.9562347342873","2.98891688409567","0.970746279816745","0.0431474564232464","0.0474288120627768","0.0339218199815398"
"ipw","1.05072672721032","1.95500433071906","2.98062518299797","0.970839632721587","0.0446829406218375","0.0494767213355616","0.0371330758762559"
"ipw-w","1.05038091600842","1.99288357068817","2.9823635143584","0.971607050484184","0.0492703690400131","0.049262378836568","0.0342708547279998"
"mle","1.00106111195502","1.97903162234121","3.00442855202255","0.971612625538169","0.0393453560640854","0.0437669117441554","0.0299198545767538"
"mle-w","1.00106111195502","1.97903162234121","3.00442855202255","0.971612625538169","0.0393453560640854","0.0437669117441554","0.0299198545767538"
