"Method","beta0.x","beta1.x","beta2.x","sigma.x","beta0.y","beta1.y","beta2.y"
"oracle","1.0387215742251","2.00242613062818","2.96590445563766","0.992377487576157","0.0313910226822953","0.0322462770635744","0.0229210357978857"
"naive","-0.394738213982006","1.27815224872775","1.53874876854964","3.21894873860822","0.0946183222171875","0.11028846754226","0.0800494884732843"
"cc","0.988868563407808","2.00882079962166","2.95110016850834","0.941967413955973","0.0455918362540116","0.0471522104529985","0.0343436074415577"
"ipw","0.963090120611439","2.01565893494735","2.97846910750594","0.942849730985373","0.0497159871754025","0.0522348531591169","0.0364821913033598"
"ipw-w","1.00389739522668","2.0048016317468","2.96679097714532","0.942474024439688","0.0566626719198306","0.0507100679847296","0.0438189691868185"
"mle","0.996387526079854","2.02750354311791","2.95986284693753","0.956792768863601","0.0405089743184569","0.0426784146152659","0.0296789019124363"
"mle-w","0.996387526079854","2.02750354311791","2.95986284693753","0.956792768863601","0.0405089743184569","0.0426784146152659","0.0296789019124363"
