"Method","beta0.x","beta1.x","beta2.x","sigma.x","beta0.y","beta1.y","beta2.y"
"oracle","1.00785770616348","1.9667227508154","3.00393043464778","0.96725399424975","0.0306884951147346","0.0324149184970055","0.0231338773090566"
"naive","-0.547322946160176","1.22165867194093","1.61519029631395","3.30589675566869","0.0936569731568356","0.111888337833743","0.0797249957385949"
"cc","0.998417943890746","1.99759586298796","2.99118593732755","0.979151249361908","0.0455172517732772","0.0452527684497556","0.0350650020963461"
"ipw","0.995557485272541","1.9931351586978","3.01426115904765","0.979792168017882","0.0463188271045666","0.0482761252096541","0.0359167859170447"
"ipw-w","0.973091476068958","1.9902837991828","2.99659981270984","0.979521523754537","0.0541856487957399","0.0528304037744007","0.0418026076886698"
"mle","1.01754682748947","1.98225626380168","3.00734299109003","0.982889118957713","0.0405891507056377","0.0408629028394586","0.0303552766957517"
"mle-w","1.01754682748947","1.98225626380168","3.00734299109003","0.982889118957713","0.0405891507056377","0.0408629028394586","0.0303552766957517"
