"Method","beta0.x","beta1.x","beta2.x","sigma.x","beta0.y","beta1.y","beta2.y"
"oracle","1.00409273776897","2.02133717390324","3.04020020521474","0.985752192206697","0.0311507745318805","0.0337756704519578","0.0244212168258416"
"naive","-0.283403303342175","1.248135976592","1.49827009321053","3.19092355095543","0.0934572756424162","0.107803439679689","0.0821614066613697"
"cc","0.991405262872372","2.01395734106732","3.02985155184089","0.996988215181251","0.0470347860795255","0.0474678964311807","0.0357578472125761"
"ipw","0.969785900184424","2.01313406888791","3.03630349839762","0.997232276318893","0.051306557222815","0.0487972999087219","0.0424802602574625"
"ipw-w","0.963118331600734","2.03549165969836","3.05314928775688","0.997712295373936","0.0591267840947818","0.0536988148392607","0.0444517235225271"
"mle","1.03396836596371","1.95732594726005","3.00417308741633","0.993577207466583","0.0412856246685606","0.0427491542855437","0.0312275082704613"
"mle-w","1.03396836596371","1.95732594726005","3.00417308741633","0.993577207466583","0.0412856246685606","0.0427491542855437","0.0312275082704613"
