"Method","beta0.x","beta1.x","beta2.x","sigma.x","beta0.y","beta1.y","beta2.y"
"oracle","1.03612573928816","1.97524551017306","2.99897382492964","0.963433796288029","0.0305010725706274","0.0354118863759315","0.0216318486616785"
"naive","-0.436244621763865","1.23673273511861","1.6985435244024","3.17868206723111","0.084998735898736","0.117914677865297","0.0813670400864302"
"cc","1.03684594163932","1.9350521298734","3.01935847222276","0.956148413554832","0.0440372196190761","0.0488103859491459","0.0305546013937357"
"ipw","1.03611867881267","1.94125739873366","3.00602177122454","0.956408554568059","0.046308149977015","0.0502241408449747","0.0351293991708945"
"ipw-w","1.02968169742645","1.93961527406324","2.99496730549476","0.956955632550421","0.0504327037214131","0.0522258429214539","0.0347171715973522"
"mle","1.04578174065975","1.95224046365454","3.01307114334784","0.95975780790116","0.0393031151139821","0.0443623803248578","0.0271335196235103"
"mle-w","1.04578174065975","1.95224046365454","3.01307114334784","0.95975780790116","0.0393031151139821","0.0443623803248578","0.0271335196235103"
