"Method","beta0.x","beta1.x","beta2.x","sigma.x","beta0.y","beta1.y","beta2.y"
"oracle","0.987621267698768","1.99701200400786","3.03070378202171","1.02180097768325","0.0323137944771594","0.0341930963527416","0.0240136890820283"
"naive","-0.400677140044765","1.34726994580708","1.78910675609302","3.10557871115504","0.0878710029772227","0.106124195014513","0.0690801169219492"
"cc","1.02389822347478","1.9808471715571","2.98427467728089","1.00295182252189","0.0450514488692489","0.0477530106266875","0.0326160827735555"
"ipw","1.03476641439014","1.98229142148009","2.99152646285071","1.0030811480212","0.0467735222799719","0.0535439027446366","0.0363306076493888"
"ipw-w","1.05517594173684","2.02526899695222","2.9762540980903","1.00454299377137","0.0533283777393512","0.0582071737513261","0.035009891185919"
"mle","1.03959254860554","2.00421908166495","2.98948255389875","1.00247986669881","0.0406362568652404","0.0429843999405225","0.0292129301314981"
"mle-w","1.03959254860554","2.00421908166495","2.98948255389875","1.00247986669881","0.0406362568652404","0.0429843999405225","0.0292129301314981"
