"Method","beta0.x","beta1.x","beta2.x","sigma.x","beta0.y","beta1.y","beta2.y"
"oracle","1.01853621663811","1.95854580343364","3.00488284880862","0.97901080892046","0.0310020065097436","0.0320730831730822","0.0227149622917454"
"naive","-0.474870527600198","1.15609654638151","1.55525777692089","3.37541172593649","0.0968352014901707","0.124194778307414","0.0822062329668543"
"cc","1.01807807787104","1.95318840974652","2.99767436753958","0.959677929728868","0.0446045763073155","0.0465363079041895","0.0323750053546121"
"ipw","1.03348012782492","1.93604346842962","2.9793039155534","0.960061562508243","0.0466768046725412","0.0512518257926085","0.0345214005164521"
"ipw-w","1.04177970467185","1.90960358549656","2.99956717864308","0.961057453022606","0.05319044872071","0.0584463948270432","0.0388650137589682"
"mle","1.0026346415553","1.9688966653158","2.98825794541563","0.953404923974098","0.0398616140493677","0.0419888446306338","0.0286643032100122"
"mle-w","1.0026346415553","1.9688966653158","2.98825794541563","0.953404923974098","0.0398616140493677","0.0419888446306338","0.0286643032100122"
