"Method","beta0.x","beta1.x","beta2.x","sigma.x","beta0.y","beta1.y","beta2.y"
"oracle","0.963141198607104","1.9543596087611","3.00355015047411","1.02327831571475","0.0323790074809416","0.0342113984936954","0.0236807553033467"
"naive","-0.360627154614341","1.25198083352017","1.61562494353777","3.2101685489862","0.0894958872434388","0.102826190390179","0.076948413957518"
"cc","0.978744993095028","1.92327119029207","2.98038925310662","0.988725838896567","0.044554181706306","0.0462041580182024","0.0330275499628445"
"ipw","0.95786145866779","1.92433989662888","2.99782353958323","0.989135297588273","0.0463345749402501","0.0487001718725498","0.0352847062102562"
"ipw-w","0.940049288864889","1.89031849839721","2.95877884778837","0.990427910641124","0.0509176367885705","0.0549778927184324","0.0374575531086891"
"mle","0.952566513303648","1.94296754305113","2.99213074913354","0.993714041499015","0.0427779095218647","0.00298803287834725","0.0296729412624523"
"mle-w","0.952566513303648","1.94296754305113","2.99213074913354","0.993714041499015","0.0427779095218647","0.00298803287834725","0.0296729412624523"
