"Method","beta0.x","beta1.x","beta2.x","sigma.x","beta0.y","beta1.y","beta2.y"
"oracle","1.02793430996884","1.97482448372386","3.00358790276895","1.02124373148561","0.0322907219681462","0.0345132425052656","0.0253118990769927"
"naive","-0.380556981884954","1.34065650442273","1.65952386534474","3.11546779875739","0.0925754195083928","0.104101960930275","0.0785090460948581"
"cc","0.978213540440777","1.93993910071162","3.01823106431046","0.996984502675082","0.0473238586099861","0.050108796026944","0.0378252567942742"
"ipw","0.989794022998493","1.94905247263734","2.99469700181832","0.997638013446439","0.0487291948975323","0.0499895735560064","0.0383672437973459"
"ipw-w","0.932598966861132","2.03769300848847","3.07845702920495","1.00197269860759","0.0518504500688811","0.0611169207649148","0.0420172658301519"
"mle","0.997443722148579","1.96444217767805","3.00583707800154","1.00847069752969","0.0421014045158589","0.0451803663998314","0.033747861274104"
"mle-w","0.997443722148579","1.96444217767805","3.00583707800154","1.00847069752969","0.0421014045158589","0.0451803663998314","0.033747861274104"
