"Method","beta0.x","beta1.x","beta2.x","sigma.x","beta0.y","beta1.y","beta2.y"
"oracle","1.03770143139902","2.06227773840282","3.011780746827","1.0142896410577","0.0320262825111286","0.0336444985393968","0.0238515404511933"
"naive","-0.308499043863301","1.45835336810047","1.74813802052702","3.1378830679422","0.090538123806619","0.103574827184778","0.079439962802895"
"cc","1.08477536169626","2.07050314294372","2.95336131640937","0.995643726858304","0.0457228820624336","0.0474806877929809","0.0336090176645661"
"ipw","1.05051550622086","2.06595331687071","2.96662181485453","0.996293513572942","0.0463421201615707","0.0481024932363308","0.0345400920685728"
"ipw-w","1.03835653482126","2.11853258919785","2.97248151370939","0.99758884500767","0.0541884283797499","0.056871226975204","0.0409948482788341"
"mle","1.09303144919378","2.06779682773306","2.97909901441287","1.00872233795683","0.0246595191628835","0.0436758031079897","0.0281828640761648"
"mle-w","1.09303144919378","2.06779682773306","2.97909901441287","1.00872233795683","0.0246595191628835","0.0436758031079897","0.0281828640761648"
