"Method","beta0.x","beta1.x","beta2.x","sigma.x","beta0.y","beta1.y","beta2.y"
"oracle","0.982391243927322","1.97217302898761","2.99733498660891","0.992756528936979","0.0314651775177381","0.0351157827939856","0.0247554084244429"
"naive","-0.324955199009571","1.06094994050146","1.51424894585931","3.12556170542491","0.0898004062469611","0.105317170583667","0.0702483731147904"
"cc","0.990848316779874","1.94398923736011","2.976394933248","1.0250322242991","0.04744105097885","0.0507650063583804","0.0374198193248986"
"ipw","0.993708695240605","1.95307749642682","2.97749638996753","1.02507143992132","0.0476927402716526","0.0500972077775167","0.0357604407988186"
"ipw-w","1.00705084697814","1.89948869940386","2.96861437739315","1.02597458261432","0.0567231765733173","0.0589869422599035","0.0438600478235089"
"mle","1.00945503070111","1.95037586927015","2.98059961978065","1.02795145241512","0.0421400668828917","0.0450798029300777","0.0328611608642262"
"mle-w","1.00945503070111","1.95037586927015","2.98059961978065","1.02795145241512","0.0421400668828917","0.0450798029300777","0.0328611608642262"
