"Method","beta0.x","beta1.x","beta2.x","sigma.x","beta0.y","beta1.y","beta2.y"
"oracle","0.980273207514822","2.03400729355265","3.01156010589319","0.991524589350743","0.0312919202666622","0.035830506215582","0.0249929098172391"
"naive","-0.509559752773243","1.33263956595821","1.6057681214045","3.14485659587957","0.0900211903761282","0.110790749794246","0.0785723338119596"
"cc","0.926394647641993","2.0496027449778","3.05416444246037","1.01374496287377","0.0464866331997946","0.0537595971487502","0.0376874946839183"
"ipw","0.938692056633288","2.03442220445269","3.04786497932554","1.01389341651085","0.0478496112130119","0.0571331131162978","0.0387773393258755"
"ipw-w","0.872793607126222","2.11423853936366","3.08064088831977","1.01647982631491","0.0553682778107814","0.0676000490177686","0.0465320141311339"
"mle","0.973842397428896","1.99163993445111","3.02206121273316","1.00545695671355","0.0408735178071732","0.0476694283369971","0.0327282655865153"
"mle-w","0.973842397428896","1.99163993445111","3.02206121273316","1.00545695671355","0.0408735178071732","0.0476694283369971","0.0327282655865153"
