"Method","beta0.x","beta1.x","beta2.x","sigma.x","beta0.y","beta1.y","beta2.y"
"oracle","1.00433429661294","2.00293537149487","2.99720077663793","1.02149059930391","0.032448984614844","0.0351907844538469","0.0261748994702921"
"naive","-0.50070788614425","1.34857638921795","1.55984112278308","3.23847796254035","0.0928341541379742","0.110047289966373","0.0794896915176315"
"cc","0.962520850220591","2.00022233151249","3.0019768233511","1.01294778634246","0.046246214381402","0.0551383935076827","0.0393945671394068"
"ipw","0.962014746279611","2.01775036151312","3.00307627250762","1.01308399096862","0.0476091179500897","0.0566525263663637","0.0382416445710201"
"ipw-w","0.97901882057793","2.07124794260762","3.01719604877917","1.01515617847938","0.0557291716251673","0.0649011206627314","0.0419031010902992"
"mle","0.971708704312726","2.069272909018","3.01864308487561","1.02729098127177","0.0416679162808344","0.0483334786432031","0.0336359639747864"
"mle-w","0.971708704312726","2.069272909018","3.01864308487561","1.02729098127177","0.0416679162808344","0.0483334786432031","0.0336359639747864"
