"Method","beta0.x","beta1.x","beta2.x","sigma.x","beta0.y","beta1.y","beta2.y"
"oracle","1.05083872600816","2.03525134036209","3.0176943604488","1.00563886391376","0.0318997781361199","0.0348323182035558","0.0226789377256463"
"naive","-0.375015099032734","1.15769609818294","1.63271248032619","3.19273815166148","0.0905679703705295","0.104905127080915","0.0812394140603751"
"cc","1.01793994975736","2.06879648511514","3.03838144711533","1.03722059335907","0.0460920025113761","0.0478559496427077","0.0342185985432043"
"ipw","1.00630077991071","2.09846974966899","3.05351655934556","1.0376821778119","0.0474980601522746","0.0535488307319315","0.0341453810451477"
"ipw-w","1.0147030262754","2.06243759863991","3.08189030991502","1.03913823010582","0.0555528453962605","0.0551998492493206","0.0352733972842177"
"mle","0.997838719159693","2.07047255114851","3.04699947186928","1.03823767083624","0.0413762318265436","0.0433460847664567","0.0301246419007266"
"mle-w","0.997838719159693","2.07047255114851","3.04699947186928","1.03823767083624","0.0413762318265436","0.0433460847664567","0.0301246419007266"
