"Method","beta0.x","beta1.x","beta2.x","sigma.x","beta0.y","beta1.y","beta2.y"
"oracle","1.02177418206457","1.99624747294121","3.01593299744715","0.983607876576578","0.031096420813597","0.0353206301806782","0.023137411303453"
"naive","-0.440975516248568","1.27014561765084","1.6983259569264","3.15557607558081","0.0891318464758354","0.107614286213591","0.0735448394509365"
"cc","0.94688416990966","1.96574847337699","3.01922198432161","0.981928758508891","0.0453128299919902","0.0527394509264964","0.03437609865372"
"ipw","0.939661949026046","1.96996156322041","3.03118490503442","0.982072060488768","0.0469018124524645","0.0552922778128459","0.03759737996566"
"ipw-w","0.990615655974942","1.91453239284367","2.99071627025149","0.984009607004865","0.052808472195184","0.059351169847411","0.037076113759542"
"mle","0.970180956730027","1.98349919203462","3.00136589898087","0.986335844521585","0.040509312283022","0.0465119077651199","0.0303426818523352"
"mle-w","0.970180956730027","1.98349919203462","3.00136589898087","0.986335844521585","0.040509312283022","0.0465119077651199","0.0303426818523352"
