"Method","beta0.x","beta1.x","beta2.x","sigma.x","beta0.y","beta1.y","beta2.y"
"oracle","0.960870477799955","1.99568537461053","2.99592512280153","0.992366168470419","0.0314077355777704","0.030688936857262","0.024098849646834"
"naive","-0.41274583141144","1.53720709181351","1.66852655217015","3.08168236461058","0.0871828229193443","0.099361091128088","0.0776099114208132"
"cc","0.915534291762165","2.0010591739403","3.01154144539437","0.954234208913247","0.0422695411857397","0.0414911407454982","0.032516051673454"
"ipw","0.920024418965965","2.01722229573172","3.02476454342618","0.954478934317941","0.0441803908338222","0.0436190417492941","0.0359345257509793"
"ipw-w","0.902941051880909","2.04087934023121","3.03529269688526","0.955197452179528","0.0520136904646813","0.046305840685668","0.0445285863735012"
"mle","0.906243036071197","1.99963800350023","3.00914211258776","0.962102092704097","0.0726793108641723","0.0371814233897269","0.0303802027425858"
"mle-w","0.906243036071197","1.99963800350023","3.00914211258776","0.962102092704097","0.0726793108641723","0.0371814233897269","0.0303802027425858"
