"Method","beta0.x","beta1.x","beta2.x","sigma.x","beta0.y","beta1.y","beta2.y"
"oracle","1.01481004439911","1.96564394846283","3.01284431569399","1.01007825618133","0.0320171307209602","0.0351604868034781","0.0233640167896086"
"naive","-0.383415923360533","1.4707611929664","1.65808455022378","3.21797526511289","0.0941299996125445","0.108797803215053","0.0805243222941769"
"cc","1.01927052461242","2.00846816414473","3.03631298657088","1.02017149216411","0.0486076719723246","0.0520333752275403","0.033699410612084"
"ipw","1.02126340812015","1.96501822837456","3.04749210254986","1.02141936008735","0.0497987832657778","0.0573213610649871","0.0351980613256617"
"ipw-w","1.0435885984595","2.04849229510389","3.05958343021724","1.02155459360234","0.0592783164335498","0.0542093785646387","0.0365715192687224"
"mle","1.02862263350403","1.99695183742287","3.02041838326235","1.01514961456511","0.0426760418884604","0.0461348936613659","0.0291122911780795"
"mle-w","1.02862263350403","1.99695183742287","3.02041838326235","1.01514961456511","0.0426760418884604","0.0461348936613659","0.0291122911780795"
