"Method","beta0.x","beta1.x","beta2.x","sigma.x","beta0.y","beta1.y","beta2.y"
"oracle","1.01975677562251","1.97539495767215","2.99336866350929","1.01142863448142","0.0321281813554805","0.0329376727796028","0.0250470441701409"
"naive","-0.41269441215547","1.24829435210027","1.60252342502474","3.06489938658182","0.0861423025278447","0.103592337369672","0.0721627054013129"
"cc","1.03801167391186","1.99855017520209","3.03530341715903","1.00503392218774","0.0450027613244669","0.0476265275919755","0.0346410535798235"
"ipw","1.04197729342506","2.02945294307888","3.0473337341613","1.00550383717478","0.0463781175402722","0.0488401633402633","0.0328911797552235"
"ipw-w","0.967696473500376","1.97323352282745","3.01161387664587","1.00843845691192","0.0608641373958651","0.0711492776999581","0.0492719422788208"
"mle","1.0530324075639","1.95367447894755","3.00059707215073","0.994763161303661","0.0406107890240947","0.0417675905186854","0.030782198049039"
"mle-w","1.0530324075639","1.95367447894755","3.00059707215073","0.994763161303661","0.0406107890240947","0.0417675905186854","0.030782198049039"
