"Method","beta0.x","beta1.x","beta2.x","sigma.x","beta0.y","beta1.y","beta2.y"
"oracle","1.00100047308492","1.99951616496179","3.01613573901519","0.989724870090346","0.0312699647291792","0.034065094948103","0.0241787190933938"
"naive","-0.283684823221688","1.42832761903257","1.76103609803943","3.12480565001984","0.0861358008407814","0.105567810983184","0.0824213372250794"
"cc","0.959433631555335","1.97984540878535","3.02244528914291","1.00772665855929","0.0453891284846709","0.0453676856174112","0.0360137598064892"
"ipw","0.975926163153309","1.97054632018282","3.01838846695945","1.0078812750795","0.0489088134896506","0.0510093528056056","0.0396068675942576"
"ipw-w","0.967351505613205","1.98410752494834","3.00905391657625","1.00793650892142","0.0545282904460452","0.0565922852428543","0.0456096212738247"
"mle","0.993761567052897","1.98058324034701","2.99973426652266","1.0167713661518","0.0409957578059886","0.0429846810656915","0.0316386582749933"
"mle-w","0.993761567052897","1.98058324034701","2.99973426652266","1.0167713661518","0.0409957578059886","0.0429846810656915","0.0316386582749933"
