"Method","beta0.x","beta1.x","beta2.x","sigma.x","beta0.y","beta1.y","beta2.y"
"oracle","1.01218582197624","2.01712050222223","2.99167674627516","1.01093011066993","0.0320007826553995","0.0341076118576912","0.0246900947194606"
"naive","-0.241021741963606","1.32722417900568","1.56535979331999","3.04341811890334","0.0902705258213944","0.101591989901637","0.0702562787682206"
"cc","1.03834274101181","1.96953995537284","2.98650461606621","0.966482439517318","0.0435204720498515","0.047310655121656","0.035352799757782"
"ipw","1.04198079577577","1.96376366659062","2.9867623792163","0.96650851831898","0.0450625141448338","0.0462469437637923","0.0357856197330205"
"ipw-w","0.998042154019571","1.95279450137301","2.99937062237805","0.967587336714104","0.0544581818117423","0.0581756856844837","0.044378853662947"
"mle","1.04396725768762","2.01012416337451","2.98617049816381","0.997528587069857","0.0402225307742926","0.0437030323381163","0.0308712912178465"
"mle-w","1.04396725768762","2.01012416337451","2.98617049816381","0.997528587069857","0.0402225307742926","0.0437030323381163","0.0308712912178465"
