"Method","beta0.x","beta1.x","beta2.x","sigma.x","beta0.y","beta1.y","beta2.y"
"oracle","0.982394566420616","1.9907548501684","2.97824991485583","1.01285457546207","0.0320171320455846","0.0347806783627079","0.0250582877856035"
"naive","-0.392281333683109","1.3772090902187","1.60437465297232","3.20207782635664","0.0932122416512195","0.111901775613197","0.0824557607793981"
"cc","1.03117777151502","1.97826614518612","2.94135784709206","1.04791466084411","0.0487632865848938","0.0515981631614552","0.041027600035446"
"ipw","1.01169699141281","1.99033486548403","2.9379949590016","1.04820803024617","0.0484846926708447","0.0498867196908383","0.0388323255834965"
"ipw-w","1.0296438405734","1.98105181683411","2.95680540700474","1.04811349836578","0.0640399522144939","0.0580572365672334","0.0514130039447578"
"mle","1.0247375245352","1.98397348686123","2.94501780909795","1.03663440722319","0.042685138538422","0.0459396207668906","0.0344686433848374"
"mle-w","1.0247375245352","1.98397348686123","2.94501780909795","1.03663440722319","0.042685138538422","0.0459396207668906","0.0344686433848374"
