"Method","beta0.x","beta1.x","beta2.x","sigma.x","beta0.y","beta1.y","beta2.y"
"oracle","0.956153738978638","1.95996007059545","2.99451473904924","1.00251396274378","0.0317875505030645","0.0341169192692023","0.0236293091537065"
"naive","-0.556052135002373","1.25490712367856","1.71751017906084","3.09352729646478","0.0863975816383555","0.111617305276452","0.0706571240245911"
"cc","0.940501563109555","1.93374269768572","2.9508516875148","0.986820579370118","0.0449840924449828","0.0495990078689424","0.033016032716732"
"ipw","0.937255448147498","1.96099520272636","2.94696026570752","0.987231072621532","0.0471882653733888","0.0531931662853551","0.0335645975480066"
"ipw-w","0.924590794250739","1.93734818380703","2.98409593930099","0.988035703568046","0.0519351625756164","0.0564200776635681","0.0415660694510238"
"mle","0.924568230613208","1.92491875833637","2.97379219525085","1.01801830960788","0.0415433248336376","0.0457889290253953","0.0294297204748732"
"mle-w","0.924568230613208","1.92491875833637","2.97379219525085","1.01801830960788","0.0415433248336376","0.0457889290253953","0.0294297204748732"
