"Method","beta0.x","beta1.x","beta2.x","sigma.x","beta0.y","beta1.y","beta2.y"
"oracle","0.988073857704301","2.0385969279301","2.99635845058595","0.962119554638063","0.0304840909307232","0.0331340577098413","0.0229934237719982"
"naive","-0.368480558867076","1.39979388362505","1.61596940295508","3.10346718739031","0.0873527593880925","0.0989808670653209","0.0686150712205578"
"cc","1.02038246308653","1.98323592197873","2.98929897295103","0.967653357745132","0.0458343719839418","0.0438147660728579","0.0340709330732884"
"ipw","1.02118944320273","2.01254599212409","3.01368174008393","0.968405018780932","0.0466178743465118","0.0464974402776193","0.036803907658513"
"ipw-w","1.05269653716911","1.99912460453935","3.03051879019914","0.970187604207079","0.0549897592145148","0.0522041875452735","0.0415242633611947"
"mle","1.03229435955029","1.96403859162467","2.97053017476153","0.968211367125964","0.0415558520023914","0.0424782060403031","0.0408073213272382"
"mle-w","1.03229435955029","1.96403859162467","2.97053017476153","0.968211367125964","0.0415558520023914","0.0424782060403031","0.0408073213272382"
