"Method","beta0.x","beta1.x","beta2.x","sigma.x","beta0.y","beta1.y","beta2.y"
"oracle","1.00659859519611","2.02359427023508","2.95831591606113","1.01102568536821","0.031963493319241","0.0352270897318281","0.0239168503798181"
"naive","-0.341773604802288","1.35844214163733","1.57780496463192","3.102701069486","0.0895662445942052","0.112752578619389","0.0772302445633389"
"cc","0.981906959477061","2.0566732170241","2.97321962752361","1.0156405126417","0.0469944343477699","0.053200429784237","0.0354494200827008"
"ipw","0.983862834738474","2.05897783679232","3.00732852061855","1.01677485219292","0.0510913947830692","0.0587372720026445","0.0484827290454503"
"ipw-w","0.937604446563965","2.10550435669203","2.9599613487836","1.01814853502095","0.0565175188023214","0.0654934635475793","0.0396702197052356"
"mle","0.964708460852868","2.06454845104769","2.98138161216184","1.01615434940445","0.0416912242325919","0.0473208931083727","0.030681296174334"
"mle-w","0.964708460852868","2.06454845104769","2.98138161216184","1.01615434940445","0.0416912242325919","0.0473208931083727","0.030681296174334"
