"Method","beta0.x","beta1.x","beta2.x","sigma.x","beta0.y","beta1.y","beta2.y"
"oracle","0.982040854247956","1.98968820390281","2.97051156538707","0.954287418084279","0.0301288063042218","0.0332120354623906","0.0228983935432661"
"naive","-0.256995956072605","1.35188625461198","1.5878640020729","3.17703982406627","0.0889131912031584","0.105832292551845","0.0768827589482717"
"cc","0.978227446268404","1.96135468038058","3.00749082988559","0.984003197156211","0.0456456671947211","0.0496504596923659","0.0337856289499774"
"ipw","0.977411768543374","1.94772495450783","3.01037260233666","0.984129310240961","0.0472078784352016","0.0487892330213607","0.0347013403645007"
"ipw-w","0.976866902660588","1.91992488258802","2.96639949345881","0.985895051147066","0.0558252589777838","0.075724146325193","0.0439704056421878"
"mle","1.00490791414704","1.95903128823109","2.98399587713079","0.994403319580155","0.0407403456552655","0.0445573474174648","0.0293900358383736"
"mle-w","1.00490791414704","1.95903128823109","2.98399587713079","0.994403319580155","0.0407403456552655","0.0445573474174648","0.0293900358383736"
