"Method","beta0.x","beta1.x","beta2.x","sigma.x","beta0.y","beta1.y","beta2.y"
"oracle","0.973379455990868","2.0321660476184","3.03752246017014","1.03788495838405","0.0327886706411974","0.0345582812419514","0.026438049878405"
"naive","-0.39613610609668","1.37293497959787","1.74199356489887","3.11450065964598","0.0912658551305638","0.0987911228284675","0.0743630477817922"
"cc","0.987490962915758","2.0444446437445","3.05214305648395","1.03354355281603","0.0478079695132117","0.0466496274965986","0.0386366307620947"
"ipw","0.97995583429675","2.03735064902193","3.0514135340777","1.03359572687624","0.0501530030317961","0.0503793401129811","0.0418409200902382"
"ipw-w","0.98307282993355","2.06073569143546","3.05326023928828","1.03367194796968","0.0662403028936947","0.06768856392136","0.0549095187535315"
"mle","0.962158678577037","2.03728400235321","3.05360321833767","1.02956692297306","0.0421108907690057","0.0427161468446314","0.0344240203824803"
"mle-w","0.962158678577037","2.03728400235321","3.05360321833767","1.02956692297306","0.0421108907690057","0.0427161468446314","0.0344240203824803"
