"Method","beta0.x","beta1.x","beta2.x","sigma.x","beta0.y","beta1.y","beta2.y"
"oracle","1.01476313916139","2.01175210369268","3.01966537101691","1.00019300211842","0.0318125319762716","0.0333102396649945","0.0237373034203412"
"naive","-0.474401255403543","1.22948631806665","1.68321733382751","3.26555614793278","0.0941756229106144","0.115100686875089","0.0814305138533917"
"cc","1.02370567152757","2.02486214812645","3.00539392292153","1.00983070435927","0.0484068349719485","0.0493772204664918","0.0336253491401165"
"ipw","1.03049079796941","2.04313269983936","2.98851863006839","1.010449091191","0.04894441309063","0.0529710734465694","0.0392359534328106"
"ipw-w","0.958983872241053","1.9786189510312","2.97357309668755","1.01361021954819","0.0583649067053783","0.0636353490928461","0.0376157227319506"
"mle","1.04216391641054","2.02105902867998","2.99536599463903","0.994818477974026","0.0421983894042396","0.0444349745603904","0.0299222011401534"
"mle-w","1.04216391641054","2.02105902867998","2.99536599463903","0.994818477974026","0.0421983894042396","0.0444349745603904","0.0299222011401534"
