"Method","beta0.x","beta1.x","beta2.x","sigma.x","beta0.y","beta1.y","beta2.y"
"oracle","1.0076903143678","2.00523023493982","3.01615498362274","0.979943818575956","0.0310194090122565","0.0314753251141892","0.0237618814406007"
"naive","-0.205016969226119","1.35084934682673","1.66220839687236","3.11255158103608","0.0900539186957884","0.104240511828511","0.0834485302310414"
"cc","1.01762236923308","2.00962034893417","3.02118000081722","1.00079946157538","0.0444259221099877","0.0462006810739477","0.0345184826625806"
"ipw","1.01419109266137","2.00452309125261","3.00696128070206","1.00099843586871","0.045821921715267","0.0484600676737556","0.0352592254413425"
"ipw-w","1.02187798060534","1.96586731185524","3.01229400944246","1.00159050900771","0.0528081896245489","0.0577112282727091","0.0418849769296183"
"mle","1.01876782830865","2.0114151105615","3.02445973532724","0.988023821077828","0.0398221357081392","0.0413005958757421","0.0302720245204513"
"mle-w","1.01876782830865","2.0114151105615","3.02445973532724","0.988023821077828","0.0398221357081392","0.0413005958757421","0.0302720245204513"
