"Method","beta0.x","beta1.x","beta2.x","sigma.x","beta0.y","beta1.y","beta2.y"
"oracle","1.0010538548209","2.0127807977333","2.9538312687074","1.00747456404756","0.0318266105446513","0.0354937192060649","0.0237942887322285"
"naive","-0.331249148958137","1.40205147832756","1.57096910747445","3.14443253953905","0.0926216456918169","0.116830954605863","0.077711358937447"
"cc","1.00387229558726","2.02456098052244","2.98491330540183","1.03191410808482","0.0472926003171037","0.0546443450316651","0.0386747528913717"
"ipw","1.00470332283565","2.00317739912301","2.97028764035909","1.03217972005305","0.0506391054377924","0.0603019190533205","0.0431709608160489"
"ipw-w","0.96379801478897","2.055255978591","2.97018555746069","1.03348665230205","0.0592947391987894","0.0692976966279979","0.0529540660586858"
"mle","0.987497498975605","1.99310602287552","3.00127940140329","1.03798695199012","0.0421646348596533","0.0485803594205443","0.0330373968324168"
"mle-w","0.987497498975605","1.99310602287552","3.00127940140329","1.03798695199012","0.0421646348596533","0.0485803594205443","0.0330373968324168"
