"Method","beta0.x","beta1.x","beta2.x","sigma.x","beta0.y","beta1.y","beta2.y"
"oracle","1.01884922270072","1.96443942111394","3.01125582438383","0.977916112253616","0.0308517495141551","0.0347095629527724","0.0232752681001403"
"naive","-0.37994981083448","1.35978183774505","1.67595633547617","3.10513004772197","0.0886183452539725","0.106674871163386","0.0808811622280746"
"cc","1.05296167235156","1.96471048579177","2.995965898646","0.930322094180663","0.0423535453557636","0.0503377470723265","0.0332727964641796"
"ipw","1.05067412790286","1.93370648574179","2.97199807816547","0.931107573356034","0.042791372141517","0.0566519731034189","0.0353796615699707"
"ipw-w","1.06109930122208","1.9387252915271","2.97819947294108","0.930776479644843","0.047596339313125","0.0614877214864802","0.0325840313428106"
"mle","1.08525729805137","1.95057650009383","2.98030095507777","0.932030494446076","0.0378109369214302","0.0438224009335654","0.028103560392476"
"mle-w","1.08525729805137","1.95057650009383","2.98030095507777","0.932030494446076","0.0378109369214302","0.0438224009335654","0.028103560392476"
