"Method","beta0.x","beta1.x","beta2.x","sigma.x","beta0.y","beta1.y","beta2.y"
"oracle","1.00060588961194","2.03250764127916","3.03600273969893","0.972641954229068","0.0307693148752812","0.032875769698153","0.0232497703092332"
"naive","-0.320096346094819","1.30821467562952","1.65452401214122","3.13050674463839","0.0893892424728838","0.109640357332145","0.0770088090371859"
"cc","0.971772473039114","2.00832993013105","3.05850294884837","0.973401421718066","0.0455020179252583","0.0459360051831958","0.0332853960824791"
"ipw","0.980329598826152","2.01230539401244","3.0585140495195","0.973446039089962","0.0480299462886932","0.0507370781009225","0.0357516552487759"
"ipw-w","0.986613284226456","2.05336642436424","3.08578702191083","0.974745554525918","0.0608268242899643","0.0627161043417524","0.0483926292660824"
"mle","0.991245463183746","2.03499102143994","3.04417144347407","0.974437939806818","0.0405119805680329","0.042074508857593","0.0302908333655403"
"mle-w","0.991245463183746","2.03499102143994","3.04417144347407","0.974437939806818","0.0405119805680329","0.042074508857593","0.0302908333655403"
