"Method","beta0.x","beta1.x","beta2.x","sigma.x","beta0.y","beta1.y","beta2.y"
"oracle","0.970322300420664","2.0007740504302","3.0346643970634","0.995806972483497","0.0316034408139631","0.0331468192305298","0.024566190322176"
"naive","-0.519109070446246","1.35931842447695","1.62399622812146","3.27242277562754","0.091495931044294","0.106737837992043","0.077129015478367"
"cc","0.919616920478202","1.96388260776962","3.0549719461141","0.987038818992924","0.0452087911530101","0.0437122928987382","0.0337925936918859"
"ipw","0.907123221170263","1.94253934519077","3.04797338233245","0.987325198491359","0.0473224097718155","0.0447819446375567","0.0375202700322722"
"ipw-w","0.91295655053054","1.94799528651682","3.07606570917463","0.987775041499298","0.0556634599317775","0.0579183056508898","0.0404825253194998"
"mle","0.957747870494389","2.01732772456444","3.0328390089083","0.989210298861548","0.0406197505846641","0.0406053818396624","0.0302792889159188"
"mle-w","0.957747870494389","2.01732772456444","3.0328390089083","0.989210298861548","0.0406197505846641","0.0406053818396624","0.0302792889159188"
