"Method","beta0.x","beta1.x","beta2.x","sigma.x","beta0.y","beta1.y","beta2.y"
"oracle","0.944217595228743","1.98058642837572","2.98230164680867","1.00169672798103","0.0316806254293305","0.0310049139984192","0.0234717016368592"
"naive","-0.548856089856032","1.2037177221113","1.71286541481867","3.13626969388213","0.0931106539572778","0.0945787828729022","0.0705163523410604"
"cc","0.891156179624662","1.97112483967745","3.00542668747401","0.992428732910744","0.0444841583135263","0.0440692154459957","0.0364226970763611"
"ipw","0.888351416215368","2.00877783063638","3.01832891221556","0.993080622958915","0.047440743719152","0.0508012725626894","0.0374701129301859"
"ipw-w","0.902577760625805","2.00001218185412","3.01730748618417","0.992913318533266","0.0481937073875869","0.049461154777","0.036447922325278"
"mle","0.919964307041163","1.98477334258309","3.01541619590237","1.00089992233173","0.0408427839364688","0.0436763444132175","0.0343372272000708"
"mle-w","0.919964307041163","1.98477334258309","3.01541619590237","1.00089992233173","0.0408427839364688","0.0436763444132175","0.0343372272000708"
