"Method","beta0.x","beta1.x","beta2.x","sigma.x","beta0.y","beta1.y","beta2.y"
"oracle","0.949994990065774","1.97805673472413","2.95981954108182","0.974875343386637","0.0308232585305445","0.0325677825507783","0.0232925051061595"
"naive","-0.370811657890051","1.34332019713419","1.57374608777024","3.0529328438083","0.0933956134342354","0.103404605982679","0.0760619668409094"
"cc","0.897762388127537","2.04432677162482","3.03833202787265","0.993556702652068","0.045271665806047","0.0451150804594684","0.0332979032420236"
"ipw","0.895412984710753","2.0568295300777","3.05471184858222","0.993777329760015","0.0463775764764965","0.0470860698222927","0.0333383862804223"
"ipw-w","0.893370379010364","2.07686500107914","3.06335482344102","0.994251261141587","0.0567993366538324","0.0545718288028156","0.0378192169242765"
"mle","0.910372156989616","2.00246913210411","3.00813902847223","0.992804428307256","0.0407499088254561","0.0417988439464462","0.0315170213429306"
"mle-w","0.910372156989616","2.00246913210411","3.00813902847223","0.992804428307256","0.0407499088254561","0.0417988439464462","0.0315170213429306"
