"Method","beta0.x","beta1.x","beta2.x","sigma.x","beta0.y","beta1.y","beta2.y"
"oracle","1.0161988613624","1.97155382086608","2.99339495319282","0.996166026016848","0.0315278245710327","0.0330114446350622","0.0238434815136904"
"naive","-0.406822980642408","1.37014841414211","1.69955678407743","3.13570423119167","0.0894904525442596","0.105404143815606","0.0815123471901449"
"cc","0.992782765447095","2.02406377565531","3.06548644680961","1.00123218853901","0.0445082652106665","0.0478252135520967","0.0327383702583878"
"ipw","0.982371108696011","2.01365895644159","3.06404603087046","1.00133695101421","0.0459596418935355","0.048325576388616","0.0319638052292938"
"ipw-w","0.977494782646714","2.00860688158376","3.04558197657201","1.00181835518284","0.0490555838186756","0.0481473369604761","0.0354605841694452"
"mle","0.988643575567762","1.99735215340513","3.04915937590689","0.991076385777514","0.0403538379205649","0.0429080074967324","0.0300960437039172"
"mle-w","0.988643575567762","1.99735215340513","3.04915937590689","0.991076385777514","0.0403538379205649","0.0429080074967324","0.0300960437039172"
