"Method","beta0.x","beta1.x","beta2.x","sigma.x","beta0.y","beta1.y","beta2.y"
"oracle","0.97188141100608","1.98295752028307","2.96919959717636","1.00881844617676","0.0319387800708526","0.0346964976592906","0.0254006580076888"
"naive","-0.418999191881521","1.09207746801226","1.42360150553611","3.25141306014779","0.099251062944689","0.11545690782251","0.0835050762408561"
"cc","0.987266859568661","1.99463385200821","2.95488049263523","0.97410219932943","0.0467018854922066","0.0508252764167488","0.0357669355782975"
"ipw","0.99845423603926","1.96063142879794","2.95055890959518","0.974643062080621","0.0472349763131911","0.0524130290976015","0.0376239756410139"
"ipw-w","0.990319799019684","1.95895607370652","2.93606982583084","0.974730640965368","0.0587522884739414","0.0583119069966198","0.0438694956436215"
"mle","0.947836735456317","1.96480470278028","2.98883538923283","1.00145433321196","0.0419772548930119","0.048450760733271","0.0321170043769695"
"mle-w","0.947836735456317","1.96480470278028","2.98883538923283","1.00145433321196","0.0419772548930119","0.048450760733271","0.0321170043769695"
