"Method","beta0.x","beta1.x","beta2.x","sigma.x","beta0.y","beta1.y","beta2.y"
"oracle","0.99862215377022","2.03899715333563","2.96231825832016","1.01005424178344","0.0319019345657695","0.036516036737636","0.0239093763853489"
"naive","-0.407866428531614","1.32806143339597","1.44326842733259","3.27290177350386","0.0950290849167822","0.104884815262444","0.0733766667750065"
"cc","0.998130256907863","1.99729078546706","2.94349187333962","1.00446854732902","0.0491697218840632","0.0509083352175507","0.0390313638215347"
"ipw","0.990496222301271","1.99118811250151","2.95119767667898","1.00457525422478","0.0515013476791771","0.0564746583530975","0.0444663199902783"
"ipw-w","0.983181249729169","2.01156589166403","2.95552881441761","1.0046652407427","0.0578136026722936","0.0514838553533183","0.0403158800646455"
"mle","1.01745052532798","2.03828332032528","2.96745412503014","1.01509516102739","0.0422097960593631","0.0460968144666227","0.0323414279357955"
"mle-w","1.01745052532798","2.03828332032528","2.96745412503014","1.01509516102739","0.0422097960593631","0.0460968144666227","0.0323414279357955"
