"Method","beta0.x","beta1.x","beta2.x","sigma.x","beta0.y","beta1.y","beta2.y"
"oracle","1.02229295533658","2.00390020615687","2.99841513616677","0.982016021749152","0.0311225476792042","0.0345187441371405","0.0239214954091597"
"naive","-0.307820394952386","1.18797905325053","1.60087284370459","3.08613646619708","0.0901564697026284","0.104713358974921","0.0816989756878897"
"cc","1.04508601284513","2.00267203308014","3.03699435101141","0.975681687199763","0.0445022098594943","0.0446116993313261","0.0322576501198025"
"ipw","1.05012484683449","1.99792408160206","3.05557439877594","0.976154372161843","0.0457286207622153","0.0491629935915835","0.0321346339872579"
"ipw-w","1.00886832758136","2.00631049167817","3.03583696091534","0.976376310815854","0.0514514174771033","0.0459203222728765","0.0350534582100792"
"mle","1.04579445464224","1.98404169323088","3.00939440009304","0.963775043091846","0.0399871051064234","0.0413040864909329","0.0297554158579503"
"mle-w","1.04579445464224","1.98404169323088","3.00939440009304","0.963775043091846","0.0399871051064234","0.0413040864909329","0.0297554158579503"
