"Method","beta0.x","beta1.x","beta2.x","sigma.x","beta0.y","beta1.y","beta2.y"
"oracle","0.975832006129181","2.00883360457323","2.99465556944094","1.01044776727728","0.031991686446935","0.0326434657471357","0.024396324128912"
"naive","-0.473233057089259","1.36196454317103","1.69086645068457","3.1205322249757","0.0916451963815111","0.109728694239633","0.0730615255832527"
"cc","0.99518109293211","2.02751803592169","2.99758330853212","0.998795508601032","0.044422024865048","0.0424660996537019","0.0341279589955158"
"ipw","0.993807563229757","2.03817231205927","2.99048598520756","0.998940555721232","0.0449127041513104","0.0454452389579247","0.0322218255095173"
"ipw-w","1.01500548594016","2.03122243366897","2.99819254839764","0.999004396172373","0.0546335052385063","0.0585643842551519","0.0409553704383104"
"mle","0.97053722484815","2.01235442233352","3.01776588996321","0.998568135887516","0.0404456955720154","0.0420548242880493","0.0321510299635169"
"mle-w","0.97053722484815","2.01235442233352","3.01776588996321","0.998568135887516","0.0404456955720154","0.0420548242880493","0.0321510299635169"
