"Method","beta0.x","beta1.x","beta2.x","sigma.x","beta0.y","beta1.y","beta2.y"
"oracle","1.02244157459481","2.02008804043909","3.00508693749778","1.01166830707493","0.0319971490927273","0.034469776152494","0.0231105207112351"
"naive","-0.399247916861199","1.16282427459788","1.55154810988291","3.25722802663329","0.0949432281671598","0.104157698381287","0.0760416921771957"
"cc","1.06866996266441","2.04721780015824","2.99761282431319","1.03651293441297","0.0462690905787721","0.0491220463313824","0.0344227838097395"
"ipw","1.06274181344054","2.05553689435031","2.99390219719988","1.03659851868843","0.0510647078728802","0.0579542857881218","0.0418870812416933"
"ipw-w","1.02039949145106","2.07103888020984","3.01342271299612","1.03781503352385","0.0559273810139611","0.0564457002006501","0.0391208329208257"
"mle","1.02758036014091","2.03655718555279","3.00920711502535","1.03136856124742","0.0417815345249653","0.0442995156983913","0.030381479103403"
"mle-w","1.02758036014091","2.03655718555279","3.00920711502535","1.03136856124742","0.0417815345249653","0.0442995156983913","0.030381479103403"
