"Method","beta0.x","beta1.x","beta2.x","sigma.x","beta0.y","beta1.y","beta2.y"
"oracle","0.944236734708921","2.00682009044078","3.03095084323429","1.00653925101687","0.0318314124472219","0.0361830079841756","0.024217260511262"
"naive","-0.383307236430476","1.29568114460752","1.65485172421428","3.10261275742766","0.0948715556983068","0.103969846236048","0.0703154183536362"
"cc","0.938495309348663","1.9890834651607","3.01263149466629","1.03449532137024","0.0465674846723374","0.0503689298389779","0.0372365673789108"
"ipw","0.971413161570671","1.96352353262545","3.01140180873964","1.03530599889034","0.0491223179150942","0.0521328553106323","0.0393993044792441"
"ipw-w","0.897421049605557","1.99645238784304","3.05526340566785","1.0363537226278","0.0560500943470064","0.0594400661782251","0.0428644456242245"
"mle","0.920982461002271","1.99493776542754","3.03132772215143","1.0343699499242","0.0419779542948607","0.0457504882092849","0.032914998060798"
"mle-w","0.920982461002271","1.99493776542754","3.03132772215143","1.0343699499242","0.0419779542948607","0.0457504882092849","0.032914998060798"
