"Method","beta0.x","beta1.x","beta2.x","sigma.x","beta0.y","beta1.y","beta2.y"
"oracle","0.987370183597174","2.08961648878585","3.03882891402452","0.98971733758364","0.0313334231243302","0.0335399102742932","0.0229174971666135"
"naive","-0.411172227873887","1.42472740213864","1.67682337621206","3.21846603256652","0.0938884463017408","0.109696284334564","0.0750313147485709"
"cc","0.978904624783703","2.08299739652228","3.0074727337726","0.938764127988266","0.043440993821019","0.0430366488654032","0.0303072530488168"
"ipw","0.965907868367862","2.10548185557807","3.03335679205971","0.93945167475849","0.0465209277033539","0.0450465720786032","0.0339481642932677"
"ipw-w","0.975287821561529","2.10101209508185","3.02036234034405","0.938989988969048","0.048791125097556","0.0496334831839004","0.0368362904451502"
"mle","0.988066207460417","2.07165577710311","3.0102803989274","0.942430920921686","0.0393551811960509","0.0419161555967307","0.0281086871778708"
"mle-w","0.988066207460417","2.07165577710311","3.0102803989274","0.942430920921686","0.0393551811960509","0.0419161555967307","0.0281086871778708"
