"Method","beta0.x","beta1.x","beta2.x","sigma.x","beta0.y","beta1.y","beta2.y"
"oracle","0.998454334961347","1.97697076966813","3.01732557824556","1.01443582757081","0.0323240123941264","0.0340004194539385","0.0243654571415559"
"naive","-0.55122104752956","1.24099575616525","1.54002527914629","3.08303307673462","0.0900363800095072","0.0975535186589667","0.0746786936663851"
"cc","0.975880944808106","2.04887093817117","3.0463969069946","0.99901561655103","0.0462299721199237","0.0492435948686124","0.0358009323501834"
"ipw","0.965844405536775","2.00212154456125","3.06051544047703","1.00067533864687","0.0488481557717041","0.0525695125352702","0.0418311769231343"
"ipw-w","0.979969604517354","2.0544535465646","3.06301267697375","0.999253224668608","0.0591381320532644","0.0629005312221596","0.042265983127855"
"mle","0.987426651261513","1.96981142054012","3.02380717121797","0.994437699811247","0.0411297000389929","0.0446533239681554","0.0320969267852307"
"mle-w","0.987426651261513","1.96981142054012","3.02380717121797","0.994437699811247","0.0411297000389929","0.0446533239681554","0.0320969267852307"
