"Method","beta0.x","beta1.x","beta2.x","sigma.x","beta0.y","beta1.y","beta2.y"
"oracle","1.02326044620359","1.97678180636775","2.99965746472263","0.997436701826496","0.0314915027579685","0.0336622538784001","0.0242861017871907"
"naive","-0.402893933581972","1.24573280476042","1.61815263723446","3.15806594109841","0.085997078862025","0.100925874589057","0.0806891116978897"
"cc","0.981047680999262","2.01764704020161","3.0445457385941","0.950647094622572","0.0436088834408132","0.0439635942283907","0.0326864913682189"
"ipw","0.975660988770043","1.98034776796748","3.04046514206285","0.951370518151167","0.0449752391831697","0.0441460243702149","0.0307764537060699"
"ipw-w","1.01572444768561","1.97242454301091","3.0818577135155","0.955158430431523","0.0500289963831084","0.0534869977112342","0.0357954886609602"
"mle","1.01425532304549","1.99140352393197","3.03074614213838","0.967337039692994","0.0397094786337951","0.0422991426605845","0.030784333992512"
"mle-w","1.01425532304549","1.99140352393197","3.03074614213838","0.967337039692994","0.0397094786337951","0.0422991426605845","0.030784333992512"
