"Method","beta0.x","beta1.x","beta2.x","sigma.x","beta0.y","beta1.y","beta2.y"
"oracle","0.981376045895812","2.01544586380753","3.00240495830695","0.958192792764809","0.0303395514314468","0.0313629772700426","0.0230094754482583"
"naive","-0.385996717542165","1.59362693579627","1.49627265472703","3.1926506834301","0.095099948669052","0.111803356716337","0.0811047252627807"
"cc","1.0056166941907","1.93692498830526","3.00702720068101","0.898255556589544","0.0438979612262408","0.046796412150184","0.0321046844693494"
"ipw","1.03140473054165","1.90960009297153","2.99551201602029","0.898824799284929","0.0460888937887069","0.0536027944723625","0.0349704610559236"
"ipw-w","0.956223829197828","1.96793932909968","2.96902982997633","0.902680186270072","0.0526839042765185","0.0555900432290071","0.0402375803017501"
"mle","1.01879812572619","1.96810773938738","3.01267472240263","0.904488109956987","0.0390605197169521","0.0444454663880026","0.0312462693041218"
"mle-w","1.01879812572619","1.96810773938738","3.01267472240263","0.904488109956987","0.0390605197169521","0.0444454663880026","0.0312462693041218"
