"Method","beta0.x","beta1.x","beta2.x","sigma.x","beta0.y","beta1.y","beta2.y"
"oracle","1.01311267722031","2.00386944379555","3.02038896412673","1.03372351033757","0.0326691652914465","0.0355887534183405","0.0256577804127428"
"naive","-0.359817215562616","1.15900799593121","1.53698286531331","3.14662792871372","0.092332926016082","0.111421147610565","0.0763551354046575"
"cc","1.04151069584631","1.98166829749672","3.03368946467289","1.01101730361848","0.0470435082059703","0.0528657594279053","0.0385192704859219"
"ipw","1.03974986482144","1.95298825352476","3.03545664566998","1.01145036131382","0.048999931489828","0.0534109252552577","0.0427136565974233"
"ipw-w","1.09356012232322","1.97345226861246","3.04326840177345","1.0126516830856","0.0602493736342165","0.0634839968573438","0.0455815948046246"
"mle","1.01080270154385","2.02456740047755","3.03134475353428","1.01085795507374","0.0418423968134751","0.0469803769552532","0.0336888094484"
"mle-w","1.01080270154385","2.02456740047755","3.03134475353428","1.01085795507374","0.0418423968134751","0.0469803769552532","0.0336888094484"
