"Method","beta0.x","beta1.x","beta2.x","sigma.x","beta0.y","beta1.y","beta2.y"
"oracle","1.03064554295594","2.01619537027809","3.0193339380816","0.985953724805832","0.0312695100086992","0.0321022149561414","0.0221442318401945"
"naive","-0.415531105647617","1.14798680849834","1.61068849792415","3.24413098569991","0.0905735768828541","0.114154079443714","0.0744169515624986"
"cc","1.08351566907471","2.03201759173269","3.01835182541726","0.973367878798248","0.0441046568185803","0.0481165182197653","0.0313859912237787"
"ipw","1.07369585816187","2.0175622457461","3.02051246523803","0.973539224913812","0.0505639338668783","0.0551550718921495","0.0345952061644726"
"ipw-w","1.1086718883749","2.05691337689483","3.063060361009","0.975802337956693","0.0514362423631644","0.0546849504117051","0.0405806715073995"
"mle","1.08598788421836","2.03322912369491","3.02716380738822","0.974442425986346","0.0400597582776848","0.0432598777885489","0.0279132163280668"
"mle-w","1.08598788421836","2.03322912369491","3.02716380738822","0.974442425986346","0.0400597582776848","0.0432598777885489","0.0279132163280668"
