"Method","beta0.x","beta1.x","beta2.x","sigma.x","beta0.y","beta1.y","beta2.y"
"oracle","0.980406496538342","2.05209190538267","3.08011570446783","0.98066254556392","0.0309435894879207","0.0307174400719913","0.0235320887022382"
"naive","-0.374288976724377","1.52340672404042","1.75428019016613","3.24449591684572","0.0903904253820124","0.103272544867626","0.0835428693059983"
"cc","0.985081687556413","2.03885242665421","3.06098268549919","1.01437137032753","0.0451414942187729","0.0433872625593239","0.0323058517188649"
"ipw","0.969307501189881","2.02518712311584","3.06022266797557","1.01459088006214","0.0469133879718474","0.0474969221800354","0.0329667964339223"
"ipw-w","0.959622514280785","2.00924834360124","3.10005025739979","1.01687499123125","0.0578252922429466","0.0510003989047175","0.0366290768327016"
"mle","0.982838126524205","2.05045347716464","3.0790172825054","1.00415811538276","0.0402512521061558","0.0389992054597094","0.0294225885075514"
"mle-w","0.982838126524205","2.05045347716464","3.0790172825054","1.00415811538276","0.0402512521061558","0.0389992054597094","0.0294225885075514"
