"Method","beta0.x","beta1.x","beta2.x","sigma.x","beta0.y","beta1.y","beta2.y"
"oracle","1.01387216103021","2.05191134973934","3.06653831101022","0.982838198077074","0.0310622177370096","0.0329096590461276","0.0238032737060631"
"naive","-0.4100100048856","1.2517865046196","1.65674474947383","3.28448621232442","0.0940738447516906","0.112879531399067","0.0853301928143642"
"cc","1.01774651287718","2.02384138601346","3.09681525305888","1.01270370911929","0.0464367386866249","0.0461747658156029","0.0348926636798011"
"ipw","1.00674121885197","2.02740021998981","3.07886441837795","1.01321714171744","0.0478326490055466","0.0510433276651255","0.0349196815260001"
"ipw-w","1.06577377900552","2.04473962499945","3.05833591515786","1.01532215899341","0.0543278668927208","0.0492852503396795","0.0400506983736436"
"mle","1.02804705601757","2.03886797833178","3.07719345364608","1.00192558885856","0.0410013797144905","0.0422504589062094","0.0312646894519647"
"mle-w","1.02804705601757","2.03886797833178","3.07719345364608","1.00192558885856","0.0410013797144905","0.0422504589062094","0.0312646894519647"
