"Method","beta0.x","beta1.x","beta2.x","sigma.x","beta0.y","beta1.y","beta2.y"
"oracle","0.980564635939753","2.0259518894734","3.04345821832776","0.963565125488634","0.0306619413899751","0.0321110216648447","0.0234352819594004"
"naive","-0.513123955654177","1.36569157334462","1.48613385687476","3.20273036015579","0.0923660640505014","0.107446860292408","0.0761718460006083"
"cc","0.980167912549495","2.02555257722476","3.05075207964324","0.961157580878603","0.0429609639456239","0.044900016479707","0.0335407475430593"
"ipw","0.974862542680293","2.02636681818667","3.06824168971774","0.961427922209074","0.0441255041466153","0.045017616961559","0.0336215402382033"
"ipw-w","1.03809428113652","2.07008818591537","3.06731501380808","0.963955625454232","0.0492162818972235","0.052810289974532","0.0360905754195033"
"mle","0.971612389857288","2.04187833263006","3.07770929962395","0.966449982920745","0.0392547405369106","0.0410136741055602","0.0302838064407471"
"mle-w","0.971612389857288","2.04187833263006","3.07770929962395","0.966449982920745","0.0392547405369106","0.0410136741055602","0.0302838064407471"
