"Method","beta0.x","beta1.x","beta2.x","sigma.x","beta0.y","beta1.y","beta2.y"
"oracle","1.00463357880776","1.93666893263037","3.01982801864891","0.956910055341999","0.0302648803636124","0.0303941233385563","0.0235141706804791"
"naive","-0.267689220444725","1.38204579760055","1.53677553993007","3.02518878623006","0.0876542507881074","0.0975983673366271","0.0721035821505872"
"cc","1.0208071250049","1.98601914932677","3.0431282032047","0.99832145817281","0.0452356675983553","0.0425524856069954","0.034336193758934"
"ipw","1.00626587402555","1.96823138655018","3.04026103912354","0.99861042827435","0.0461551348971631","0.0441559062633661","0.0355313269231681"
"ipw-w","1.03104137142043","1.97147246373235","3.06337087466608","0.999052852956389","0.0481152045781452","0.0471944038754095","0.0370939357223017"
"mle","1.04553832650777","1.94963139710494","2.99807312040431","0.996530638237442","0.0406698136735983","0.0395988537563368","0.0311040096194161"
"mle-w","1.04553832650777","1.94963139710494","2.99807312040431","0.996530638237442","0.0406698136735983","0.0395988537563368","0.0311040096194161"
