"Method","beta0.x","beta1.x","beta2.x","sigma.x","beta0.y","beta1.y","beta2.y"
"oracle","0.982201693216135","1.97799456290527","2.9996102614071","1.01708607852232","0.0321916763699099","0.034784247443395","0.0251027159547683"
"naive","-0.243024971104243","1.31643350026973","1.72866860462957","3.04631466676894","0.0893961070915845","0.106488077364274","0.0803731314442293"
"cc","0.97944489348921","2.0212284612207","3.03416501107426","1.02125461496383","0.0468050802215402","0.0498774785796004","0.0349528551909732"
"ipw","0.978448496841027","2.0049555838897","3.04317049018754","1.02151230330134","0.0477977287245248","0.0538511967634712","0.0365597266655686"
"ipw-w","0.985618832969782","1.98328954752162","3.02753277967539","1.02186203665671","0.0539014398332935","0.0536071673794838","0.0399403010204159"
"mle","1.00588240703968","2.0096655672225","3.00383950547547","1.02368553579578","0.0417907545822362","0.0450221145627333","0.0312878112204877"
"mle-w","1.00588240703968","2.0096655672225","3.00383950547547","1.02368553579578","0.0417907545822362","0.0450221145627333","0.0312878112204877"
