"Method","beta0.x","beta1.x","beta2.x","sigma.x","beta0.y","beta1.y","beta2.y"
"oracle","1.04676373068087","2.09012078771806","3.03906356112109","0.9860445168264","0.031246365815939","0.0334272866654593","0.0229696006848239"
"naive","-0.530500358457855","1.35784794903655","1.69955082174677","3.12098890511848","0.0895992402831562","0.107797601043197","0.0754471821493712"
"cc","0.98699279736678","2.08503664663966","3.03814047550485","0.991059034757154","0.0455947067046061","0.0462412822311292","0.0313241318459373"
"ipw","0.991583808854586","2.08326515920532","3.0441778832568","0.991124374679993","0.0478516219360711","0.0489892342225456","0.0344083754026531"
"ipw-w","0.934925201418027","2.12958285848891","3.05341138489765","0.993045182216265","0.0622812111511427","0.0622016370830028","0.0411819676368032"
"mle","1.006403472694","2.08954813231436","3.04146885177145","0.993652945167915","0.0405996390512144","0.0420052770992049","0.0279064637209854"
"mle-w","1.006403472694","2.08954813231436","3.04146885177145","0.993652945167915","0.0405996390512144","0.0420052770992049","0.0279064637209854"
