"Method","beta0.x","beta1.x","beta2.x","sigma.x","beta0.y","beta1.y","beta2.y"
"oracle","1.04269296241628","1.93517709202738","2.98033219327065","0.999967596461765","0.0316243087400274","0.0341300263955227","0.023571510958412"
"naive","-0.38210449914135","1.18469369942227","1.63038777601609","3.08294875880011","0.0925244508913589","0.104719392238889","0.0770215026759767"
"cc","1.00133456710323","1.94585378021194","3.0145054631769","0.987152718788373","0.0462141137586364","0.0500826603817962","0.0336534591581238"
"ipw","1.02968865115257","1.94162472194123","3.00849270335417","0.987538046846343","0.0505733597845573","0.0588026439478771","0.0414022129111763"
"ipw-w","1.0258485684263","1.88880687455553","2.98078515855285","0.98889243266206","0.0598487684190398","0.0663480844105686","0.0444876281956602"
"mle","1.01574190201646","1.93890995602224","2.99345513216306","0.984829066475798","0.0539719013142703","0.0211519532887554","0.0267055464718065"
"mle-w","1.01574190201646","1.93890995602224","2.99345513216306","0.984829066475798","0.0539719013142703","0.0211519532887554","0.0267055464718065"
