"Method","beta0.x","beta1.x","beta2.x","sigma.x","beta0.y","beta1.y","beta2.y"
"oracle","0.985109441494266","1.99986045680517","2.98997085603725","0.973907976382994","0.0308457907098267","0.0316815130097031","0.0254317133524568"
"naive","-0.473817005241312","1.45899674151291","1.63072151479976","3.03447714398852","0.0856284494038807","0.0998251608993976","0.0716007068288771"
"cc","1.0132838622114","1.95659389190455","3.02308409324138","1.00263114744689","0.0459976068156819","0.0470277973318974","0.039286448257903"
"ipw","1.02033494594391","1.9309045780913","3.01008064484874","1.00297479308261","0.0488426014807422","0.0489343541949901","0.042903657936427"
"ipw-w","1.00833574522854","1.97458064670988","3.04172074338728","1.00296030244209","0.058124828475382","0.0540086798082201","0.0485097162738741"
"mle","1.02741998360847","1.93768691983006","2.97700245325567","0.975453492711933","0.0400267510991835","0.0406929003869022","0.033435806643698"
"mle-w","1.02741998360847","1.93768691983006","2.97700245325567","0.975453492711933","0.0400267510991835","0.0406929003869022","0.033435806643698"
