"Method","beta0.x","beta1.x","beta2.x","sigma.x","beta0.y","beta1.y","beta2.y"
"oracle","0.969525511051803","1.96346107973638","2.99940169451336","1.02168875327049","0.0324322065984466","0.0359817527565602","0.0235287404317101"
"naive","-0.361868598222861","1.48628791565113","1.89601106014175","2.92154644941112","0.0836738285488441","0.097829385946934","0.0745795801457355"
"cc","0.957810882830737","1.96618991913287","2.99636656288208","1.02126019997626","0.044972914936178","0.0474098248812531","0.0350916379327982"
"ipw","0.955411657261425","1.93494479710405","2.9810018619125","1.02172544768645","0.0500316910850606","0.0581796291667454","0.0459139241566011"
"ipw-w","0.944555692452458","1.98177093615838","2.97968087443568","1.02189911478336","0.0531787290237471","0.0548172131581807","0.0377966889173812"
"mle","1.00733636368446","1.9688184792829","2.99766287007967","1.04254667114493","0.0412667182594568","0.0452312064279509","0.0312582648817488"
"mle-w","1.00733636368446","1.9688184792829","2.99766287007967","1.04254667114493","0.0412667182594568","0.0452312064279509","0.0312582648817488"
