"Method","beta0.x","beta1.x","beta2.x","sigma.x","beta0.y","beta1.y","beta2.y"
"oracle","0.992432269297444","1.97386619833628","2.98111965462013","1.00378620517573","0.0317541279624852","0.0348426075079822","0.0241637282451552"
"naive","-0.312363367327801","1.37531384122855","1.6068149998713","3.06006083058562","0.0896044929963299","0.106318431237637","0.0759754163019104"
"cc","1.0214286638579","1.95452831153246","2.96715223496104","1.00013819324021","0.0467603745426322","0.0479021287969869","0.0341662463830236"
"ipw","1.01017289157692","1.96114707774898","2.98985939031175","1.00056638125118","0.0500416993560852","0.0507072744458688","0.0398790053987962"
"ipw-w","1.04140600036062","1.95463101369816","2.97459511945142","1.00043648738333","0.0542847837297851","0.0571153770230382","0.0451414379802883"
"mle","1.03764106171771","1.93979693442452","2.94411972450282","1.0049363252016","0.0416310228993498","0.0430410347596808","0.0308794056115409"
"mle-w","1.03764106171771","1.93979693442452","2.94411972450282","1.0049363252016","0.0416310228993498","0.0430410347596808","0.0308794056115409"
