"Method","beta0.x","beta1.x","beta2.x","sigma.x","beta0.y","beta1.y","beta2.y"
"oracle","1.03145397909925","2.01572425501275","3.00090566750727","1.02297359529596","0.032339463490631","0.0359391081891456","0.0245991646897305"
"naive","-0.52794197624479","1.30446422587169","1.64426368378764","3.25530415643894","0.0913698925104934","0.10870820240149","0.0830826611368881"
"cc","1.03304695797966","2.00860461940799","3.00684620832671","1.02694687909381","0.0479836268687415","0.0516065281147071","0.0358113071334109"
"ipw","1.06338808203455","1.98824063573759","2.97569900354438","1.02806227556564","0.0518640286465587","0.0555548487227307","0.0418648857964551"
"ipw-w","1.03998010571149","1.96060895755597","3.00083366845596","1.02805216424891","0.0599577273737342","0.0630590930698689","0.0484635019049608"
"mle","1.01103616425881","2.01247806592696","3.02524981811874","1.03366991614806","0.0425483913493879","0.0461656855955639","0.031225943979653"
"mle-w","1.01103616425881","2.01247806592696","3.02524981811874","1.03366991614806","0.0425483913493879","0.0461656855955639","0.031225943979653"
