"Method","beta0.x","beta1.x","beta2.x","sigma.x","beta0.y","beta1.y","beta2.y"
"oracle","0.912542557783401","1.97651206539522","2.99628553573254","1.00093540575736","0.0317102806552158","0.0346288271985695","0.0241324006524971"
"naive","-0.591433745004814","1.26699187491132","1.49059912057969","3.24877445171597","0.0980912595767229","0.111112030520593","0.0824637430504637"
"cc","0.931731441835968","1.92073202513887","2.96881709181096","0.985008736838678","0.0452853608716015","0.0514049352106133","0.0366032102502882"
"ipw","0.928811863147312","1.92031673902041","2.97725870311226","0.985075909719827","0.0481062997905392","0.0545841175843684","0.039471508738961"
"ipw-w","0.872080881712558","1.93932710607796","2.99412588512848","0.986998185218757","0.0568034912218214","0.0580253297420022","0.0435300513630582"
"mle","0.920359494323135","1.95351110475252","3.01594952107671","0.998520283976733","0.0411257153416422","0.0465992134614582","0.0328015419199638"
"mle-w","0.920359494323135","1.95351110475252","3.01594952107671","0.998520283976733","0.0411257153416422","0.0465992134614582","0.0328015419199638"
