"Method","beta0.x","beta1.x","beta2.x","sigma.x","beta0.y","beta1.y","beta2.y"
"oracle","0.961011610199643","1.97820532378132","3.01477977524174","1.01026459768755","0.0319548234374215","0.0357348286006371","0.0253645210535776"
"naive","-0.35407501070536","1.1360853309808","1.52733427818217","3.27304165484525","0.0948495793535117","0.102014427988078","0.0793131340374815"
"cc","0.975306315192305","2.01491645796796","3.00563318229851","1.00108598647784","0.0448716550434533","0.0454395638548251","0.0374648794409129"
"ipw","0.975138489354098","2.01383957850788","3.00614108980633","1.00108702038911","0.0459594374901172","0.0479073705885123","0.0376270603300067"
"ipw-w","0.972501156467791","2.01416569678725","3.01396643437389","1.00114713487228","0.0563050827792464","0.0611180363962356","0.0461637918503973"
"mle","0.987610900800958","1.97935025951797","3.02320971166865","1.0138868104266","0.0409788149220171","0.0418367809626525","0.033334944216848"
"mle-w","0.987610900800958","1.97935025951797","3.02320971166865","1.0138868104266","0.0409788149220171","0.0418367809626525","0.033334944216848"
