"Method","beta0.x","beta1.x","beta2.x","sigma.x","beta0.y","beta1.y","beta2.y"
"oracle","1.00025151324198","1.95074930822342","3.02078462159761","1.00329961672144","0.0316921820537215","0.0336170377094334","0.0250360510416735"
"naive","-0.313307619566779","1.22102191959144","1.5584207272423","3.13782595449071","0.0878254739791034","0.109661373675315","0.0755357042496394"
"cc","0.991066742649961","1.96547128579648","3.01449101359692","0.976884489713314","0.0443634507564073","0.047286144458791","0.0349499904716124"
"ipw","0.977988110732941","1.94996835751701","3.02907423022192","0.977381240022176","0.047499978019837","0.0512778939186426","0.0415275691444189"
"ipw-w","1.01286339109644","1.92775946035823","3.00639000673646","0.977681967326461","0.0532080290011842","0.0630677252446089","0.042760807228137"
"mle","0.944890138087498","2.00631528219001","3.02964757649584","0.983316559559569","0.0398793471315511","0.043264403394369","0.0313606014677265"
"mle-w","0.944890138087498","2.00631528219001","3.02964757649584","0.983316559559569","0.0398793471315511","0.043264403394369","0.0313606014677265"
