"Method","beta0.x","beta1.x","beta2.x","sigma.x","beta0.y","beta1.y","beta2.y"
"oracle","1.07253822257944","1.99994822314551","3.06885502933587","0.983938162900389","0.0311582296566579","0.0353020981868624","0.0237517268563887"
"naive","-0.345792031484321","1.17545149824269","1.61442147532346","3.28327630948841","0.0990514400818187","0.110662510580333","0.0776689623242917"
"cc","1.11403607107346","2.03736783690395","3.06550456158894","1.00541049115174","0.0486212654395682","0.0491342368818557","0.03617652655067"
"ipw","1.12399751904592","2.0495303841551","3.07702931383459","1.00562966614952","0.0513478529551244","0.0572422795328955","0.0433588491377582"
"ipw-w","1.07879750840093","1.97472645613168","3.05186096913367","1.00782809468435","0.058912241612212","0.0620120209428272","0.0485716199473566"
"mle","1.09910327061894","2.03160619753213","3.07057426954918","1.01659857821433","0.0427378873136396","0.044672500829549","0.0311290675327296"
"mle-w","1.09910327061894","2.03160619753213","3.07057426954918","1.01659857821433","0.0427378873136396","0.044672500829549","0.0311290675327296"
