"Method","beta0.x","beta1.x","beta2.x","sigma.x","beta0.y","beta1.y","beta2.y"
"oracle","1.05140815840377","2.00266624895683","3.02067727590873","0.980582816848194","0.0312246396048997","0.0330243633138758","0.0230272688737361"
"naive","-0.348750300247841","1.31848027613027","1.63989513840215","3.24965580539208","0.0924816629970906","0.10860272437998","0.0788354549059492"
"cc","1.01622685011352","1.99334752741548","3.06436771043228","0.976964341761635","0.0434228833825365","0.0426721945009731","0.0322816084293815"
"ipw","0.981999750844602","2.01352673702963","3.07418647232977","0.9776748513256","0.0464652113885649","0.0507948889548729","0.0343797966507589"
"ipw-w","1.0112177017246","1.9757205997114","3.0566895846354","0.977168803945178","0.0564211107988347","0.0521754640489515","0.0409073907836931"
"mle","1.0220632037791","1.97783779424484","3.04567879591823","0.974294077952765","0.0393733488948567","0.0395246452912879","0.0295342088573167"
"mle-w","1.0220632037791","1.97783779424484","3.04567879591823","0.974294077952765","0.0393733488948567","0.0395246452912879","0.0295342088573167"
