"Method","beta0.x","beta1.x","beta2.x","sigma.x","beta0.y","beta1.y","beta2.y"
"oracle","0.965066363945946","2.07260979640626","3.0114692983598","1.03703341402164","0.0328390307696873","0.03562095627576","0.0267144715499546"
"naive","-0.350886343949865","1.57191989210028","1.57414252023549","3.2406004250313","0.0974241092977873","0.110141228296612","0.0783089104746986"
"cc","0.980483309681217","2.0505512073111","3.04009670979001","1.04805177134646","0.0480563542063297","0.0498080898365312","0.0406737783376054"
"ipw","0.991003208421408","2.03737415650586","3.05025695941736","1.04838166059644","0.0488717416476278","0.0491056151373439","0.042717213886909"
"ipw-w","0.998702726105195","2.09530772594565","3.01757193687291","1.04998566869536","0.0594222399547449","0.0564479830725384","0.0450484324018857"
"mle","0.969526419022587","2.10917508260776","3.03991227636632","1.04603864231259","0.0427939607751454","0.0443832459873173","0.0351369458939167"
"mle-w","0.969526419022587","2.10917508260776","3.03991227636632","1.04603864231259","0.0427939607751454","0.0443832459873173","0.0351369458939167"
