"Method","beta0.x","beta1.x","beta2.x","sigma.x","beta0.y","beta1.y","beta2.y"
"oracle","1.00803435193316","2.02393893684546","3.02747212275109","0.997959107366986","0.031596584444398","0.0330022075076108","0.0229489134053818"
"naive","-0.313140436227375","1.51086385746947","1.69891863790816","3.12322467839134","0.0930390334691828","0.110179691708933","0.0845291927991972"
"cc","1.02112514654017","2.01133146380791","3.00095079961853","1.02666699814215","0.048472605848306","0.0470307441606292","0.0347920124414026"
"ipw","1.0061747147103","2.00662522851919","3.00917220776778","1.02683022707518","0.0516734554213146","0.0524095253791809","0.0391867460597011"
"ipw-w","1.02969204952904","2.01382527543795","3.00517769841887","1.02672819431332","0.0637601958606592","0.0662339721729285","0.0454325629099591"
"mle","0.990523925104125","2.03619790301791","3.02660412767202","1.01775093413014","0.0420960827560164","0.0424837679196233","0.0304284414900038"
"mle-w","0.990523925104125","2.03619790301791","3.02660412767202","1.01775093413014","0.0420960827560164","0.0424837679196233","0.0304284414900038"
