"Method","beta0.x","beta1.x","beta2.x","sigma.x","beta0.y","beta1.y","beta2.y"
"oracle","1.02370615480908","1.91986424299972","2.9720486264331","1.00740418492466","0.031835202767536","0.0330277240858023","0.0238084525268206"
"naive","-0.328479002510596","1.29985302675488","1.68731652547178","3.20842323194403","0.0891132241502741","0.113359708019095","0.0790940762070974"
"cc","1.00503410293399","1.98078216508421","2.98228626139619","1.02093623904265","0.0452829285009828","0.0469543024443349","0.0344260116772707"
"ipw","0.999190127439405","1.98668266225078","2.98077544657687","1.02097924812611","0.047446207537523","0.0496753329676461","0.0387339820078263"
"ipw-w","1.01731777394473","2.02748589331524","2.98392179316613","1.02209656426431","0.053485207586048","0.0549124686309958","0.0424185737466532"
"mle","1.04913287195046","1.96987200755942","2.98280279554355","1.03823875861656","0.0379012992825242","0.0415185249399107","0.0311833621339497"
"mle-w","1.04913287195046","1.96987200755942","2.98280279554355","1.03823875861656","0.0379012992825242","0.0415185249399107","0.0311833621339497"
