"Method","beta0.x","beta1.x","beta2.x","sigma.x","beta0.y","beta1.y","beta2.y"
"oracle","1.0012555896669","1.97881704338048","3.00335855351453","1.02875392068348","0.0325563730953789","0.0354210098364965","0.0237593631931966"
"naive","-0.410548554838653","1.31735173561583","1.71975238534833","3.12093606782681","0.0882958891181292","0.107443076044115","0.0777249590406817"
"cc","0.996487275976325","1.970237819016","2.98570208156852","1.02084303331637","0.0460346513886109","0.0506089422278416","0.0334974636891725"
"ipw","0.971421365925153","1.95609734893872","2.99794598908883","1.02137657400218","0.0501268753299444","0.0521552017546467","0.037169044979494"
"ipw-w","1.02296625649877","1.96791972738106","2.98359454768029","1.02118052520256","0.058303031708948","0.0590543762604235","0.0392200183838744"
"mle","1.00207420596352","2.00322523559434","3.006187056003","1.03005755115608","0.0413393949653848","0.045931921956071","0.0297985838716801"
"mle-w","1.00207420596352","2.00322523559434","3.006187056003","1.03005755115608","0.0413393949653848","0.045931921956071","0.0297985838716801"
