"Method","beta0.x","beta1.x","beta2.x","sigma.x","beta0.y","beta1.y","beta2.y"
"oracle","0.933517399179776","2.02611651917831","2.99958748919086","1.00211768005169","0.031735995745671","0.0334740340958219","0.0232159703329009"
"naive","-0.52113260504585","1.50076272083715","1.63358154266171","3.10004287243879","0.085476583603153","0.104262560324461","0.0690022366966211"
"cc","0.940810823677165","2.02061359945002","2.99945440520419","1.02255794863047","0.0478907841322919","0.0544636534373562","0.0338819420069002"
"ipw","0.978210759638111","2.04133581629017","2.97785746330487","1.02392303428947","0.0512201892454555","0.0500521120798688","0.0444053316990282"
"ipw-w","0.948825602412428","2.10711709348418","3.01390524951767","1.02551238815675","0.0580850811316292","0.0783408698104172","0.0363079262407471"
"mle","0.989370830560282","2.00134466984439","2.96651995554018","1.01282575611049","0.0419825683773885","0.0463760030571381","0.0304735669495386"
"mle-w","0.989370830560282","2.00134466984439","2.96651995554018","1.01282575611049","0.0419825683773885","0.0463760030571381","0.0304735669495386"
