"Method","beta0.x","beta1.x","beta2.x","sigma.x","beta0.y","beta1.y","beta2.y"
"oracle","0.9900985790195","1.98409749694293","2.99723336740629","1.00879381171459","0.0318005113715309","0.0339024786758415","0.0241066171632055"
"naive","-0.423569241962806","1.26951623763107","1.56835937697228","3.11373830451595","0.0921757448569522","0.102111177742896","0.0765831732003755"
"cc","0.992880382247907","1.94813784127059","2.99907060515569","0.993386852382267","0.04659909432194","0.0472742604421802","0.0341742319877495"
"ipw","1.00876990137774","1.97290843547544","3.01406369763569","0.993886837477079","0.0483850422154756","0.0499720708442868","0.0404484599152534"
"ipw-w","0.989669050786468","1.9299648857062","3.00167702684269","0.993577039928558","0.0572300317875026","0.0525179497528647","0.042969630654367"
"mle","0.98286738262277","1.9548036975119","2.98520678403961","0.996841125029415","0.0438535977593107","0.0373342325224551","0.028207790960072"
"mle-w","0.98286738262277","1.9548036975119","2.98520678403961","0.996841125029415","0.0438535977593107","0.0373342325224551","0.028207790960072"
