"Method","beta0.x","beta1.x","beta2.x","sigma.x","beta0.y","beta1.y","beta2.y"
"oracle","0.97312343612489","1.971548220851","3.00224175224699","1.0296185988645","0.032680775737121","0.0336424052289137","0.024558585118273"
"naive","-0.239918539331646","1.37502884220455","1.66552786817585","3.15667585287726","0.087450005502709","0.100363993438984","0.0867372972634441"
"cc","1.00698195794442","2.0034795390964","3.02753930673176","1.02716845132264","0.0469363533887215","0.0450244214464947","0.0344712297851547"
"ipw","1.00610460160408","2.01605850958764","3.00434159855421","1.02796021824887","0.0488622335082288","0.0471749962372932","0.0377117344530271"
"ipw-w","0.946659672154503","2.00074202517092","3.05130636460045","1.02911781490602","0.0592907936543603","0.0498217785548271","0.0449874559971345"
"mle","1.00352454680509","1.97016861024851","3.00011031303558","1.00997718906309","0.0414975447901827","0.0407980018767123","0.0307899929677456"
"mle-w","1.00352454680509","1.97016861024851","3.00011031303558","1.00997718906309","0.0414975447901827","0.0407980018767123","0.0307899929677456"
