"Method","beta0.x","beta1.x","beta2.x","sigma.x","beta0.y","beta1.y","beta2.y"
"oracle","0.964156175263628","2.00482860108993","2.99380510492894","0.987398690025886","0.0312314242368181","0.0354354597453821","0.0242325907677092"
"naive","-0.313763590212606","1.39739634874615","1.60190010071088","3.16509056458681","0.0892829707837466","0.113847438156429","0.0814696515127001"
"cc","0.984049237160336","1.9320922262601","2.95323198365408","0.979820157194649","0.0446249456824236","0.0479014416987468","0.0344531655307225"
"ipw","0.988497601592551","1.90535506686396","2.96335768568654","0.980357820417677","0.0465036871083227","0.0526306911037071","0.0413958015811396"
"ipw-w","0.965349692994128","1.94647065000829","2.95310436530898","0.980088088877811","0.0592201647858005","0.0607510955797108","0.0455626254807255"
"mle","0.992910247648127","1.97275082515799","2.97244861075117","0.987919605658402","0.0400019242659391","0.0433588159538132","0.0299682232985853"
"mle-w","0.992910247648127","1.97275082515799","2.97244861075117","0.987919605658402","0.0400019242659391","0.0433588159538132","0.0299682232985853"
