"Method","beta0.x","beta1.x","beta2.x","sigma.x","beta0.y","beta1.y","beta2.y"
"oracle","0.989062891126745","1.99860172383963","2.97031517184708","1.0046363983968","0.0317838416912123","0.033056291907217","0.0223765993789405"
"naive","-0.447842271040318","1.41322232927727","1.70877247644725","3.21145508720119","0.0887989485858169","0.103988650635788","0.0836325787193198"
"cc","0.959949834003388","2.02930987366562","2.96482859173263","0.991796875299022","0.0445820643729955","0.045223139168648","0.0318079858821314"
"ipw","0.940020992564269","2.04895161878987","2.97614405505172","0.992146483197785","0.0446099986864622","0.0456677480498118","0.0322483569952876"
"ipw-w","0.94503372027695","2.01366314439803","2.97339389034448","0.992184457474956","0.0528798386132832","0.0540500552476475","0.0363582099496742"
"mle","0.981328661271416","2.01056572381273","2.95420892761948","0.987869841699426","0.0400889788299633","0.0417746347305785","0.0287016257939087"
"mle-w","0.981328661271416","2.01056572381273","2.95420892761948","0.987869841699426","0.0400889788299633","0.0417746347305785","0.0287016257939087"
