"Method","beta0.x","beta1.x","beta2.x","sigma.x","beta0.y","beta1.y","beta2.y"
"oracle","1.0472755987553","1.97941658587968","2.99223804882006","0.992433925516993","0.0313850572454306","0.0341637111518453","0.0237291196920331"
"naive","-0.336888812903789","1.1946712680149","1.60479040370041","3.21918619603533","0.0910825333370292","0.110580408483786","0.0750223772435685"
"cc","1.0378341323214","2.02062960149852","2.99570978134871","0.955908009008548","0.0440601907247119","0.0516573750779485","0.0325504699509612"
"ipw","1.00188116034501","2.03944297057754","3.04484295407803","0.958409477533341","0.0440542003131832","0.053651864116785","0.033887944856245"
"ipw-w","1.0280919577983","2.03956605018085","3.03880807537235","0.957639594361007","0.0547966297014858","0.061429459076173","0.0386479534615795"
"mle","1.00543773803474","2.04421135510985","3.01139509876809","0.961405807431536","0.0398829149621803","0.0463321342935142","0.0289389272553034"
"mle-w","1.00543773803474","2.04421135510985","3.01139509876809","0.961405807431536","0.0398829149621803","0.0463321342935142","0.0289389272553034"
