"Method","beta0.x","beta1.x","beta2.x","sigma.x","beta0.y","beta1.y","beta2.y"
"oracle","1.01994990149202","2.00742334929305","3.00518552459321","0.984932877520982","0.0312462005287304","0.0323874519766626","0.0234645407347867"
"naive","-0.556621851834927","1.3041898997902","1.50638740742569","3.2791735178294","0.0910695032856275","0.110395781652172","0.0765367660334805"
"cc","1.06227752864892","2.0372585839135","3.0385620200929","0.948248858204154","0.0434468917607797","0.0455005700436937","0.0322163654197895"
"ipw","1.08096177786592","2.03752224638165","3.01886236935096","0.948807143035296","0.0460160182328634","0.0488114218082","0.0366582414299585"
"ipw-w","1.07867237459787","1.99617215419937","3.02697786371976","0.949134028017519","0.0514475232058778","0.0535361394164977","0.0381962531819296"
"mle","1.0451539800562","2.01616392142447","3.01010973305333","0.955938199291756","0.0398155976820717","0.0412576517361892","0.0294197587806501"
"mle-w","1.0451539800562","2.01616392142447","3.01010973305333","0.955938199291756","0.0398155976820717","0.0412576517361892","0.0294197587806501"
