"Method","beta0.x","beta1.x","beta2.x","sigma.x","beta0.y","beta1.y","beta2.y"
"oracle","0.96861086442019","1.98552022488552","2.99680417626744","1.02762712654423","0.032460050605948","0.0339608512747495","0.0256194208125996"
"naive","-0.465111795083323","1.19795585901965","1.69984013992121","3.04421139548048","0.0898510695073932","0.0994190316562138","0.0746268541236045"
"cc","0.913283193725215","1.96071305754576","3.02296900017652","1.05417121368719","0.0492290088358375","0.0470661275087105","0.038079364081458"
"ipw","0.912133545689827","1.98930878666957","3.03686102856981","1.05455587617715","0.0521405559768088","0.049575677981179","0.0429024337861987"
"ipw-w","0.873323621598797","1.96055878955329","3.06442634078552","1.05624772399185","0.059158853024286","0.0565999327918552","0.0441570160157959"
"mle","0.93572814829669","1.96165443819848","3.03322540737911","1.05137468017342","0.0432346841187976","0.0427609732691969","0.0322416600681811"
"mle-w","0.93572814829669","1.96165443819848","3.03322540737911","1.05137468017342","0.0432346841187976","0.0427609732691969","0.0322416600681811"
