"Method","beta0.x","beta1.x","beta2.x","sigma.x","beta0.y","beta1.y","beta2.y"
"oracle","1.00558509139799","2.01237071851691","2.96464892038029","0.985007097176952","0.0311996099862155","0.0324288414084827","0.0253876921414463"
"naive","-0.29838548934644","1.37335501413772","1.62456580802718","3.04432763099922","0.089878624718776","0.104921016397259","0.0741417118681984"
"cc","0.941452405424572","2.00420379642942","2.97178317209289","1.01773945417393","0.0467771834080581","0.0517478700467932","0.0389437938956298"
"ipw","0.921521338735128","1.98099240697087","2.9752389475091","1.01823248265859","0.0478735884433875","0.055019070753663","0.0385472132309125"
"ipw-w","0.940491161452711","2.00643006612395","2.99237504710432","1.01810646867757","0.0560618889174723","0.066714906046293","0.0495104651525829"
"mle","0.924990229007036","2.00115565349258","2.97441443808815","1.01245475211527","0.0412978669845244","0.0445213130717023","0.0335633566347478"
"mle-w","0.924990229007036","2.00115565349258","2.97441443808815","1.01245475211527","0.0412978669845244","0.0445213130717023","0.0335633566347478"
