"Method","beta0.x","beta1.x","beta2.x","sigma.x","beta0.y","beta1.y","beta2.y"
"oracle","0.987665827249754","2.01120253712053","3.03720249995643","1.01473604920719","0.0321364149296477","0.0357372657734481","0.0238006970462129"
"naive","-0.29625899520017","1.38947875062125","1.63210306127525","3.23412401357369","0.0929874327609262","0.103096359037992","0.075365405608448"
"cc","0.973081210332448","2.0140326137573","3.08064136945746","1.04542173747445","0.0489610944182204","0.0553418732507018","0.0358723472219199"
"ipw","0.96701997039177","2.02568951007042","3.08661129915354","1.04549501504084","0.0506952501078175","0.0612378796219365","0.0380054762842294"
"ipw-w","1.00321638208218","2.04624402814715","3.12076496644687","1.04787544003065","0.0643125589429994","0.0694181382886192","0.0489145794478858"
"mle","0.961136809924674","2.01996826720774","3.06833605638591","1.04226751592221","0.0434734791221921","0.0474688412624526","0.0322268007041184"
"mle-w","0.961136809924674","2.01996826720774","3.06833605638591","1.04226751592221","0.0434734791221921","0.0474688412624526","0.0322268007041184"
