"Method","beta0.x","beta1.x","beta2.x","sigma.x","beta0.y","beta1.y","beta2.y"
"oracle","1.05254226127563","2.01046637167472","3.00748963628581","0.937927683012015","0.0297189339470806","0.0318853238646829","0.0230191141822221"
"naive","-0.301635204916027","1.27042107125041","1.60488797313789","3.20273631830168","0.0951489494618856","0.105909852979291","0.0817634867341678"
"cc","1.02937138300656","2.01548529762733","3.01847959090316","0.922136783728212","0.0424611604709336","0.0420796789426395","0.032208888280013"
"ipw","1.04987644937683","1.98783597784425","3.00537003119134","0.92271347587585","0.048311395227902","0.0466535536211413","0.0371351426935429"
"ipw-w","1.05040216690626","2.01076445949089","3.01207810297824","0.922371688474497","0.0522395693508855","0.0503734853302641","0.0392646802614316"
"mle","1.03802040128845","2.01934412613738","3.0090281517315","0.920752819347064","0.0385096825936632","0.0391238003059685","0.0289869845164793"
"mle-w","1.03802040128845","2.01934412613738","3.0090281517315","0.920752819347064","0.0385096825936632","0.0391238003059685","0.0289869845164793"
