"Method","beta0.x","beta1.x","beta2.x","sigma.x","beta0.y","beta1.y","beta2.y"
"oracle","0.999347494855798","2.02050524001781","2.99576334153499","0.975195779781227","0.0307539396669217","0.0332004831069275","0.0229010851760829"
"naive","-0.463732528016396","1.24273320637148","1.61086773427383","3.1873286505142","0.0888096892019211","0.105310042713231","0.0768571607477502"
"cc","1.00152810677499","2.0005113357014","3.00115178645898","0.996008206019731","0.0447019403604678","0.0509451779757069","0.0345056025907685"
"ipw","1.02257768725011","2.01138176096647","2.98683242369308","0.996520427461864","0.0463405062169512","0.0558176880044602","0.0371685130700839"
"ipw-w","1.02500207683604","2.05274186436115","3.04490019802874","0.998461155951018","0.0535392277885565","0.067082016642283","0.0440930883755443"
"mle","0.995275574366525","2.02697482827076","2.99508731771025","0.99273754535237","0.0403234059850567","0.0444406805323604","0.0300170838609267"
"mle-w","0.995275574366525","2.02697482827076","2.99508731771025","0.99273754535237","0.0403234059850567","0.0444406805323604","0.0300170838609267"
