"Method","beta0.x","beta1.x","beta2.x","sigma.x","beta0.y","beta1.y","beta2.y"
"oracle","0.970838857864404","1.97964424601151","3.00934702297353","1.00798679233716","0.031837037195951","0.033583347581693","0.0240634035920171"
"naive","-0.351375234816577","1.31473694261048","1.57989307378241","3.1450387655568","0.0905874356225259","0.102213353365353","0.0790655681454664"
"cc","0.971684845006766","1.89527261197348","2.994823499439","1.01441426012681","0.0458788120492891","0.0456004127059792","0.0339507651128754"
"ipw","0.981425792218454","1.88145276867911","2.97685360279848","1.01466817043485","0.0466467473116809","0.0464172226357857","0.0320623624524445"
"ipw-w","0.960093237823122","1.93012457182698","3.00324945197592","1.01498044996533","0.0547177732951845","0.0525193812923567","0.0406893536131853"
"mle","0.965859466903259","1.8988654220135","2.99320585086543","1.00921726517053","0.0407533361132235","0.0410050811280626","0.030356207969244"
"mle-w","0.965859466903259","1.8988654220135","2.99320585086543","1.00921726517053","0.0407533361132235","0.0410050811280626","0.030356207969244"
