"Method","beta0.x","beta1.x","beta2.x","sigma.x","beta0.y","beta1.y","beta2.y"
"oracle","1.00927078797189","1.99765811773927","2.98958724192012","0.991254839482792","0.0313387385537094","0.0332581855818847","0.0238820156440725"
"naive","-0.361402495321345","1.50942718410917","1.62621817512597","3.0956341841002","0.0912871774640434","0.109507769067229","0.080694313786159"
"cc","0.965456679264932","2.04248524179444","2.97930020561807","0.99594736053422","0.0448611312637487","0.0461689914088679","0.0319466370247622"
"ipw","0.960712064164316","2.05711048038627","2.9803513714129","0.996046380173779","0.0468061947276991","0.0490491083134379","0.0319337168779146"
"ipw-w","0.97646101033265","1.98993440240708","2.98026677084822","0.997253175288766","0.050907705036184","0.0504583112934263","0.0348311453725084"
"mle","0.990570659535666","2.03402529777159","2.96564059109717","0.997520804967807","0.0392030304670335","0.0414899760291011","0.0289884175744427"
"mle-w","0.990570659535666","2.03402529777159","2.96564059109717","0.997520804967807","0.0392030304670335","0.0414899760291011","0.0289884175744427"
