"Method","beta0.x","beta1.x","beta2.x","sigma.x","beta0.y","beta1.y","beta2.y"
"oracle","1.05507338920284","2.00272265196322","2.96435213775391","1.00491978498284","0.0317209612521943","0.0333207212231714","0.0236696482107601"
"naive","-0.253012429338006","1.22922819198181","1.62702071297992","3.03853943834469","0.0854332002967635","0.0978118558775574","0.0736728024087141"
"cc","1.07385314057912","1.98195762131751","2.95788139891753","1.02469681685447","0.046397355456775","0.0468858651339428","0.0346718199290095"
"ipw","1.08846325593162","2.00244397464197","2.94978134699819","1.02514849617007","0.0482735856702043","0.0484548768395429","0.0367763581763019"
"ipw-w","1.02315803401079","1.96632992091362","2.98253403119362","1.02657988869077","0.0581534600349789","0.0601576998148095","0.0453219001369119"
"mle","1.10395655624667","1.9480981427224","2.95040474736967","1.02021937465057","0.0412829345281392","0.042310354170675","0.0305188878164873"
"mle-w","1.10395655624667","1.9480981427224","2.95040474736967","1.02021937465057","0.0412829345281392","0.042310354170675","0.0305188878164873"
