"Method","beta0.x","beta1.x","beta2.x","sigma.x","beta0.y","beta1.y","beta2.y"
"oracle","0.991234802727769","1.95333364074122","2.98767330983853","1.00809325618225","0.0319770251294236","0.0349198544581992","0.024078750058336"
"naive","-0.410421669566128","1.07900806309517","1.51634700490976","3.1486012708484","0.0947295032201192","0.108497233615898","0.0821406651172904"
"cc","0.98494926053762","1.96403649926401","2.97579706059128","1.00409343044548","0.046668347437865","0.0496394967603698","0.0345315930412071"
"ipw","0.980271876035437","1.97002708011325","2.9707924803462","1.00416168108353","0.0484872180950592","0.0516867232839353","0.0377618001336915"
"ipw-w","1.00404146151334","1.96620893846242","2.95116248657736","1.00475251805227","0.0559630391321369","0.0588422885717198","0.0428779576980377"
"mle","0.956220564877103","1.96021111471817","2.99414944179971","0.998324270931711","0.0415122565238436","0.0444915455039851","0.0301280934875076"
"mle-w","0.956220564877103","1.96021111471817","2.99414944179971","0.998324270931711","0.0415122565238436","0.0444915455039851","0.0301280934875076"
