"Method","beta0.x","beta1.x","beta2.x","sigma.x","beta0.y","beta1.y","beta2.y"
"oracle","1.0257869131975","1.97745779286116","2.99128141993734","0.985805935931764","0.0312863116373088","0.0329879778192714","0.0242359432270974"
"naive","-0.361876854022822","1.25186706045011","1.71352808410948","3.12329545434878","0.09736252708085","0.10609644889958","0.0754914564977048"
"cc","0.953921451143449","2.00789412822994","3.06028910497908","0.973663281672521","0.0465935936917451","0.0463683972088568","0.0363621863452593"
"ipw","0.959474336918945","2.00130164581578","3.07437481111053","0.973991674981703","0.0506967684378179","0.0503395436435487","0.0448432432183393"
"ipw-w","0.988279707862755","1.99738718721665","3.0529165577048","0.974255204929422","0.0546708366983152","0.052631163957621","0.0444531006495467"
"mle","0.981705821715809","1.98918728179252","3.04392271123346","0.977900138271301","0.0414318827424168","0.0426682186103627","0.0315347551118505"
"mle-w","0.981705821715809","1.98918728179252","3.04392271123346","0.977900138271301","0.0414318827424168","0.0426682186103627","0.0315347551118505"
