"Method","beta0.x","beta1.x","beta2.x","sigma.x","beta0.y","beta1.y","beta2.y"
"oracle","1.02717541280242","1.9554032919126","2.96505975649725","0.970097076730645","0.0306264369141391","0.0338472303998315","0.0236169987643828"
"naive","-0.304439391459092","1.10907762091315","1.64575206550797","3.04351912510155","0.0874669645319308","0.101660274379463","0.0724041008284647"
"cc","1.01975121527224","1.96223502214362","2.97536837935525","0.970505369257972","0.0439866392438896","0.0485358550243393","0.0362082724037423"
"ipw","1.00988187201532","1.9608666978469","2.98369840491908","0.970605507197837","0.0441368030878817","0.0486573978914448","0.0369463284634899"
"ipw-w","1.01105894521327","1.93491050372165","2.95755711481131","0.971023720133591","0.0505905369876962","0.0508317206183374","0.045158029109442"
"mle","1.01380106411098","1.98536204756921","2.98915669918869","0.979325747537068","0.0394044428267902","0.0436883351158274","0.0316829061553259"
"mle-w","1.01380106411098","1.98536204756921","2.98915669918869","0.979325747537068","0.0394044428267902","0.0436883351158274","0.0316829061553259"
