"Method","beta0.x","beta1.x","beta2.x","sigma.x","beta0.y","beta1.y","beta2.y"
"oracle","1.0396775654292","1.9775454577348","3.01657784495815","0.982554002955426","0.0310446783825344","0.032193098154014","0.0222824441989889"
"naive","-0.36464386624749","1.24006890933883","1.6144392404975","3.461228086041","0.0970315537493888","0.112390316971973","0.0816742506755284"
"cc","1.06258763340185","1.93971837708806","3.04138660561031","1.02353016867429","0.047132725750447","0.0480009795918179","0.0348218182706865"
"ipw","1.09069874028045","1.94160805349164","3.02768739677993","1.02395914667478","0.0492324074903366","0.0511424366181278","0.0384131329741736"
"ipw-w","1.03871357753882","1.91078365781741","3.02785500988787","1.0243408532187","0.054329759891847","0.0518000734730404","0.0390853030472052"
"mle","0.976189862198634","1.95729295807595","3.0651850214936","1.02615347101705","0.0420688928745642","0.0433816641865485","0.0306007941896857"
"mle-w","0.976189862198634","1.95729295807595","3.0651850214936","1.02615347101705","0.0420688928745642","0.0433816641865485","0.0306007941896857"
