"Method","beta0.x","beta1.x","beta2.x","sigma.x","beta0.y","beta1.y","beta2.y"
"oracle","0.970875982929344","2.01316599052277","3.02778879331312","1.00645060920417","0.0318373337687332","0.0354529881307074","0.0234226357685541"
"naive","-0.430577986791484","1.36098238750646","1.76214600526557","3.14956222871075","0.0867560118469924","0.100181833811292","0.0851321275663647"
"cc","1.01211137486549","1.9703502875811","3.02315280427859","0.976922745951749","0.0439775167804568","0.0507517911953599","0.0316322091054792"
"ipw","0.992469336698584","1.95150220741074","3.02779906199251","0.977357553798697","0.0486865665036316","0.0557030843901961","0.0392491585615077"
"ipw-w","1.02315350013581","1.96782893592161","3.01348410688997","0.977042543010763","0.0476098268517673","0.0568307040894206","0.0359743524398368"
"mle","1.01231143423099","1.97743449295356","3.02688444992653","0.98216832649924","0.0399069268302582","0.0451303732502861","0.0283664191758928"
"mle-w","1.01231143423099","1.97743449295356","3.02688444992653","0.98216832649924","0.0399069268302582","0.0451303732502861","0.0283664191758928"
