"Method","beta0.x","beta1.x","beta2.x","sigma.x","beta0.y","beta1.y","beta2.y"
"oracle","1.01511292337601","1.99728414883869","2.96986691389364","0.992857338439985","0.0313659723000864","0.0323664328470852","0.0240746667841492"
"naive","-0.47710842934981","1.20032729262166","1.52420780428103","3.17736709493406","0.0896401063233855","0.108183738274245","0.0754409941370224"
"cc","0.970775590228641","1.98994729664312","2.9708410291984","0.97691740239768","0.0454093745877376","0.0440190648149467","0.0346765416303909"
"ipw","0.970473735973031","1.99308884065232","2.9775814848388","0.976958501669875","0.0460742978951846","0.0454974372637692","0.0357097233689513"
"ipw-w","0.965175368222564","2.00873089463841","2.97323369006173","0.977124780835083","0.0532593463382072","0.0529523321093515","0.0417125345818766"
"mle","0.980718410681261","2.01633222950524","2.98080401766567","0.983132724987645","0.0405927561742388","0.0405598860491204","0.0306993189529614"
"mle-w","0.980718410681261","2.01633222950524","2.98080401766567","0.983132724987645","0.0405927561742388","0.0405598860491204","0.0306993189529614"
