"Method","beta0.x","beta1.x","beta2.x","sigma.x","beta0.y","beta1.y","beta2.y"
"oracle","0.951452867239014","1.97643865187306","2.99223304481455","1.01562125706876","0.0320993689365573","0.0299450147870317","0.0240948620011905"
"naive","-0.357791930926976","1.3931371645861","1.59067387808745","3.17378484367453","0.0908145952115775","0.0962499177586959","0.0776275337991972"
"cc","0.916433486936532","1.98789387539447","3.04383984241559","1.01130087459255","0.0467463564598328","0.0412244409974427","0.0353896246843519"
"ipw","0.879427408273558","1.97395396142366","3.08142971952746","1.01320799474463","0.0503424735272969","0.0429486687184992","0.0409217223640624"
"ipw-w","0.866215629502067","1.96925603359786","3.05624174212183","1.01278035773509","0.0600731272185748","0.0516526698431245","0.0504329949805421"
"mle","0.933495928859131","1.98307806544957","3.01444284058667","1.00502484810343","0.0411456244904627","0.0374056673642091","0.0307618669452065"
"mle-w","0.933495928859131","1.98307806544957","3.01444284058667","1.00502484810343","0.0411456244904627","0.0374056673642091","0.0307618669452065"
