"Method","beta0.x","beta1.x","beta2.x","sigma.x","beta0.y","beta1.y","beta2.y"
"oracle","1.02114114917717","1.95573529525987","3.02500152202272","0.994338397887818","0.0314972733253848","0.0331221927181745","0.0246786776475908"
"naive","-0.268621729069412","1.26973942521298","1.6511787398981","3.18748141950063","0.094927118160403","0.112695933562995","0.0837889189883218"
"cc","1.00549510949111","1.91756189160653","3.00808029554191","1.00273691307494","0.0463655940834357","0.0507868030855678","0.037495434656312"
"ipw","0.99003925123202","1.97660285970868","3.01955764165577","1.00420766343417","0.0498668856425398","0.0602765600309829","0.0397097481754157"
"ipw-w","1.01167067080053","1.91682926400465","3.00242498042172","1.00277281717424","0.0555011029485582","0.0604748384105188","0.0526577584609191"
"mle","1.0303031504873","1.91665666672003","3.01785891088466","1.01832682956523","0.0415165393973532","0.0450364660302677","0.0325456594869004"
"mle-w","1.0303031504873","1.91665666672003","3.01785891088466","1.01832682956523","0.0415165393973532","0.0450364660302677","0.0325456594869004"
