"Method","beta0.x","beta1.x","beta2.x","sigma.x","beta0.y","beta1.y","beta2.y"
"oracle","1.02306489077381","2.00302307858908","3.04817844520395","0.996412917132829","0.0315656258015235","0.0328095494110644","0.0244036868572538"
"naive","-0.350759272266214","1.30578284141511","1.56692579398859","3.3850515819653","0.101841452568077","0.113485071240632","0.0786174368621208"
"cc","1.1210264675632","2.04040596165793","3.05263636431963","1.02403104206305","0.0489932590429836","0.0491857304851458","0.0417195760469746"
"ipw","1.11708977097027","2.04043870805169","3.00802092423814","1.02589776873208","0.0527522497662765","0.056443131587779","0.0644828740540204"
"ipw-w","1.13726223692592","2.06154179563644","3.07294294669378","1.02466687872379","0.0564377345402714","0.0596638636882498","0.0424369583260893"
"mle","1.02914653286475","2.03786208549233","3.09301592232241","1.04006153582817","0.043368330421126","0.0457223734792504","0.035991921498686"
"mle-w","1.02914653286475","2.03786208549233","3.09301592232241","1.04006153582817","0.043368330421126","0.0457223734792504","0.035991921498686"
