"Method","beta0.x","beta1.x","beta2.x","sigma.x","beta0.y","beta1.y","beta2.y"
"oracle","0.956169496516457","2.03733285829563","3.05865287503897","0.998850013724309","0.0315454890671725","0.0339446157775392","0.0226276399255433"
"naive","-0.519373771472186","1.33606133804668","1.7621079010158","3.22694404764156","0.0944315870243708","0.111033501144015","0.0767069672556584"
"cc","0.945167681790256","2.0527980100719","3.05864579264123","1.03434935572179","0.0478523648777539","0.0538170304985263","0.0337932410801169"
"ipw","0.980923518911439","2.05570165643246","3.05192502256758","1.03493476239465","0.0485332696499521","0.0512950576389765","0.0337827100025485"
"ipw-w","0.950325594995746","2.00450687218833","3.10865564615004","1.03954533998273","0.0629406722128481","0.0684194810969726","0.0464690558383438"
"mle","0.968295626708537","2.02083633284999","3.04113603102725","1.01914022313459","0.0419207576767308","0.0470092187901779","0.0295166399522381"
"mle-w","0.968295626708537","2.02083633284999","3.04113603102725","1.01914022313459","0.0419207576767308","0.0470092187901779","0.0295166399522381"
