"Method","beta0.x","beta1.x","beta2.x","sigma.x","beta0.y","beta1.y","beta2.y"
"oracle","1.02199755498922","2.03729642759495","3.01767572600358","0.959153086517802","0.0303560977221251","0.0329889679249743","0.0231135357366809"
"naive","-0.348721704434783","1.26963504778136","1.52472570590835","3.37337734443473","0.096673281985952","0.117356540550833","0.0837551906713154"
"cc","1.0508938402374","2.01476584487472","3.00162943777201","0.978632492392715","0.0453390618397683","0.0502650659705972","0.0349396084565483"
"ipw","1.06263017223747","1.99883560356494","3.0027537978042","0.978837180780953","0.0477669226071208","0.0547715321243447","0.0376898865808862"
"ipw-w","1.04029467002129","2.05618293319522","3.02450485998739","0.979446667768198","0.0551640772129543","0.0560875336776184","0.0392405538539188"
"mle","0.992155585021219","2.08772500654587","3.04843601318416","0.999700041829842","0.0420906299177113","0.0490380693558289","0.0320836179855566"
"mle-w","0.992155585021219","2.08772500654587","3.04843601318416","0.999700041829842","0.0420906299177113","0.0490380693558289","0.0320836179855566"
