"Method","beta0.x","beta1.x","beta2.x","sigma.x","beta0.y","beta1.y","beta2.y"
"oracle","1.02890224900236","1.99429339737556","3.00750684710793","0.997198191343578","0.0315602623040066","0.0326257256535769","0.0237225134690957"
"naive","-0.482672452055425","1.2846552731925","1.6581248162956","3.15608592589671","0.0898870756913608","0.107158277726661","0.0730163299430611"
"cc","0.973600620585388","2.01689257533848","3.06385662348551","0.982955735375081","0.0455631046385431","0.0502734319565935","0.0317250844545344"
"ipw","0.977474336070399","2.01567954551146","3.04058058895204","0.983495720892587","0.0459520373303779","0.0507885730304839","0.0343167160783523"
"ipw-w","0.967997739537326","2.05050059489122","3.07263874251868","0.983432902400732","0.0596787466361893","0.0689570846219182","0.0444294688138667"
"mle","1.03480642922983","1.98594212066215","3.01731149208071","0.986151847180187","0.0407357667215657","0.0440961136544583","0.0294497032195494"
"mle-w","1.03480642922983","1.98594212066215","3.01731149208071","0.986151847180187","0.0407357667215657","0.0440961136544583","0.0294497032195494"
