"Method","beta0.x","beta1.x","beta2.x","sigma.x","beta0.y","beta1.y","beta2.y"
"oracle","0.987267850476708","1.9827685390317","2.98371403106856","1.04903764550538","0.0331421933347691","0.0339050430092612","0.0244717565219762"
"naive","-0.345636450368016","1.33036969110517","1.51623904360021","3.31675708132315","0.09566114299612","0.111862209233319","0.0830750553776103"
"cc","1.02248412438375","2.02771160635637","2.96311589277774","1.07146293875801","0.0468815445270129","0.0470030758982253","0.0355968882041634"
"ipw","1.03083906718854","2.04416553642444","2.96390740382604","1.07164171311159","0.0494852576390789","0.0514998822630592","0.0366168738035523"
"ipw-w","1.04192657213383","2.03062009660388","2.94283916936243","1.07195438272706","0.0528332934955505","0.0561159954731948","0.0385741994842956"
"mle","0.988330147410575","1.99760028242355","2.97586346753574","1.06968063461914","0.0425777720961886","0.0431135593760364","0.0317419518713106"
"mle-w","0.988330147410575","1.99760028242355","2.97586346753574","1.06968063461914","0.0425777720961886","0.0431135593760364","0.0317419518713106"
