"Method","beta0.x","beta1.x","beta2.x","sigma.x","beta0.y","beta1.y","beta2.y"
"oracle","1.02306615048842","1.98211360438065","2.98421620621582","0.987400769973558","0.0313030529419767","0.032414360712791","0.0249309110216667"
"naive","-0.436992844340286","1.38581928040553","1.71319062556922","3.03728358038863","0.0888542282013567","0.0990448177269329","0.0796756060493146"
"cc","1.01610630735872","1.97545576558852","2.97027832233056","0.99385757062412","0.0449095935917205","0.0442699063483543","0.0350268967126661"
"ipw","1.01359864701781","2.0014152794731","2.97349737716163","0.994181572897531","0.044613579644879","0.0431336443493023","0.0324217210394191"
"ipw-w","1.07454197222695","1.93184924780722","3.00173218551405","0.998620161511174","0.0562442783335987","0.0507283885066737","0.0438384877057668"
"mle","0.996256215188522","1.96214210188044","2.98267071230607","0.990063902694197","0.0398986265159045","0.0404984798153415","0.0310450561426425"
"mle-w","0.996256215188522","1.96214210188044","2.98267071230607","0.990063902694197","0.0398986265159045","0.0404984798153415","0.0310450561426425"
