"Method","beta0.x","beta1.x","beta2.x","sigma.x","beta0.y","beta1.y","beta2.y"
"oracle","1.00750697032471","1.97821643633913","2.97753911034279","1.01085782422146","0.0319943454483291","0.0354646804144606","0.0230304089642821"
"naive","-0.319746811429623","1.34950060961757","1.78698212936745","2.9408399837657","0.0798219433772678","0.096654015710128","0.0733228700273235"
"cc","0.974395244077595","2.01357917709157","2.9752066059136","1.01510429154487","0.0455356234659955","0.0488308886297949","0.03347282467926"
"ipw","0.968467415985562","2.0191166647815","2.9779939259481","1.01513272675031","0.0490959673441819","0.0504684283551732","0.0397129148926153"
"ipw-w","0.969471519961175","2.02828119708614","2.97701547363514","1.01521033503295","0.0522884796876821","0.0576361317941287","0.0396957762845135"
"mle","1.01004442820874","1.994735650334","2.96036969435182","1.0056867695376","0.040551107288689","0.04401833062521","0.029339871721505"
"mle-w","1.01004442820874","1.994735650334","2.96036969435182","1.0056867695376","0.040551107288689","0.04401833062521","0.029339871721505"
