"Method","beta0.x","beta1.x","beta2.x","sigma.x","beta0.y","beta1.y","beta2.y"
"oracle","1.02215803192898","1.98472356074692","2.99586243500619","1.0438755135342","0.0330498624542369","0.0343168379159542","0.0255289894178755"
"naive","-0.261419547376108","1.00109172843443","1.50981309174559","3.13564165261667","0.0957673031761187","0.110530174487178","0.0751316158100424"
"cc","0.982299274809377","1.99847942801415","3.02071860016243","1.02302746223429","0.0480812025196231","0.0469247207089228","0.0398944074228005"
"ipw","0.975932193174299","2.00277218012514","3.04203635635981","1.02336913255861","0.0505029576658962","0.0492942322517265","0.0389733801093753"
"ipw-w","1.01845962195299","2.00313059206125","3.02798590252979","1.0238012590804","0.0606740239275895","0.055973133450943","0.049350485249675"
"mle","1.01044339664968","1.9692242978931","2.99723436293257","1.01975868631739","0.0419351975347849","0.0428518628446143","0.0341049945296785"
"mle-w","1.01044339664968","1.9692242978931","2.99723436293257","1.01975868631739","0.0419351975347849","0.0428518628446143","0.0341049945296785"
