"Method","beta0.x","beta1.x","beta2.x","sigma.x","beta0.y","beta1.y","beta2.y"
"oracle","1.00626408028783","2.04312327364718","2.96440485697803","0.976741960302097","0.0310961954420608","0.0329191444667321","0.0231576145225462"
"naive","-0.240046035698954","1.35004897967581","1.64193516094424","3.02025705587688","0.0890578961370902","0.104632824254866","0.0753623450387697"
"cc","1.01903449068299","1.99557501642025","2.9657341701315","0.963522375156266","0.0451342558771146","0.0455628867447626","0.0326903249412494"
"ipw","1.02897570398357","1.99993052125581","2.94236206986642","0.964126999110439","0.0466089694168742","0.04715952288661","0.0362948782979093"
"ipw-w","1.04287373491802","2.01882750760773","2.99104213539763","0.96466339529275","0.0544260586639704","0.0538820670170289","0.0372093866139276"
"mle","1.03917548379196","2.01014041770393","2.96169780751532","0.951562146017844","0.0397794956086428","0.0406145898347543","0.0285122541420535"
"mle-w","1.03917548379196","2.01014041770393","2.96169780751532","0.951562146017844","0.0397794956086428","0.0406145898347543","0.0285122541420535"
