"Method","beta0.x","beta1.x","beta2.x","sigma.x","beta0.y","beta1.y","beta2.y"
"oracle","0.994797197080275","2.02940924776822","3.00368366501011","1.03300529925865","0.032656917545858","0.0338929776481213","0.0244528026859261"
"naive","-0.349777477043217","1.48587665035671","1.59168019097991","3.15924116800788","0.0880609614577085","0.108387851502751","0.0844385909489691"
"cc","1.0212724581854","2.08270140496572","3.00304375947804","1.04141716673243","0.0477902924660069","0.0482861896921059","0.0361305004855357"
"ipw","1.03001806148146","2.09552815320112","2.98644060052174","1.04183055897111","0.0513289601694227","0.052750627846488","0.0385919203944562"
"ipw-w","0.975780676388239","2.1069170059695","3.06643346191115","1.04480847605211","0.0532453055578988","0.0609499280654855","0.0452848506757723"
"mle","1.00327294716192","2.07236198882796","2.99244796616847","1.04467929753323","0.0424095760325675","0.0429456469751992","0.0315057361903128"
"mle-w","1.00327294716192","2.07236198882796","2.99244796616847","1.04467929753323","0.0424095760325675","0.0429456469751992","0.0315057361903128"
