"Method","beta0.x","beta1.x","beta2.x","sigma.x","beta0.y","beta1.y","beta2.y"
"oracle","1.04940104495399","2.03640531022318","3.03345056512362","1.00303676968184","0.0316543471383576","0.0363887875221182","0.0248213449997618"
"naive","-0.234167163061792","1.46131696103644","1.65276230771409","3.18131210104638","0.0923660962464076","0.115004206374324","0.0803664203088508"
"cc","1.05594125954146","2.06268670380997","3.03170769833324","1.03271250236956","0.0462567913107965","0.0492401934420086","0.0356607632301824"
"ipw","1.04026372527499","2.07201513455262","3.0410433572986","1.03287849068032","0.0485871632633953","0.0502732681830331","0.036372961918978"
"ipw-w","1.09370621962747","2.03225371036542","3.02881302971438","1.03375330221359","0.0550479389786871","0.0564672667664657","0.0411902481461799"
"mle","1.04953291675185","2.07013759885975","3.02929284470201","1.0282817847184","0.0392504844763527","0.0424049852894068","0.0304420758725714"
"mle-w","1.04953291675185","2.07013759885975","3.02929284470201","1.0282817847184","0.0392504844763527","0.0424049852894068","0.0304420758725714"
