"Method","beta0.x","beta1.x","beta2.x","sigma.x","beta0.y","beta1.y","beta2.y"
"oracle","0.989229221012925","1.99205793322869","3.00321158459185","1.00267530066343","0.0317471362964332","0.0330640791024008","0.0248754236848278"
"naive","-0.384691983202154","1.23695609860696","1.68209591599284","3.2614728048436","0.0979961831410228","0.114909832378829","0.0873898819233563"
"cc","0.954611572580153","2.03202873424341","2.99627507543146","1.00399156268692","0.0454661710950137","0.047576168201613","0.0335924514440889"
"ipw","0.938775660296735","2.0436130288447","3.02931168284289","1.00497181688985","0.046715237879517","0.0495029929879849","0.0358223925423939"
"ipw-w","0.968348923945358","2.04969775772677","3.02070841419066","1.00473440031589","0.0578940272765343","0.0577142833959414","0.0432680498461176"
"mle","0.971269571906331","2.04044017842349","3.02961026935505","1.01049199436377","0.040925880713474","0.0436558030637237","0.0310503845157337"
"mle-w","0.971269571906331","2.04044017842349","3.02961026935505","1.01049199436377","0.040925880713474","0.0436558030637237","0.0310503845157337"
