"Method","beta0.x","beta1.x","beta2.x","sigma.x","beta0.y","beta1.y","beta2.y"
"oracle","1.00721603387422","1.99588985051458","2.99558449510625","1.01332794276691","0.0320483491035208","0.0347081940640221","0.0251007156941389"
"naive","-0.37429765497281","1.24226189776823","1.60093353533716","3.27769683441898","0.0982735769273896","0.114382774560633","0.0853124352235114"
"cc","1.00476445779694","1.9884848519585","3.0289100012444","1.02828794394248","0.0484296285008274","0.0526598271099197","0.037502134864974"
"ipw","0.962732476933622","2.02472445650911","3.07208126100605","1.03035595115395","0.0527282743292462","0.0541452426687883","0.0508885646808075"
"ipw-w","1.00320812769542","2.00723694019677","3.0102733060942","1.02896958280407","0.0522134125510718","0.0548721156607231","0.0408079429457631"
"mle","1.02480986992791","2.00419713481801","3.00392249019808","1.023010758807","0.0421961914120304","0.0458083571030279","0.0326160589646471"
"mle-w","1.02480986992791","2.00419713481801","3.00392249019808","1.023010758807","0.0421961914120304","0.0458083571030279","0.0326160589646471"
