"Method","beta0.x","beta1.x","beta2.x","sigma.x","beta0.y","beta1.y","beta2.y"
"oracle","0.937010002651441","1.98553543123882","2.95413141407565","0.954782640414154","0.0302316999913936","0.0324143646878864","0.0231469302046726"
"naive","-0.358591103882462","1.44731696960729","1.54083690109734","3.20224387591571","0.0910505717979894","0.110568139380419","0.0920660303523016"
"cc","0.949296056086776","1.94607342315273","2.97114627786165","0.90507801952763","0.0403920443507131","0.0438407558762299","0.0322239676920411"
"ipw","0.943433007079673","1.93929625288109","2.9551321649855","0.905345669818504","0.0411836090208984","0.0435588267551416","0.0312168420809846"
"ipw-w","0.914287980039625","1.93410645796691","2.98607863477033","0.905989651285722","0.0493328532879031","0.0514779106557661","0.040185894167716"
"mle","0.937622406442767","1.9638661791396","2.98106339602359","0.90760545577288","0.0370202846894678","0.0402960248291747","0.0293015208296107"
"mle-w","0.937622406442767","1.9638661791396","2.98106339602359","0.90760545577288","0.0370202846894678","0.0402960248291747","0.0293015208296107"
