"Method","beta0.x","beta1.x","beta2.x","sigma.x","beta0.y","beta1.y","beta2.y"
"oracle","0.970304314502181","1.98298041050668","3.01369279826477","1.01206777945579","0.0320240127571643","0.0347899137537692","0.0230644682919252"
"naive","-0.43758717197916","1.39733940545691","1.64092066063055","3.29013773389875","0.0922715628351301","0.116986938747269","0.0773424817388329"
"cc","0.953508096583572","1.93137397804213","2.9792283657","0.98150259511813","0.0454248478800195","0.0517855192626831","0.0314115861885285"
"ipw","0.976386469183113","1.95294070606293","2.98817903950858","0.982057162128283","0.0469084235714373","0.0547914626527805","0.0331775486139443"
"ipw-w","0.967641321453834","1.92589414790046","2.99028185781327","0.981826323054746","0.0553104925679067","0.0591313912870614","0.0387224983333702"
"mle","0.964735669106433","1.93755180472161","2.9903852286376","0.98151045033363","0.0406899627114256","0.0444759135523708","0.0277509711886765"
"mle-w","0.964735669106433","1.93755180472161","2.9903852286376","0.98151045033363","0.0406899627114256","0.0444759135523708","0.0277509711886765"
