"Method","beta0.x","beta1.x","beta2.x","sigma.x","beta0.y","beta1.y","beta2.y"
"oracle","0.9402263672272","2.0017761669495","2.99507532698445","0.987506965836114","0.0312943538632664","0.0347127522449272","0.0236805752747961"
"naive","-0.493944511045723","1.25082157238277","1.65070639182352","3.13470924499885","0.087100777446726","0.11899736605184","0.0770288711904149"
"cc","0.922213860899243","2.02312565904169","2.98136666983646","0.966718452886561","0.0434943108019872","0.0496821399022145","0.0317243552971256"
"ipw","0.906331341953987","2.02855709925953","2.99543470372436","0.96697778980314","0.0422734833110758","0.0475456967271095","0.029873741762552"
"ipw-w","0.944956322145659","2.03700637290797","2.99186881946644","0.967154163162294","0.0541123561986257","0.0575763270556309","0.0373229302611542"
"mle","0.9601207244728","1.99508915500385","2.98555496755889","0.96950544361863","0.0394046082124901","0.0452663885048827","0.0290653375153414"
"mle-w","0.9601207244728","1.99508915500385","2.98555496755889","0.96950544361863","0.0394046082124901","0.0452663885048827","0.0290653375153414"
