"Method","beta0.x","beta1.x","beta2.x","sigma.x","beta0.y","beta1.y","beta2.y"
"oracle","0.996275228804652","2.01083405810444","2.98606965889734","1.0070279786244","0.031826283894618","0.0334392984180812","0.0250004199891626"
"naive","-0.340060437308545","1.23996176976655","1.7383198045915","3.05728987587771","0.0897911098877547","0.10200731574837","0.0796035519466308"
"cc","1.00562559478773","2.09129795129335","2.98541599493829","1.01455713641028","0.045568623603428","0.0459249588828703","0.0390835165605341"
"ipw","0.997234176827132","2.09207807302194","2.96545182106728","1.01503553716782","0.0472179640673451","0.0508934818315895","0.0411249752936788"
"ipw-w","1.0018533110043","2.05899186969615","2.97133604584342","1.01505802191079","0.0565272449981074","0.055170530227974","0.0495462115574649"
"mle","1.0019179101985","2.05322154995932","2.99559373996272","1.02234981884799","0.0365013267884319","0.040292173815881","0.047362721185906"
"mle-w","1.0019179101985","2.05322154995932","2.99559373996272","1.02234981884799","0.0365013267884319","0.040292173815881","0.047362721185906"
