"Method","beta0.x","beta1.x","beta2.x","sigma.x","beta0.y","beta1.y","beta2.y"
"oracle","1.0156068617365","2.06926245772644","2.99466307744103","0.995679681582726","0.0315050682537489","0.0344770128159944","0.0244754826002417"
"naive","-0.380129856716757","1.43315745812401","1.77044181999998","3.08475430326274","0.0894166391463237","0.106187723553829","0.0799932144539022"
"cc","0.98411785335408","2.04737183018305","2.98550456132493","0.966790146538002","0.0452034689015482","0.0480809011161866","0.0335303947697443"
"ipw","0.999002502139563","2.05545222641969","2.98578362051801","0.966945315616742","0.0449028889338707","0.0494378716459551","0.0326549697144743"
"ipw-w","1.03686185463228","2.07387252160064","2.97145158554948","0.968852054424171","0.0526623157419195","0.0582192442361315","0.0369533912675069"
"mle","1.02919301338218","2.00997075036226","2.96931584810804","0.960782718683789","0.0397667881796766","0.042298718357935","0.0292945717353996"
"mle-w","1.02919301338218","2.00997075036226","2.96931584810804","0.960782718683789","0.0397667881796766","0.042298718357935","0.0292945717353996"
