"Method","beta0.x","beta1.x","beta2.x","sigma.x","beta0.y","beta1.y","beta2.y"
"oracle","0.98678158947154","1.97502446287555","2.97040436256422","0.970281856685179","0.0307041542832054","0.0321418080398623","0.0239713440169754"
"naive","-0.335428462776685","1.25263970753841","1.57121994376584","3.08431933986974","0.0851554742795143","0.105166113675771","0.0766592465731997"
"cc","0.995612473517532","1.98907405457099","2.97399357846714","0.947713297882507","0.0431978665031603","0.0469785114907127","0.0343720200220965"
"ipw","1.01355148106717","2.00059301175946","2.95875014197705","0.948228668639747","0.0439184253652158","0.0484350281392988","0.035129768250076"
"ipw-w","0.988082574648221","1.93559849380041","2.92881182452424","0.950014740255541","0.0513620077370532","0.0495695493029693","0.0364278884877427"
"mle","1.02333072486737","1.97980855438794","2.97829321865505","0.952114063878502","0.0390744617431992","0.0422476591023518","0.0309528605769106"
"mle-w","1.02333072486737","1.97980855438794","2.97829321865505","0.952114063878502","0.0390744617431992","0.0422476591023518","0.0309528605769106"
