"Method","beta0.x","beta1.x","beta2.x","sigma.x","beta0.y","beta1.y","beta2.y"
"oracle","1.03668017654506","2.04602537058368","3.04504675015829","1.02870048031898","0.0324933356854334","0.0335287851318083","0.024576154805739"
"naive","-0.409053289619981","1.2916295598997","1.56780307565599","3.27904085872646","0.0928342056206204","0.10413037148901","0.0837875993200572"
"cc","0.997935618006058","2.105841408999","3.08445442090937","1.00663864429348","0.0461401773571748","0.0460537117420288","0.0333140008517969"
"ipw","0.971086581072422","2.10245516691612","3.10679471204193","1.00740019138519","0.0479712163450881","0.0474485119275894","0.0350071349532546"
"ipw-w","0.980056150110295","2.11602123209784","3.08708731075807","1.00683603761328","0.0544249604607286","0.0564413376490888","0.0389151947113764"
"mle","1.02192258658173","2.09782735974128","3.06395592776294","1.00897255753742","0.0413825235487662","0.0411890147928728","0.0310548276978522"
"mle-w","1.02192258658173","2.09782735974128","3.06395592776294","1.00897255753742","0.0413825235487662","0.0411890147928728","0.0310548276978522"
