"Method","beta0.x","beta1.x","beta2.x","sigma.x","beta0.y","beta1.y","beta2.y"
"oracle","0.987539072185995","2.04062744143993","2.97403842263112","0.999255200080527","0.0316128455833671","0.0350106103608639","0.0246080507542442"
"naive","-0.421239131545607","1.38965804542338","1.69091121156982","3.15271015161715","0.0880911335705391","0.107771688822473","0.0799786060813073"
"cc","0.960011641098667","2.04311380486514","2.99159853588253","1.01902108561473","0.0463918922940487","0.0521105237562024","0.0367188002664819"
"ipw","0.93568030677945","2.08395467747033","3.04057434681812","1.02141248215318","0.052481150010528","0.0826225885930734","0.0607320133631204"
"ipw-w","0.963935385686331","2.05717653744922","3.02727831775257","1.02029213088675","0.0542278723180785","0.065545710906344","0.0419447161268637"
"mle","1.00033527154848","2.05808057811517","2.96307233658007","1.01758828987178","0.0413979997649637","0.0479249720854675","0.0326717228881144"
"mle-w","1.00033527154848","2.05808057811517","2.96307233658007","1.01758828987178","0.0413979997649637","0.0479249720854675","0.0326717228881144"
