"Method","beta0.x","beta1.x","beta2.x","sigma.x","beta0.y","beta1.y","beta2.y"
"oracle","1.03702077827121","2.01119633780612","3.00489118988345","0.985946693189878","0.0313481025000106","0.0309278596249856","0.0244508152366109"
"naive","-0.222601115408281","1.44734230467737","1.69006100297121","3.15428056386834","0.092221617245019","0.101249755654255","0.0819502468754585"
"cc","1.05062811529328","1.97065861242355","3.02773638829695","0.936513701680539","0.0425454084841405","0.04215759433751","0.0320886828113174"
"ipw","1.04984011996016","1.96250310318642","3.02377917997383","0.936555411067408","0.0435590036769481","0.0422031178729698","0.0312023793472516"
"ipw-w","1.05047020252021","1.95731924041728","3.00083778995395","0.937207666046517","0.0495699116588646","0.0433846317877391","0.0344022138209633"
"mle","1.04451315537842","2.00056075659932","3.03960487799485","0.953264749140685","0.0390945780466138","0.038551953356479","0.02944951846897"
"mle-w","1.04451315537842","2.00056075659932","3.03960487799485","0.953264749140685","0.0390945780466138","0.038551953356479","0.02944951846897"
