"Method","beta0.x","beta1.x","beta2.x","sigma.x","beta0.y","beta1.y","beta2.y"
"oracle","1.01193804285831","2.01269173315234","3.03827784733009","0.981341458800138","0.031039761686221","0.0347221903240133","0.0240326641447174"
"naive","-0.193573394377961","1.17856134992017","1.49331535012943","3.25970980473077","0.0906011484268252","0.113086542944555","0.0837183354630023"
"cc","1.0110607930167","2.0260178839486","3.07154914385359","0.989078018549049","0.0448891773972793","0.0477995768754893","0.0346996683658915"
"ipw","0.986920762302806","2.02588538546323","3.0855028344316","0.989442286431026","0.0468080371103304","0.0504710424040504","0.036526928352489"
"ipw-w","0.989713471617213","1.99688509769478","3.08655677945826","0.990019468940892","0.0496446226390491","0.054195170014185","0.0405616828665343"
"mle","0.975837099249541","2.02503100185665","3.07238249023647","1.00763786785537","0.0409506948718776","0.0442302889680488","0.0313643119003006"
"mle-w","0.975837099249541","2.02503100185665","3.07238249023647","1.00763786785537","0.0409506948718776","0.0442302889680488","0.0313643119003006"
