"Method","beta0.x","beta1.x","beta2.x","sigma.x","beta0.y","beta1.y","beta2.y"
"oracle","0.966045777394151","1.94890538961409","2.97906904069691","0.982345660012957","0.0310912567041225","0.0327571754299285","0.0231803331698887"
"naive","-0.350511339906388","1.34778758829522","1.72857959201574","3.05250104223345","0.0879956480185018","0.104678931112884","0.080838262005258"
"cc","0.976722001891804","1.88038704582706","2.98063332507282","1.0029926860662","0.0458761065886546","0.0459696674521745","0.0343148728539394"
"ipw","0.973393309174539","1.90240773511688","2.98995185097817","1.00320187354535","0.0527089496140874","0.0506500943947532","0.0427078530539832"
"ipw-w","0.990085408115547","1.87892461512","2.9612171012995","1.00335901875537","0.0530735088448579","0.0553621858752215","0.0416964981032349"
"mle","0.966296294171814","1.91562390209246","2.98726270034561","1.00894942978239","0.0412535181339169","0.0424027600838298","0.031586875838249"
"mle-w","0.966296294171814","1.91562390209246","2.98726270034561","1.00894942978239","0.0412535181339169","0.0424027600838298","0.031586875838249"
