"Method","beta0.x","beta1.x","beta2.x","sigma.x","beta0.y","beta1.y","beta2.y"
"oracle","1.00642686059604","1.9666589089213","2.99380938880275","1.00001086834827","0.0315853799616799","0.0330094361263534","0.0240582732890128"
"naive","-0.416047976487572","1.34665691939809","1.71216856863712","3.16387382328259","0.0880541668090062","0.106474935771041","0.0768441535808377"
"cc","1.0286959661541","2.00163379652651","2.97352577976377","0.97825358502343","0.0457434353415388","0.0459530052711774","0.0346760474354446"
"ipw","1.03682391391811","2.01865244664794","2.98810352809648","0.978575147043207","0.0461759347270023","0.0480050396012082","0.0355688175053945"
"ipw-w","1.04115894849899","1.95316683980704","2.97292910406389","0.979421911381224","0.0568309786280056","0.0592150683587719","0.0421996039990308"
"mle","1.03054154149581","1.98475043331331","2.98872489031217","0.993203544088935","0.0410190541599267","0.041842711407947","0.0299777964221369"
"mle-w","1.03054154149581","1.98475043331331","2.98872489031217","0.993203544088935","0.0410190541599267","0.041842711407947","0.0299777964221369"
