"Method","beta0.x","beta1.x","beta2.x","sigma.x","beta0.y","beta1.y","beta2.y"
"oracle","0.979761615774783","2.01038969920544","3.02174797633868","1.01194354403881","0.0320074675551441","0.0345038043808534","0.0238414982707224"
"naive","-0.438250961497848","1.28797205943536","1.64227573631609","3.28103241126747","0.0921065580125599","0.111783243899754","0.0847017219939675"
"cc","0.989191657692046","2.0501669690333","3.0160439022467","1.00682972207729","0.0456005722635494","0.051506957431593","0.0332787690460476"
"ipw","0.983348837199224","2.03628234822988","3.00082525900288","1.00710230973875","0.0466117060654984","0.0551517313645035","0.0389272592083317"
"ipw-w","1.01535220334876","1.99038738380803","3.0207321250216","1.00906409029838","0.0555894393486346","0.061352775945877","0.0399149135996501"
"mle","0.978853906801701","2.02881627820635","3.0435122831977","1.00801801882819","0.0408936799287537","0.0455038212105575","0.030068461397217"
"mle-w","0.978853906801701","2.02881627820635","3.0435122831977","1.00801801882819","0.0408936799287537","0.0455038212105575","0.030068461397217"
