"Method","beta0.x","beta1.x","beta2.x","sigma.x","beta0.y","beta1.y","beta2.y"
"oracle","0.953405843559288","1.9585467983763","3.02208359527468","1.00288761356713","0.0318388919392738","0.032619722859114","0.025133803673997"
"naive","-0.329774118094028","1.33495262359656","1.67030661964077","3.16898976864616","0.0917969681776448","0.108861803632013","0.0739768187277486"
"cc","0.926854092992039","1.98423480913597","3.04132177558352","1.0188110007584","0.047999817743553","0.047296377784921","0.03752343178037"
"ipw","0.933687818198302","1.96589882673377","3.01842924715998","1.01925403378012","0.0492234014729339","0.0489094094229291","0.0391097979339345"
"ipw-w","0.921499134095081","2.04725619164605","3.09961657121654","1.02223802906835","0.055974678498494","0.0581998025636611","0.0452771129727554"
"mle","0.963384522858857","1.96551374875655","3.03353148357474","1.02042050109106","0.0419608973024668","0.0434066764736794","0.0321848122729767"
"mle-w","0.963384522858857","1.96551374875655","3.03353148357474","1.02042050109106","0.0419608973024668","0.0434066764736794","0.0321848122729767"
