"Method","beta0.x","beta1.x","beta2.x","sigma.x","beta0.y","beta1.y","beta2.y"
"oracle","0.991676210115763","2.01784184019358","3.00578216443626","0.987818083552881","0.0312187387817325","0.0337056340506401","0.0231600723217633"
"naive","-0.326585083359964","1.42863497727391","1.63746201427716","3.1862855576461","0.0916957518762042","0.10029046972702","0.078827381297596"
"cc","1.02377896919937","2.01305388040269","3.02105412287036","0.951693971343576","0.0438726197508411","0.0489093093029799","0.0320092694355499"
"ipw","1.05186821023978","2.00862093152012","3.02688958949389","0.952232404699618","0.0457720892346475","0.0533336524353689","0.0335869157533351"
"ipw-w","1.00097741372151","2.05108631049374","2.99996411655257","0.953769516872421","0.0521779388612409","0.0531025871583498","0.0447197261482661"
"mle","1.00662965120204","2.02699996860868","3.0130162602237","0.945222084888827","0.0389427812422042","0.0434807966179912","0.0279931267101228"
"mle-w","1.00662965120204","2.02699996860868","3.0130162602237","0.945222084888827","0.0389427812422042","0.0434807966179912","0.0279931267101228"
