"Method","beta0.x","beta1.x","beta2.x","sigma.x","beta0.y","beta1.y","beta2.y"
"oracle","0.990074954329019","2.02163141431587","3.02553871999793","0.999861759970056","0.0316897682747981","0.0363356409511106","0.0236857474647834"
"naive","-0.401738268676389","1.16556301147006","1.55565322572151","3.20473954204607","0.0877134678212645","0.113990803226688","0.0746560816097892"
"cc","0.972952635633712","2.04776639225129","3.06511480686831","0.947669794950182","0.0429074464492982","0.0498475017088876","0.0323983416372636"
"ipw","0.961962317383581","2.05107452593477","3.10479246256009","0.949193375481697","0.0451414887133017","0.0520514073414265","0.0467377860126495"
"ipw-w","0.9765152636953","2.06819769642751","3.04487838871785","0.948485564768892","0.0482402699982386","0.0558075770979151","0.034301090731297"
"mle","0.992273003613118","2.03769864190845","3.06638516094245","0.947734020677537","0.0385184719713627","0.0447570948777998","0.028128773530581"
"mle-w","0.992273003613118","2.03769864190845","3.06638516094245","0.947734020677537","0.0385184719713627","0.0447570948777998","0.028128773530581"
