"Method","beta0.x","beta1.x","beta2.x","sigma.x","beta0.y","beta1.y","beta2.y"
"oracle","1.06137129893645","1.96702706518383","2.97628343844668","0.976066792764198","0.0308822488770241","0.0320729094100478","0.0224285329169562"
"naive","-0.257638816670503","1.33008841516434","1.59407967397646","3.11151744192658","0.0890676502022817","0.103526993034165","0.0753881827412357"
"cc","1.11493065250458","1.93224964252785","2.95243974300222","0.975832347612774","0.0431743144671658","0.0433060967696756","0.0297216530979926"
"ipw","1.09007980552898","1.95341275748689","2.98143207638809","0.976762876954955","0.0476979012535552","0.0486022258341752","0.0347597418560433"
"ipw-w","1.13197190204518","1.97936935574837","2.96901312347572","0.977095275918701","0.0468951767016946","0.0433092593072894","0.0297743306138237"
"mle","1.0920930675503","1.9306823566175","2.94796339656496","0.970102337262593","0.0390901641445314","0.0395400137891615","0.0272444868799624"
"mle-w","1.0920930675503","1.9306823566175","2.94796339656496","0.970102337262593","0.0390901641445314","0.0395400137891615","0.0272444868799624"
