"Method","beta0.x","beta1.x","beta2.x","sigma.x","beta0.y","beta1.y","beta2.y"
"oracle","1.04761564243325","1.95454184752277","2.98823180858337","0.97324024366308","0.0308043481339098","0.0319867947400623","0.0223918196170317"
"naive","-0.5580239614634","1.2686062385439","1.65142341527937","3.18315824785181","0.0905642398558743","0.110721423341377","0.0701055638604893"
"cc","1.09402374752683","1.89680150658172","2.97134815446651","0.94474942064819","0.0428445512106374","0.0478292223879124","0.0322257864120391"
"ipw","1.09196124487971","1.85274909955018","2.93402285353187","0.946376388458278","0.0476434834381265","0.058590769358299","0.0416851787376999"
"ipw-w","1.12247845137783","1.86621120901293","2.97134981126513","0.945686535970647","0.0486943991490165","0.0471636677465163","0.0359722732443806"
"mle","1.06207320743486","1.9420781073128","2.99854459716721","0.93990675821537","0.0387973861449893","0.0431863023617174","0.0285835377836527"
"mle-w","1.06207320743486","1.9420781073128","2.99854459716721","0.93990675821537","0.0387973861449893","0.0431863023617174","0.0285835377836527"
