"Method","beta0.x","beta1.x","beta2.x","sigma.x","beta0.y","beta1.y","beta2.y"
"oracle","1.00159235265992","1.95150199288922","2.96915137128077","0.990085006078796","0.0314054895689384","0.0349391980468428","0.0236772490148797"
"naive","-0.344351861002261","1.36874361344838","1.77220374046856","2.98770154162695","0.0827195976050919","0.101548151829471","0.073361695875226"
"cc","0.92127538724549","2.01796118854444","2.98080014413416","0.946619077161146","0.0428425070161387","0.0466323865054262","0.0315851602565618"
"ipw","0.921675649770127","2.02149671199901","2.97570234475725","0.946661857619014","0.045367087588825","0.054006419006031","0.0396537339857905"
"ipw-w","0.968506325614987","1.99567513528238","2.96608379942151","0.947953560337967","0.0506662969828992","0.0531512743317731","0.0365839218396995"
"mle","0.946408554446695","2.01372066082742","2.98455114350831","0.945049567586353","0.0386002886251692","0.0415929104103816","0.0276951283902605"
"mle-w","0.946408554446695","2.01372066082742","2.98455114350831","0.945049567586353","0.0386002886251692","0.0415929104103816","0.0276951283902605"
