"Method","beta0.x","beta1.x","beta2.x","sigma.x","beta0.y","beta1.y","beta2.y"
"oracle","1.02111678555107","2.04803966065635","3.00510806204332","1.01438612456072","0.0321089472443239","0.0346828535912199","0.026489569221425"
"naive","-0.352162882347201","1.32265742632467","1.56705861546516","3.17338490629391","0.0929249594772135","0.111412160318927","0.0776980970626509"
"cc","1.07785266822223","2.0380998045095","2.97470242729431","1.0055712227867","0.0469443442838161","0.0476419014395169","0.0399593329937685"
"ipw","1.08352895085986","2.04320825800018","2.97959702981349","1.00561864323703","0.0510419897238085","0.052409041999729","0.0420196556985465"
"ipw-w","1.12074715864878","2.0758059784793","3.01104136751035","1.00821656771233","0.0652724397311984","0.0675614086422902","0.0524930061069905"
"mle","1.0768140631188","2.06677431837352","2.97536974149083","1.00371229968073","0.041663104943796","0.042876209616093","0.0345315629668629"
"mle-w","1.0768140631188","2.06677431837352","2.97536974149083","1.00371229968073","0.041663104943796","0.042876209616093","0.0345315629668629"
