"Method","beta0.x","beta1.x","beta2.x","sigma.x","beta0.y","beta1.y","beta2.y"
"oracle","0.985053259209646","1.97242641319335","2.95806557872804","0.977799698350006","0.0308472422978206","0.0350726785086639","0.0231349562481807"
"naive","-0.441517440544019","1.30481145949299","1.71295307265067","3.0447312859861","0.0849831170909107","0.108886976582173","0.0781882541144341"
"cc","1.01995371403144","2.05000462402388","2.98053909952275","0.954539576114482","0.0439148585336816","0.0459069276258887","0.0316703733187562"
"ipw","1.03887975949368","2.02751221659496","2.95815861522425","0.955156741195737","0.0454291630977978","0.0500981111998762","0.0333091155065244"
"ipw-w","1.02640245872019","2.01111498560864","2.94941451904279","0.95568418343332","0.0540773509333603","0.0572501342850744","0.0361253635298808"
"mle","1.01136880747941","2.05181277469545","2.97765234273083","0.960416914558968","0.0394601134280481","0.0434184362427596","0.0279148221871712"
"mle-w","1.01136880747941","2.05181277469545","2.97765234273083","0.960416914558968","0.0394601134280481","0.0434184362427596","0.0279148221871712"
