"Method","beta0.x","beta1.x","beta2.x","sigma.x","beta0.y","beta1.y","beta2.y"
"oracle","1.03706294278913","2.05891729168259","3.0067274620721","0.997801698185989","0.0315478227472722","0.0364491389964596","0.0222420025768365"
"naive","-0.363571103988383","1.45908472511039","1.74660688208557","3.1373248759027","0.0892080759199035","0.112533212063093","0.0809056662787576"
"cc","1.06599362595997","2.00143927772212","2.98689004078097","0.985412100325674","0.0448890598726101","0.0518159743470794","0.0314839033584857"
"ipw","1.09669095005627","2.02054146383904","2.98482730676976","0.986090316152845","0.0453327070538582","0.0519262031530874","0.0354498298923384"
"ipw-w","1.04243317020703","2.045144014683","2.99871818533105","0.986407960085844","0.0505362630482472","0.0548634389289224","0.0366425621205045"
"mle","1.08469451792738","2.04177787994461","2.99572655645612","0.982517431942629","0.0403900129440493","0.0464487611875799","0.0278432124621997"
"mle-w","1.08469451792738","2.04177787994461","2.99572655645612","0.982517431942629","0.0403900129440493","0.0464487611875799","0.0278432124621997"
