"Method","beta0.x","beta1.x","beta2.x","sigma.x","beta0.y","beta1.y","beta2.y"
"oracle","1.02134805257469","2.04629647470563","2.9777061367459","0.994256411398401","0.0314828496068298","0.035333254507194","0.0238118478158715"
"naive","-0.336665547468499","1.4049821811503","1.56235416046988","3.19950985435815","0.0921010897562294","0.104355106313736","0.0794026691815329"
"cc","1.0507395012989","2.04213900893574","2.98103747151361","1.00676729867634","0.045856298097948","0.0480303164063391","0.0356597591456339"
"ipw","1.05443354502396","2.09446424965465","2.99162594116654","1.00790732656189","0.046734587390745","0.0483747760427361","0.0338415035108206"
"ipw-w","1.10426737921118","2.05635544504591","2.96738662597091","1.00837291629352","0.062087726580168","0.0614938242157631","0.0500078903725552"
"mle","1.02497718549221","2.05846769375911","2.99009597699794","1.01115772888838","0.0412580531669811","0.0438400571121439","0.0312682186687066"
"mle-w","1.02497718549221","2.05846769375911","2.99009597699794","1.01115772888838","0.0412580531669811","0.0438400571121439","0.0312682186687066"
