"Method","beta0.x","beta1.x","beta2.x","sigma.x","beta0.y","beta1.y","beta2.y"
"oracle","1.02569309902553","1.9692783716587","2.98689436992842","1.0190137709763","0.0322452274165024","0.0343587647890419","0.0241578054644272"
"naive","-0.445622463285156","1.09158004886652","1.57627002940181","3.26077171827727","0.0942204529214763","0.117215397805784","0.0704930886640786"
"cc","1.04962478390803","1.98187424334133","2.99334838617211","1.03845512906151","0.0510440413572854","0.0543043794462863","0.0375760644850238"
"ipw","1.05373119172367","1.98056773782567","2.97211056322228","1.03886461055116","0.0536707321843955","0.0613839309297636","0.0439314470346977"
"ipw-w","1.06084022574619","1.959021234478","2.96116149220152","1.03928441456409","0.0596880764571539","0.0623085620695288","0.0454168576871575"
"mle","1.05326824843913","1.94501384230009","2.97657758540733","1.02792233021623","0.0670477148772047","0.0261182066896349","0.04481720057154"
"mle-w","1.05326824843913","1.94501384230009","2.97657758540733","1.02792233021623","0.0670477148772047","0.0261182066896349","0.04481720057154"
