"Method","beta0.x","beta1.x","beta2.x","sigma.x","beta0.y","beta1.y","beta2.y"
"oracle","0.997658215623619","2.00535892420671","2.95863522473121","1.00994234126064","0.0319247424352855","0.0343446642889497","0.0248066540959733"
"naive","-0.36718353149764","1.26237090369264","1.56102953601241","3.16486273390632","0.0911311333355839","0.105123624998745","0.0745115189847411"
"cc","1.00591963845634","2.04357639315275","2.9549173153007","1.00958349821808","0.046938012197045","0.0515361859214287","0.0357211064240948"
"ipw","0.982584212419608","2.07749428913102","2.97617314592242","1.01034658020537","0.0502490829863535","0.0589275448474404","0.036837017194603"
"ipw-w","0.972122631610585","2.08292748103778","2.94889691473687","1.0112163675338","0.0586164506239369","0.0588987734057551","0.0478832395185627"
"mle","1.01938147210806","2.06836136160279","2.96123796323171","1.01719207845469","0.0420635620244477","0.0463394871761688","0.031070562585723"
"mle-w","1.01938147210806","2.06836136160279","2.96123796323171","1.01719207845469","0.0420635620244477","0.0463394871761688","0.031070562585723"
