"Method","beta0.x","beta1.x","beta2.x","sigma.x","beta0.y","beta1.y","beta2.y"
"oracle","0.962614300491592","2.0312972558065","3.02097331063728","0.997229469039695","0.0315313539738192","0.0345022537964607","0.0246184789784732"
"naive","-0.368555874680731","1.44417576887926","1.58862016386488","3.14061533266087","0.0924899665303649","0.104240580054175","0.0753096566715542"
"cc","0.949819316101737","1.9917376451536","3.01844419069577","0.993056049758737","0.0433352959176503","0.0481573208533805","0.0341522241636783"
"ipw","0.949958265817221","2.00581390879446","3.02576044383667","0.993159952487372","0.0466312078956331","0.0509191038532739","0.0343135418791539"
"ipw-w","0.953094088004908","1.94189281698657","3.03365000737852","0.994915963997342","0.054443897718721","0.0566619377836656","0.0393014127846096"
"mle","0.951919454106394","2.03135719428319","3.03655105787135","1.0013072782489","0.0400066944481937","0.0442418252437938","0.0308993263039849"
"mle-w","0.951919454106394","2.03135719428319","3.03655105787135","1.0013072782489","0.0400066944481937","0.0442418252437938","0.0308993263039849"
