"Method","beta0.x","beta1.x","beta2.x","sigma.x","beta0.y","beta1.y","beta2.y"
"oracle","1.01579401722199","1.96988085444695","2.99716068361346","0.986129896555397","0.0312695503571596","0.0312293393474427","0.0240291047038776"
"naive","-0.241658597412772","1.1596977573309","1.54678183271981","3.20999714632301","0.0914414264494464","0.101399863714279","0.0791499481400122"
"cc","0.99713254495915","1.97111912711979","2.99655573735649","0.963336958672533","0.0449411805463616","0.0466482225137462","0.0319827776433533"
"ipw","0.98920482737735","1.97075871115163","2.99515962162488","0.963375940153206","0.0476958191044064","0.0497144847338221","0.0352353732454525"
"ipw-w","0.97783008419474","2.01776033512036","3.0273691319489","0.96460098553412","0.0582118973003169","0.0596261423693761","0.0395188068295613"
"mle","1.0134532523639","1.95921840891201","2.98313303336435","0.962448250508295","0.0398899526755402","0.0413040526002598","0.0288530960055649"
"mle-w","1.0134532523639","1.95921840891201","2.98313303336435","0.962448250508295","0.0398899526755402","0.0413040526002598","0.0288530960055649"
