"Method","beta0.x","beta1.x","beta2.x","sigma.x","beta0.y","beta1.y","beta2.y"
"oracle","0.9387463420502","1.95748302031245","3.03418862171142","0.966217230383366","0.0304840374441001","0.0328759763546641","0.0234388824387542"
"naive","-0.410247389788169","1.28879472545","1.598264922781","3.22658889694234","0.0938433008213645","0.103439651445046","0.0773846788552292"
"cc","0.918123994161934","1.95961400242783","3.04659358976496","0.961028418672869","0.0439668068502705","0.0477664202705236","0.0334376367534593"
"ipw","0.932726830412733","1.94465034857577","3.0425788319144","0.96123413135922","0.0470355115427822","0.0501667477544103","0.0369200536446837"
"ipw-w","0.893845400495212","2.00320249310456","3.0264860917606","0.963281517842057","0.0537853201469984","0.0594623804212441","0.042793241260214"
"mle","0.906185375978948","1.95580089736515","3.04867751119597","0.95683955271107","0.0396668934799481","0.0425501886833794","0.029813449606826"
"mle-w","0.906185375978948","1.95580089736515","3.04867751119597","0.95683955271107","0.0396668934799481","0.0425501886833794","0.029813449606826"
