"Method","beta0.x","beta1.x","beta2.x","sigma.x","beta0.y","beta1.y","beta2.y"
"oracle","1.05076594453296","2.01629405119795","3.00387373887413","0.990536925656096","0.0312851530523995","0.0324489762251023","0.022883751712239"
"naive","-0.287261124812623","1.39791241271769","1.67313475747208","3.13993223175699","0.0877020411367147","0.109621575097376","0.0797295467287674"
"cc","1.01687326102677","1.99193250244984","3.01410077875824","0.949929502615838","0.0431983894302072","0.0454506014006284","0.0305313266227051"
"ipw","1.03360641894991","2.01828581557542","3.01221518912729","0.950442213044675","0.0459521698408346","0.054187204045849","0.0357775435934981"
"ipw-w","1.04171133097682","2.05438694512119","3.01385204941827","0.952239489582126","0.0530831330003711","0.0521202617292448","0.0356498493931982"
"mle","1.02884216389266","2.02605799139988","3.01401461840442","0.952225790253466","0.0384886252049848","0.0406212690038771","0.0277959129150346"
"mle-w","1.02884216389266","2.02605799139988","3.01401461840442","0.952225790253466","0.0384886252049848","0.0406212690038771","0.0277959129150346"
