"Method","beta0.x","beta1.x","beta2.x","sigma.x","beta0.y","beta1.y","beta2.y"
"oracle","1.02048351832246","2.01359176367176","3.0142996847319","0.987027748723174","0.0312444010528813","0.0313949918670426","0.0228782442363094"
"naive","-0.47999951592088","1.56664554919731","1.7304422443201","3.28518545484355","0.0930485916233053","0.105752188927891","0.0782045350725783"
"cc","1.10173009237306","2.02462453516586","2.97384205373156","0.999905115642819","0.0450085104466145","0.0458012432683737","0.0344929336341103"
"ipw","1.10306586747317","2.03631797463991","2.99625862730295","1.00037743866534","0.0473798148057887","0.0498329929271588","0.0401495197081891"
"ipw-w","1.09550381469303","2.01326884610418","2.95300956436468","1.00036031972042","0.0557904075677956","0.0539371848917534","0.0418983826734476"
"mle","1.059033147745","2.03474862731773","3.00281234654251","1.00654344646898","0.0408620718478602","0.0405080931641498","0.0256339899780416"
"mle-w","1.059033147745","2.03474862731773","3.00281234654251","1.00654344646898","0.0408620718478602","0.0405080931641498","0.0256339899780416"
