"Method","beta0.x","beta1.x","beta2.x","sigma.x","beta0.y","beta1.y","beta2.y"
"oracle","1.008828729647","1.99409000705512","2.96135343992026","1.01051574933048","0.0319402340554876","0.0353707645867224","0.0248028036181244"
"naive","-0.349364429135341","1.28382018641263","1.58256875734276","3.08861436409238","0.0875376348551752","0.111730545331936","0.0761543096948235"
"cc","0.997853521847955","1.9668498964685","2.92052238082667","0.983124594400866","0.0448919800549549","0.0477558517704323","0.0347021360173547"
"ipw","0.96969019759762","1.98720033634559","2.96036252743188","0.984653598693785","0.0468254010229454","0.052955785467461","0.0411584993668507"
"ipw-w","0.92872440529649","1.99525449320189","2.96428507705656","0.986530788468644","0.0577942338240194","0.0544481584108158","0.0417838095195866"
"mle","1.02875420132717","1.97370941996721","2.92423925142421","0.998248669279229","0.0403673276814742","0.0441009169552631","0.0310038784290515"
"mle-w","1.02875420132717","1.97370941996721","2.92423925142421","0.998248669279229","0.0403673276814742","0.0441009169552631","0.0310038784290515"
