"Method","beta0.x","beta1.x","beta2.x","sigma.x","beta0.y","beta1.y","beta2.y"
"oracle","0.958301371896266","1.94334001199","2.98174250174454","0.992309813603515","0.0314962921576817","0.0348642776398746","0.0233469373721535"
"naive","-0.264073890977491","1.18388943883295","1.552669213482","3.14266001750384","0.0864083600199266","0.102012427899298","0.0777909540225595"
"cc","0.996020194896831","1.9606538251269","2.96948474995232","0.958568628938508","0.0448309323383621","0.0505368426099581","0.0316571380066588"
"ipw","1.01098465196592","1.92963445695984","2.91712085513296","0.961009919425494","0.0488142449859152","0.0573807407763431","0.036273395243979"
"ipw-w","1.0449276203747","1.9771598959354","2.97739638871407","0.960066057806089","0.0574707114035358","0.0639067660696848","0.0417577575500251"
"mle","0.991494971123163","1.96183800554525","2.97899168835949","0.965718005989936","0.0400932280253254","0.0441429694673118","0.0283780982224943"
"mle-w","0.991494971123163","1.96183800554525","2.97899168835949","0.965718005989936","0.0400932280253254","0.0441429694673118","0.0283780982224943"
