"Method","beta0.x","beta1.x","beta2.x","sigma.x","beta0.y","beta1.y","beta2.y"
"oracle","0.978791291190261","1.96062028236009","3.00644216150522","0.999231489462006","0.031656946568654","0.0343441308369925","0.0237195373836771"
"naive","-0.414090746909507","1.39816413397767","1.75304495903084","3.07986727910417","0.0852336163103012","0.0992691192569485","0.0743818968582922"
"cc","0.954063120936632","1.96515339478768","3.0164073524207","0.992602256614033","0.043326749359046","0.0468321933099051","0.0335377811504138"
"ipw","0.943207784863011","1.91982675839206","3.02671436772478","0.993945148103849","0.0448675998618364","0.0478541252797353","0.0329788646715933"
"ipw-w","0.966265755859085","1.94505471680906","3.00019535137984","0.992942466379973","0.0498585617279703","0.0552338730819717","0.0382524024942598"
"mle","0.959980533102623","1.95538238221169","3.00108121766704","0.995700722794971","0.0396886886720829","0.0429492595624895","0.03023337968315"
"mle-w","0.959980533102623","1.95538238221169","3.00108121766704","0.995700722794971","0.0396886886720829","0.0429492595624895","0.03023337968315"
