"Method","beta0.x","beta1.x","beta2.x","sigma.x","beta0.y","beta1.y","beta2.y"
"oracle","0.975968262469638","1.92639366699951","2.98168373861624","1.02410676562155","0.0324477351123072","0.0371824113349481","0.026150448395528"
"naive","-0.227712838828181","1.15944595073889","1.45473225141812","3.17372673676385","0.095646822903779","0.108928184426739","0.0836392813843488"
"cc","0.961887759050127","1.88618486813638","3.00705932236278","1.02537269988611","0.048242707077436","0.0547374932677806","0.0389279245562249"
"ipw","0.956122472712552","1.86510175725145","2.99224785901945","1.02564641925674","0.0536863837452932","0.0690965663133288","0.0505312271162892"
"ipw-w","0.959424662347204","1.94566695669079","3.00589660446291","1.02697941530341","0.0564027039222122","0.0631670340184268","0.0451569939857501"
"mle","0.932271033143284","1.8943876530925","3.00023741562682","1.0238537182011","0.0425589300213392","0.0482136643205939","0.0342167160712237"
"mle-w","0.932271033143284","1.8943876530925","3.00023741562682","1.0238537182011","0.0425589300213392","0.0482136643205939","0.0342167160712237"
