"Method","beta0.x","beta1.x","beta2.x","sigma.x","beta0.y","beta1.y","beta2.y"
"oracle","1.01233129427485","1.984305142752","3.02399544281089","0.999559116164027","0.0316168274687827","0.0331910134999134","0.0222401994680666"
"naive","-0.494915922676816","1.21933239754166","1.65065864781988","3.34426736815914","0.095874210309944","0.117245914878614","0.0879543700728836"
"cc","1.02530060489775","1.97848149029796","2.99884590781575","0.975166677650744","0.045299192673477","0.0446876146328747","0.0307961298617285"
"ipw","1.06360359172098","1.97266209078884","2.99199085481468","0.975895963649928","0.0468886535565775","0.0474167839029106","0.0320250619245416"
"ipw-w","1.04051821027661","1.91711408922506","2.98253231750088","0.976847678789492","0.0553499193429096","0.0527114869653599","0.0375983529320852"
"mle","1.01972565321205","1.98155365095073","2.99938062850869","0.977222917860454","0.040690872492242","0.0410509085996044","0.0279448907360785"
"mle-w","1.01972565321205","1.98155365095073","2.99938062850869","0.977222917860454","0.040690872492242","0.0410509085996044","0.0279448907360785"
