"Method","beta0.x","beta1.x","beta2.x","sigma.x","beta0.y","beta1.y","beta2.y"
"oracle","0.950220790376266","1.99259125585422","2.99352341588157","1.01086284932387","0.0319681519273198","0.035595738604323","0.023954803262305"
"naive","-0.352568810904974","1.19076797270219","1.55419334642915","3.05241839020936","0.0902383974909091","0.107367900812258","0.0746103580312303"
"cc","0.97519521511075","1.96406541072437","2.99956826690615","1.00793796307684","0.0463184583575488","0.052576240694624","0.0345924833028491"
"ipw","0.969131177557604","1.96374465005487","2.99425295214802","1.00798745168747","0.0493983503434798","0.0595790702316386","0.0459596127895822"
"ipw-w","1.00522199969911","2.0146200151261","2.99017706002172","1.00994834875716","0.0548553394644767","0.0594880102692848","0.0371293589167212"
"mle","0.97822523554587","1.97380894590409","2.99276631755363","1.00433995260021","0.0412380407511561","0.0474729812758594","0.0308129710416014"
"mle-w","0.97822523554587","1.97380894590409","2.99276631755363","1.00433995260021","0.0412380407511561","0.0474729812758594","0.0308129710416014"
