"Method","beta0.x","beta1.x","beta2.x","sigma.x","beta0.y","beta1.y","beta2.y"
"oracle","1.0338097906626","1.98725149716013","2.97266541910267","0.982587438328582","0.0310864872660736","0.0313714192466665","0.0232990768650464"
"naive","-0.297464278639791","1.47365662172661","1.55511065066617","3.13720791163341","0.0917445709835577","0.109665702254147","0.0775105888147935"
"cc","1.0090003626797","2.00573472366094","2.97506548731837","0.98294372258925","0.0452218922111344","0.0448239441579373","0.0329230040029603"
"ipw","1.01279874283424","2.02611744114307","2.97845242824735","0.983159635452361","0.0463610589528812","0.0450470773849838","0.0318566030181852"
"ipw-w","0.985230778714802","1.98406470229271","2.9666771293848","0.983546776165676","0.0546272079459666","0.0555828628435552","0.0390299910821757"
"mle","1.0008976210632","2.02110291169795","2.96170042010252","0.978819807005869","0.040424864483447","0.0408472390008544","0.0297607309672681"
"mle-w","1.0008976210632","2.02110291169795","2.96170042010252","0.978819807005869","0.040424864483447","0.0408472390008544","0.0297607309672681"
