"Method","beta0.x","beta1.x","beta2.x","sigma.x","beta0.y","beta1.y","beta2.y"
"oracle","1.03309507334083","2.01770337496338","2.99013836424854","1.02983418928933","0.0326060965823925","0.0335417980740827","0.0254878300176741"
"naive","-0.307089151348374","1.27866256786381","1.56020154808498","3.09758732073291","0.0856583204184804","0.115615184551809","0.0728150157400917"
"cc","1.06748696245648","2.07802951206896","3.01268577419033","1.01911742956658","0.0457758454933413","0.0481891327711559","0.0365225514431068"
"ipw","1.07241974913362","2.11283126131495","3.02215495283231","1.01964175249201","0.0462785996398446","0.0512064464506491","0.0375452230634028"
"ipw-w","1.07688566262211","2.06697174233723","3.0113824550687","1.01920672375191","0.0548876835706499","0.0644049175864818","0.0440173413702062"
"mle","1.08926464196506","2.00287781308586","2.9697043506171","1.01939652614215","0.0411314283936585","0.0432233261795647","0.0326538333058944"
"mle-w","1.08926464196506","2.00287781308586","2.9697043506171","1.01939652614215","0.0411314283936585","0.0432233261795647","0.0326538333058944"
