"Method","beta0.x","beta1.x","beta2.x","sigma.x","beta0.y","beta1.y","beta2.y"
"oracle","1.02336586100562","1.96447358555045","2.96469927735709","1.01811271220424","0.0322518149043876","0.0354268875206816","0.023210787133098"
"naive","-0.477808017986489","1.34103296297909","1.6829027872234","3.12886636796362","0.0890265437195455","0.106998165651676","0.0748005030936478"
"cc","1.02575648106257","2.03249330571696","2.98239876905426","1.02541521331245","0.0480219631640892","0.0500573558408792","0.0354019620402099"
"ipw","1.03536844386084","1.99757096942018","2.98781065801384","1.02618475722909","0.0495175943365611","0.0533474792558916","0.0379189372618985"
"ipw-w","1.01802136676201","2.08004420720272","2.97164706219838","1.02690949127209","0.0553311452190535","0.0642713365865005","0.0339208999817519"
"mle","1.07887016666756","2.03482948722497","2.98935755997772","1.04094656321076","0.0426111282711671","0.0488260981735661","0.0525061290839131"
"mle-w","1.07887016666756","2.03482948722497","2.98935755997772","1.04094656321076","0.0426111282711671","0.0488260981735661","0.0525061290839131"
