"Method","beta0.x","beta1.x","beta2.x","sigma.x","beta0.y","beta1.y","beta2.y"
"oracle","0.991391800313063","1.98400097554785","3.02840080635178","1.00566119977707","0.0318806841896675","0.0344803322207981","0.0237708577116453"
"naive","-0.497707352406956","1.3531169151217","1.71190294245213","3.1691844636244","0.0878372798272225","0.102549464419428","0.077101593180006"
"cc","0.939212830145569","2.00050133132731","3.07482134013406","1.00174219307517","0.045068625208875","0.0463399652182699","0.0355653557199659"
"ipw","0.961887468210044","2.00028516106818","3.07505412317522","1.0020000585318","0.0456199997301815","0.048085394328651","0.0365172604101211"
"ipw-w","0.922241108422701","2.06357221669317","3.09477667865888","1.00362810081866","0.0522044972274103","0.0502650109615734","0.0411400484462752"
"mle","0.951846015059964","1.99131620954611","3.06449523222443","0.997442684775805","0.0402386601154043","0.0421519157194194","0.0313327435757767"
"mle-w","0.951846015059964","1.99131620954611","3.06449523222443","0.997442684775805","0.0402386601154043","0.0421519157194194","0.0313327435757767"
