"Method","beta0.x","beta1.x","beta2.x","sigma.x","beta0.y","beta1.y","beta2.y"
"oracle","0.964789224710062","2.03159514518038","3.04592857778452","1.00520234598111","0.03192066038346","0.0355917112620537","0.0250635397138159"
"naive","-0.36916290927635","1.20729871579762","1.61030489140594","3.10653084896119","0.0917975900653616","0.108336950909722","0.0715104520479328"
"cc","0.960083786235494","1.99872087867271","2.98383300379997","0.99259213086436","0.0464773611406355","0.0505159962745752","0.0346045122906271"
"ipw","0.959017816707896","1.96940641944507","2.94813755028581","0.993763609505018","0.0485801241662461","0.0534424818477155","0.0415091537682227"
"ipw-w","0.949128602137489","1.99921403588183","3.01590288562071","0.99357436640429","0.057914854980173","0.0622571369684745","0.0415500578862599"
"mle","0.967426056067455","1.94663398014633","2.99002400067641","0.986997621875449","0.040848604253419","0.0448918550856106","0.0304703794108283"
"mle-w","0.967426056067455","1.94663398014633","2.99002400067641","0.986997621875449","0.040848604253419","0.0448918550856106","0.0304703794108283"
