"Method","beta0.x","beta1.x","beta2.x","sigma.x","beta0.y","beta1.y","beta2.y"
"oracle","0.996249665785749","2.03222428823132","2.99742469498251","1.01709812054052","0.0322112482842053","0.0344606235283457","0.0237264447634521"
"naive","-0.29025184104392","1.45245124075913","1.61803448582363","3.15780506229187","0.0867303239795835","0.113012533908118","0.0763890511402769"
"cc","1.04827001713065","2.00782751963833","2.94323712964788","0.95557175857343","0.0438466843599935","0.0434391170670309","0.0305344803551421"
"ipw","1.05960112955842","1.97828727317379","2.91763194170111","0.956373836440482","0.0448013058576837","0.0457031847912551","0.0343803108453121"
"ipw-w","1.09504756583044","1.94661604082759","2.94262881755719","0.958572203664164","0.053685562689733","0.0573822864231076","0.0377585081755564"
"mle","1.00287763191072","2.01861855376944","2.9736298066048","0.971119071082239","0.0395085277361447","0.0405406055990317","0.0277401013977172"
"mle-w","1.00287763191072","2.01861855376944","2.9736298066048","0.971119071082239","0.0395085277361447","0.0405406055990317","0.0277401013977172"
