"Method","beta0.x","beta1.x","beta2.x","sigma.x","beta0.y","beta1.y","beta2.y"
"oracle","0.99894594429802","1.97273684744203","2.99344938367401","0.992370444969465","0.0315086848495988","0.0321737789480996","0.0242551262765076"
"naive","-0.40818135456898","1.30253083037515","1.68274943682696","3.00617756483198","0.0846350047781719","0.100194388881078","0.0780465971591221"
"cc","0.96556863714114","1.99093226030287","3.00849462486799","0.982665716314701","0.0439836843399937","0.0448169577972557","0.0327030002735428"
"ipw","0.965269333154153","1.97467153039046","2.99928949313742","0.982800584488934","0.0458803680598154","0.0490314418976329","0.0342649190249623"
"ipw-w","0.948254707723103","1.9691636540915","2.99375519671822","0.98315957950302","0.0522879655492583","0.0537694664387781","0.0357111525969629"
"mle","0.996424189600606","1.97293138715241","2.99588600055526","0.985887260815946","0.0397788646634441","0.0406204028795981","0.0298021633428745"
"mle-w","0.996424189600606","1.97293138715241","2.99588600055526","0.985887260815946","0.0397788646634441","0.0406204028795981","0.0298021633428745"
