"Method","beta0.x","beta1.x","beta2.x","sigma.x","beta0.y","beta1.y","beta2.y"
"oracle","1.04037528734453","2.03913817237992","2.97853232481015","0.964607529474818","0.0304906733556213","0.0347011568162536","0.0223808652902625"
"naive","-0.304764796975472","1.50265643389875","1.66564539917876","3.07083778890994","0.0846446245544015","0.0997249011377234","0.0775042947265947"
"cc","1.05639789056238","2.0847023162447","2.98462107723946","0.983004788785107","0.0437603044013894","0.0497656967069541","0.0294770115447717"
"ipw","1.0833517657057","2.0505780084446","2.95727318456218","0.98411584355695","0.0466549008678516","0.0538157103347345","0.0339476047010221"
"ipw-w","1.01199559889124","2.08489208316321","3.01004209816993","0.984426938619534","0.0519836871634353","0.0629694261733134","0.038107541969224"
"mle","1.05435487056916","2.07933802121799","2.97503743418756","0.977945317412352","0.0393937124558681","0.0446760998279406","0.0272499185348727"
"mle-w","1.05435487056916","2.07933802121799","2.97503743418756","0.977945317412352","0.0393937124558681","0.0446760998279406","0.0272499185348727"
