"Method","beta0.x","beta1.x","beta2.x","sigma.x","beta0.y","beta1.y","beta2.y"
"oracle","0.993806473329071","1.9260708320204","3.0113607652501","0.991897435333813","0.0313471873636523","0.0333379751331315","0.0250046124582141"
"naive","-0.372274731931435","1.28222169834116","1.56048317803803","3.11243335322506","0.089718033047254","0.104832196354047","0.0780761613226875"
"cc","1.00946988842135","1.90429595850704","3.00605058821738","0.958547507352466","0.0451673931211862","0.049069047475577","0.0356683792675506"
"ipw","1.02157786270603","1.87815187442489","2.97528621784501","0.959372857566077","0.0458495544723481","0.0533566836096325","0.0365445459671626"
"ipw-w","1.00188592814654","1.93519387331955","3.02823567950793","0.95912570824879","0.0534381582595014","0.0619555425022456","0.0432915697004012"
"mle","1.00806482521708","1.93194626084445","3.0049044698996","0.970282408907064","0.0434558312823535","0.0325073717078894","0.0189858436608309"
"mle-w","1.00806482521708","1.93194626084445","3.0049044698996","0.970282408907064","0.0434558312823535","0.0325073717078894","0.0189858436608309"
