"Method","beta0.x","beta1.x","beta2.x","sigma.x","beta0.y","beta1.y","beta2.y"
"oracle","1.02312296657298","2.03223181643925","3.01986350102726","0.965909885235382","0.0307333025323665","0.0338657201123574","0.0238473765415474"
"naive","-0.314218356846252","1.26937297982155","1.70084226178043","3.08813250511825","0.0900577124451212","0.109673053091021","0.0753543443318899"
"cc","1.03599286682439","2.0636486466421","2.99915038191909","0.972188780697215","0.0457171323989206","0.0485682282296583","0.035215069716189"
"ipw","1.05353275289586","2.05214533496746","2.98471495002217","0.972466825618062","0.0477415457361735","0.0516652023350206","0.0376681778493229"
"ipw-w","0.992491101578294","2.03812092713439","2.98066870343809","0.973799073626227","0.0541896809146182","0.0549913939429125","0.0413679845185006"
"mle","1.03366649194201","2.02975172379376","2.99640287540236","0.968069323401661","0.0405766461388677","0.043901383351878","0.0307230955295916"
"mle-w","1.03366649194201","2.02975172379376","2.99640287540236","0.968069323401661","0.0405766461388677","0.043901383351878","0.0307230955295916"
