"Method","beta0.x","beta1.x","beta2.x","sigma.x","beta0.y","beta1.y","beta2.y"
"oracle","0.976742447217418","1.96015507458684","2.99797000479479","1.00079919156209","0.0315870502428947","0.0333545253262485","0.0244536358829737"
"naive","-0.246487737279224","1.41806642908536","1.68772395219413","3.04593309472788","0.0885922868304948","0.101736223800979","0.0888463406647415"
"cc","0.911658519412813","1.98775963239746","3.02427297922386","1.03209077903001","0.0477869641610068","0.0468887704690461","0.0370799398354892"
"ipw","0.94275202579014","1.96329142703363","2.98863453793719","1.03322427487836","0.0468586109077138","0.0463880462625886","0.0361040643536115"
"ipw-w","0.872412020039947","2.00980222754627","3.04423039222643","1.0329437166737","0.0632689701287094","0.057775710278635","0.0502965488533694"
"mle","0.943922490489256","1.96713965823959","2.99477193420303","1.0207157497148","0.0415291413045208","0.0420801942808578","0.0318787642725158"
"mle-w","0.943922490489256","1.96713965823959","2.99477193420303","1.0207157497148","0.0415291413045208","0.0420801942808578","0.0318787642725158"
