"Method","beta0.x","beta1.x","beta2.x","sigma.x","beta0.y","beta1.y","beta2.y"
"oracle","1.02630256274433","2.00300153174645","3.00717691137397","1.00397873622415","0.0317636969585301","0.0336831527821441","0.0233458564782403"
"naive","-0.473667275026579","1.38277348737778","1.65390047487341","3.18158677762209","0.0907190684019832","0.107975427559409","0.0793513101244305"
"cc","0.986134783955315","1.94739341009695","3.0170021792146","1.01967466186773","0.046765172318388","0.0489916168419927","0.0323288987731823"
"ipw","0.980124559782095","1.96499093551545","3.02919550352129","1.01989335573395","0.0474833145957063","0.0531502953252321","0.0350776223988012"
"ipw-w","0.957952916670887","1.93008383701571","3.04522762735114","1.02118277046068","0.0521416466548979","0.0620328454083217","0.038389315083321"
"mle","1.02113155800846","2.00291268756387","3.0027303972641","1.01943323692085","0.041675395011774","0.0437828293144545","0.0290319194187166"
"mle-w","1.02113155800846","2.00291268756387","3.0027303972641","1.01943323692085","0.041675395011774","0.0437828293144545","0.0290319194187166"
