"Method","beta0.x","beta1.x","beta2.x","sigma.x","beta0.y","beta1.y","beta2.y"
"oracle","1.0123529287027","1.97491654450366","2.97205358942543","0.951104582314168","0.0299713674904761","0.03296203513284","0.0230475570128707"
"naive","-0.20000806018214","1.33390027466512","1.59960949255022","3.03113625926921","0.0885503703447415","0.119121475502057","0.0756570730277622"
"cc","1.01497997304502","2.01059987305725","2.96998003343343","0.971822629676555","0.0440561436879417","0.044258617283038","0.0350740162923856"
"ipw","1.01670255260605","1.99879181979446","2.9814483727343","0.972073875670655","0.045909972816197","0.0451426761580875","0.0362281323252465"
"ipw-w","0.939202120061909","2.00702258921233","2.9187172901128","0.978169771537285","0.048991322717651","0.0550741172607457","0.0434269531884076"
"mle","1.03276399081224","1.96918382795013","2.96438948446995","0.974009211834832","0.0395664476909979","0.0410904472752204","0.0310563733378101"
"mle-w","1.03276399081224","1.96918382795013","2.96438948446995","0.974009211834832","0.0395664476909979","0.0410904472752204","0.0310563733378101"
