"Method","beta0.x","beta1.x","beta2.x","sigma.x","beta0.y","beta1.y","beta2.y"
"oracle","0.984407050130611","2.03733433905479","3.01289965219651","1.01940244314715","0.0322608332309427","0.0352202704778636","0.0249078657416739"
"naive","-0.319137768393069","1.30383488067119","1.64694017281268","3.18448711445072","0.0913963785085569","0.107607425765866","0.0835590855775268"
"cc","0.976241131506139","2.00685108359265","3.00762498286594","0.985012475729532","0.0452590635215585","0.0478882717453954","0.0350939346605079"
"ipw","0.979267024195458","2.01650275212046","3.00048696577079","0.985144356574093","0.0458367388158326","0.0473364115587769","0.0360752748186584"
"ipw-w","0.937512991023453","2.00249798314896","3.02020695158516","0.985805133546499","0.0552755595623484","0.0547016225188965","0.0429812474418468"
"mle","0.982943505052919","2.03303558731478","3.02900799178148","0.996653329341237","0.0407853147409427","0.0440043116235594","0.0314325010255529"
"mle-w","0.982943505052919","2.03303558731478","3.02900799178148","0.996653329341237","0.0407853147409427","0.0440043116235594","0.0314325010255529"
