"Method","beta0.x","beta1.x","beta2.x","sigma.x","beta0.y","beta1.y","beta2.y"
"oracle","0.999519931104829","2.00149417914102","2.98759544878817","0.979835762083337","0.0310678519592029","0.0352790100607179","0.0230206520306918"
"naive","-0.312797935389532","1.18547857693985","1.63472494804913","3.10989357989634","0.0887935760835285","0.106287068476446","0.0787469529306698"
"cc","1.02470793407396","1.9896173255087","3.01634250025879","0.968653924701317","0.0440458869800767","0.0479209014317579","0.0322474494415618"
"ipw","1.00729392713272","1.9907058581195","3.02506898085317","0.968839623292543","0.045539872120115","0.0501644640908753","0.0343533361626929"
"ipw-w","1.02409582652563","2.01106475470593","3.03498632330162","0.969035528047041","0.0573056291145791","0.0599693312059369","0.0438960742202325"
"mle","0.974240635357189","2.0108707373652","3.02959752658234","0.986753815667256","0.0403245478542499","0.0445538989845211","0.0298765990998546"
"mle-w","0.974240635357189","2.0108707373652","3.02959752658234","0.986753815667256","0.0403245478542499","0.0445538989845211","0.0298765990998546"
