"Method","beta0.x","beta1.x","beta2.x","sigma.x","beta0.y","beta1.y","beta2.y"
"oracle","1.03725932569863","2.04059942236383","3.00850978747291","1.01452191096549","0.0320645493341647","0.0350523781898286","0.024831713450097"
"naive","-0.403574758694509","1.20488741632049","1.60944096134809","3.11250462095936","0.0900755808833053","0.103148126131458","0.0717115138228988"
"cc","1.05807430691984","2.10253979696561","3.00645496162702","0.994731813730435","0.0464143732404677","0.0528257965676399","0.0377545750367831"
"ipw","1.05670679827419","2.10580482255499","3.01353408930117","0.994769174749511","0.0476833803964357","0.0607687570772404","0.0407003760586968"
"ipw-w","1.0827681374933","2.0583730226205","2.99456646053201","0.995872216371633","0.0575069994016757","0.0580148322888848","0.0474223661612102"
"mle","1.06628526713105","2.04809365225954","2.9840361239122","0.99931982285152","0.0412873874821657","0.0462374162504174","0.0323007207641417"
"mle-w","1.06628526713105","2.04809365225954","2.9840361239122","0.99931982285152","0.0412873874821657","0.0462374162504174","0.0323007207641417"
