"Method","beta0.x","beta1.x","beta2.x","sigma.x","beta0.y","beta1.y","beta2.y"
"oracle","0.973867547088559","2.01619597319082","2.98403857694164","0.998507902398901","0.0316604282491548","0.0343817539071008","0.0235783553071348"
"naive","-0.300983281456569","1.32873180705145","1.65600515292102","3.055146308015","0.0875507105575565","0.105211955740851","0.0725828183002294"
"cc","0.972539316407949","2.05860926350878","2.98602599023661","1.0070055422404","0.046124957659425","0.0484977586311359","0.0327892822516172"
"ipw","0.994419973984965","2.04594100461649","2.98416972399779","1.00730015727681","0.0500084253298946","0.0543322288343645","0.0391424132516765"
"ipw-w","0.973697230061635","2.01691279676237","2.99813736420304","1.00834937606708","0.0602416158671373","0.0624499054734026","0.0435289364056073"
"mle","0.988956644202999","2.05077362957029","2.96445679754484","0.983465276348479","0.0404270922176663","0.0423918814946629","0.0294245859954843"
"mle-w","0.988956644202999","2.05077362957029","2.96445679754484","0.983465276348479","0.0404270922176663","0.0423918814946629","0.0294245859954843"
