"Method","beta0.x","beta1.x","beta2.x","sigma.x","beta0.y","beta1.y","beta2.y"
"oracle","0.980291116477831","2.03937192205365","2.9996925304221","1.00808722862192","0.0318456602629514","0.0338771014344542","0.0239534731431889"
"naive","-0.431723586979334","1.20556938629146","1.54563809837716","3.15248265693051","0.093903916725417","0.115086091910555","0.077694321632973"
"cc","0.995140898439897","2.08285642516554","3.00988576652804","1.03563974926904","0.0487037055170917","0.0485363078086172","0.0376401200673056"
"ipw","1.00549427117926","2.07928640431452","3.01057822827885","1.03570003992321","0.0526847152590389","0.0546517604912257","0.0437721326105913"
"ipw-w","0.998185741146852","2.01175200177804","2.97025701988182","1.03793036119263","0.0574391840431841","0.0533594289869474","0.0479379953217451"
"mle","1.02895946656472","2.04406330152289","2.98504353946223","1.02385687312551","0.0422327967020162","0.04224794946534","0.0324111289555332"
"mle-w","1.02895946656472","2.04406330152289","2.98504353946223","1.02385687312551","0.0422327967020162","0.04224794946534","0.0324111289555332"
