"Method","beta0.x","beta1.x","beta2.x","sigma.x","beta0.y","beta1.y","beta2.y"
"oracle","1.01845320134356","1.9719553286872","2.949212817719","1.01867959555282","0.0323385535444387","0.0336495705114548","0.0247783210459685"
"naive","-0.204969656156051","1.3542422502056","1.51113962445746","3.12439965493583","0.090472350452372","0.0962537622771262","0.0776656393441154"
"cc","0.965376808860267","1.95445763378612","2.93639325215632","1.02062148370899","0.0470157788517963","0.0459932617042159","0.0367555341344427"
"ipw","0.987435615633693","1.93392744208636","2.92246067808208","1.02101734810626","0.0478536753350174","0.0483266174234258","0.0367982259847069"
"ipw-w","0.951943176001476","1.92127959077265","2.94913062526051","1.02168864462832","0.054085127723885","0.0542506971823272","0.0409679421406542"
"mle","0.985049593075522","1.97987349306902","2.94362685867939","1.03333460531325","0.0421591496078892","0.0414790395699844","0.0324349245187565"
"mle-w","0.985049593075522","1.97987349306902","2.94362685867939","1.03333460531325","0.0421591496078892","0.0414790395699844","0.0324349245187565"
