"Method","beta0.x","beta1.x","beta2.x","sigma.x","beta0.y","beta1.y","beta2.y"
"oracle","0.99152332291109","2.06302513175126","3.01676220535371","1.05653772224018","0.0334164698644011","0.0339365778031988","0.0247733623174879"
"naive","-0.413340399787168","1.49523498666417","1.68189969110244","3.11936073908146","0.0903653705299873","0.105933324221998","0.0736463697968419"
"cc","0.968414781944739","2.05679871745982","2.98230849128759","1.05389178913575","0.0471335303136551","0.0449485272608775","0.0340928393296903"
"ipw","0.983345116144734","2.04057247124797","2.97822629311788","1.05410713694579","0.0501373025962833","0.0471739778416973","0.0348953457423054"
"ipw-w","1.00659606668972","2.08894447146238","2.9834935678447","1.05511981046632","0.0587550442370601","0.0520407946435595","0.0443813486594217"
"mle","1.01995209363029","2.04777190839988","2.98789000880046","1.06078138799219","0.0423845679859067","0.0415033102205281","0.0306346026080274"
"mle-w","1.01995209363029","2.04777190839988","2.98789000880046","1.06078138799219","0.0423845679859067","0.0415033102205281","0.0306346026080274"
