"Method","beta0.x","beta1.x","beta2.x","sigma.x","beta0.y","beta1.y","beta2.y"
"oracle","0.981938781194853","1.99314995488732","3.0145126772175","1.03487509875391","0.0327364253935035","0.0348337623139988","0.0240553139175965"
"naive","-0.630736276611243","1.27058685308309","1.60941021359425","3.22322649945692","0.0917515197722945","0.108592760203449","0.0816057059838784"
"cc","0.956168651688106","1.95001913572222","2.96827201394598","1.0084475165119","0.0467299420474621","0.0510980470846422","0.0344379893312023"
"ipw","0.963179767322006","1.94683561326633","2.96506535036411","1.00848086810925","0.0493748161215723","0.0520653628903979","0.037392851510173"
"ipw-w","0.955983938863182","1.98246977641548","3.00492889854898","1.00973917028059","0.0505924509398032","0.0588726180110122","0.0366164065089698"
"mle","0.978756765606284","1.94701052018083","2.98583566701409","1.01306891431835","0.0418843976881097","0.0447111602141957","0.0297070577714491"
"mle-w","0.978756765606284","1.94701052018083","2.98583566701409","1.01306891431835","0.0418843976881097","0.0447111602141957","0.0297070577714491"
