"Method","beta0.x","beta1.x","beta2.x","sigma.x","beta0.y","beta1.y","beta2.y"
"oracle","1.02489237410399","1.98577311298825","2.95524810519188","1.02559210083986","0.0327370935514437","0.0330222707877556","0.0256071831549511"
"naive","-0.589860771878287","1.44025531964223","1.53991594917459","3.22406258352286","0.0958944988636848","0.111144637237364","0.0707407073801354"
"cc","1.05234123811662","2.00736917172948","2.93843729943367","1.01566399997606","0.0468850125487384","0.0509974912580905","0.0388836934682232"
"ipw","1.02928217976574","2.02137888961382","2.96861327897664","1.0165754670493","0.0523907291506042","0.0553479893787772","0.0537522907268215"
"ipw-w","0.984345024766826","1.99956089589228","2.94419955201577","1.01798968160794","0.0561665078077805","0.0661893567651062","0.0457899922993959"
"mle","1.0372846484865","2.02174345187013","2.96910347315021","1.02473242777081","0.0423499216726895","0.0446745930001411","0.0333419198723062"
"mle-w","1.0372846484865","2.02174345187013","2.96910347315021","1.02473242777081","0.0423499216726895","0.0446745930001411","0.0333419198723062"
