"Method","beta0.x","beta1.x","beta2.x","sigma.x","beta0.y","beta1.y","beta2.y"
"oracle","1.0531828561351","1.99888854281394","2.98893680692762","1.00319666339544","0.0316941776203648","0.0350749327810951","0.02334960568679"
"naive","-0.285511887884635","1.1361651601281","1.60967097270308","3.18138467598533","0.0964350243189318","0.112115148581071","0.0753419178440924"
"cc","1.0561970852107","1.96765469491407","2.97061404473056","1.02037171690976","0.0474974032559332","0.0469397740520481","0.0362146868685029"
"ipw","1.08075934560287","1.93422853953228","2.93204628414543","1.021685624327","0.0520542226925801","0.0536989413434428","0.0441295287834849"
"ipw-w","1.08569346310017","1.96315889303185","2.97101427801118","1.02081866466679","0.0627271620330956","0.070554128529843","0.044873369152302"
"mle","1.03275651715551","1.97922507032227","2.99291006362291","1.03074723106224","0.0421807699663684","0.0439390495667442","0.0312262227048159"
"mle-w","1.03275651715551","1.97922507032227","2.99291006362291","1.03074723106224","0.0421807699663684","0.0439390495667442","0.0312262227048159"
