"Method","beta0.x","beta1.x","beta2.x","sigma.x","beta0.y","beta1.y","beta2.y"
"oracle","0.978435156792792","2.01963999021898","3.00197718185097","0.959720909652243","0.0303815671110048","0.0330756624228094","0.0226317084211528"
"naive","-0.428581281989893","1.17950773599519","1.52543540904151","3.27216573162377","0.0969833155604854","0.114803738737759","0.0827756154858468"
"cc","0.992049618159268","2.06102037221217","3.03562450201032","0.935266926614314","0.0410948492633831","0.0451566357731619","0.0299091553479799"
"ipw","0.986333051403006","2.05825873618292","3.05469271302695","0.935635351480283","0.042068416361764","0.048886085791462","0.0302538098066656"
"ipw-w","0.99687250353211","2.07802280793387","3.07036622924594","0.936367831329055","0.0463631786335082","0.0521134429437733","0.0355293039026224"
"mle","0.984217766802023","2.01059362202871","3.04710775188765","0.943879665683783","0.0385398956465804","0.0397943436114087","0.0285813671097428"
"mle-w","0.984217766802023","2.01059362202871","3.04710775188765","0.943879665683783","0.0385398956465804","0.0397943436114087","0.0285813671097428"
