"Method","beta0.x","beta1.x","beta2.x","sigma.x","beta0.y","beta1.y","beta2.y"
"oracle","0.999002564355015","1.98858507855954","2.98419322253448","1.042670119743","0.033111452246503","0.0356294818676131","0.0236007800606308"
"naive","-0.376519142200396","1.37111712747537","1.80654626571545","3.17582232152713","0.0907070371135836","0.113119895411702","0.0717243498229926"
"cc","0.990953065724867","1.96972403745763","3.01269267040575","1.02913256100356","0.0484261478386549","0.0489548631515194","0.0325111828227289"
"ipw","0.991499440850223","1.95792704719379","2.9978024690032","1.02936237931149","0.0535751281408049","0.0565861152527591","0.0404023597330377"
"ipw-w","1.02729206808322","1.99357868989459","3.04531641081665","1.03128219875083","0.0560577183000279","0.0619548685504175","0.036585830456495"
"mle","0.997790193272785","2.01096958733326","2.99780397800698","1.05782817383405","0.0437422083309894","0.0465411991224741","0.0295294110853176"
"mle-w","0.997790193272785","2.01096958733326","2.99780397800698","1.05782817383405","0.0437422083309894","0.0465411991224741","0.0295294110853176"
