"Method","beta0.x","beta1.x","beta2.x","sigma.x","beta0.y","beta1.y","beta2.y"
"oracle","0.991619835306968","2.02967638727002","3.04283408673021","1.00373334097447","0.031759141318603","0.0345134711829723","0.0257410070267882"
"naive","-0.377497227846089","1.41209735310299","1.50406525677237","3.27136916283597","0.101721029490027","0.119740232402537","0.0757432642975736"
"cc","1.05586171377419","1.99697645277168","3.02376011456642","1.02474616561297","0.0466498325795311","0.04797150629022","0.0393634058762178"
"ipw","1.06387537366096","2.00912217841213","3.04264361938988","1.02510943065879","0.0489004789906722","0.0535330019575417","0.041460844187619"
"ipw-w","1.01831114464193","1.97184594452894","3.01064001716881","1.0258837370427","0.0569706404951113","0.0560956109127087","0.0478810474735654"
"mle","1.02989355612227","2.0032119745647","3.02264979229209","1.02246024434462","0.0418381191115001","0.0446264563652315","0.0337888801042447"
"mle-w","1.02989355612227","2.0032119745647","3.02264979229209","1.02246024434462","0.0418381191115001","0.0446264563652315","0.0337888801042447"
