"Method","beta0.x","beta1.x","beta2.x","sigma.x","beta0.y","beta1.y","beta2.y"
"oracle","0.989044167909887","1.97511299368533","3.01565997402483","0.989076030207114","0.0313184015881006","0.0345159028707018","0.0236757081650615"
"naive","-0.465906490661993","1.38785681489872","1.69209578698772","3.18679827093999","0.0913269669543742","0.115604656468355","0.076403566498202"
"cc","0.988894735201626","1.99847730771306","3.01597016941088","0.983171072531414","0.0448337419191785","0.0496738737061946","0.0337654351272626"
"ipw","0.995190943077625","1.9747180466722","3.00394452739993","0.983443457064817","0.0518083868576402","0.0667533017790842","0.0405361738721829"
"ipw-w","0.946362478234794","2.02176480521999","3.01514479976683","0.984321628624396","0.0528814090488081","0.0571574479968776","0.0407072760862651"
"mle","0.985581628259349","2.01427712216931","3.02182779197435","0.979331164857723","0.0403126435690484","0.0449623873371131","0.0295194854361321"
"mle-w","0.985581628259349","2.01427712216931","3.02182779197435","0.979331164857723","0.0403126435690484","0.0449623873371131","0.0295194854361321"
