"Method","beta0.x","beta1.x","beta2.x","sigma.x","beta0.y","beta1.y","beta2.y"
"oracle","0.997835911673871","1.97063092410681","2.99383992371876","0.996956491967812","0.0315076431421889","0.0322394546550419","0.024428269823848"
"naive","-0.332806861596623","1.24596179122265","1.5578967100853","3.12323040951377","0.0899572943370292","0.100329156186153","0.076140382278654"
"cc","0.994886512058595","1.99265915952291","2.97255525014283","1.0206091480803","0.0470166634391831","0.0468857244223194","0.0370491392826535"
"ipw","1.01312509440832","1.96613780798956","2.95082622942122","1.02119647584569","0.0481176593423495","0.0494137856285422","0.0412995697829957"
"ipw-w","1.02668213512999","1.98820343973643","2.98562891650645","1.02139562219172","0.0584653754369869","0.0560859613509029","0.0434245071214389"
"mle","0.993045723426307","1.96955384768318","2.98810441146202","1.01874014211538","0.0445042350632593","0.0321259268109145","0.0351229532082618"
"mle-w","0.993045723426307","1.96955384768318","2.98810441146202","1.01874014211538","0.0445042350632593","0.0321259268109145","0.0351229532082618"
