"Method","beta0.x","beta1.x","beta2.x","sigma.x","beta0.y","beta1.y","beta2.y"
"oracle","0.955910499368959","1.96222292790274","3.00341837818066","1.03151196910168","0.0327850201634889","0.0360762412779428","0.0243211910930755"
"naive","-0.332180295584483","1.4268843767163","1.64300155885956","3.03915705214512","0.0865316570111019","0.0988253984658586","0.0759154474646472"
"cc","0.944874736442003","1.94837081043802","2.98342581276388","1.0245602037162","0.0449823175856001","0.0509945680457402","0.0341057558894965"
"ipw","0.928263948727494","1.93548536534189","2.99222987562878","1.02486650390019","0.0460452337233449","0.0520870368806731","0.0340067756189626"
"ipw-w","0.941571043973789","1.86726737884922","2.97614305454311","1.02735196732615","0.0531296249897012","0.064936278785633","0.041767394816677"
"mle","0.94052188200035","1.92821807426698","2.98245713011791","1.02624845051907","0.0409376067792567","0.0454873776831434","0.0311192946853366"
"mle-w","0.94052188200035","1.92821807426698","2.98245713011791","1.02624845051907","0.0409376067792567","0.0454873776831434","0.0311192946853366"
