"Method","beta0.x","beta1.x","beta2.x","sigma.x","beta0.y","beta1.y","beta2.y"
"oracle","1.00812798463083","2.05226400622376","2.98569408499022","1.0006077639042","0.0316642831122893","0.0328933977561921","0.0241219072430974"
"naive","-0.234930415280542","1.199132632819","1.63447332297325","2.98484147965471","0.0882847516882581","0.0980422829288427","0.078644608718418"
"cc","0.989723797296873","2.02424125022282","2.97908861749047","1.01281124754192","0.0465285181444695","0.0492518773232319","0.0345982709771058"
"ipw","0.992002034575572","1.9968093949736","2.96616551434272","1.01316139165098","0.0489423754421367","0.0531781266867657","0.0369951230615246"
"ipw-w","1.02016253332794","2.0838968322109","2.98873479260075","1.01472823681009","0.054847629481936","0.057421293520055","0.0392902018726015"
"mle","1.01943591947436","2.01605104892793","2.96652660376187","0.997643666397367","0.0405234923970472","0.0430022599163072","0.0302332214585573"
"mle-w","1.01943591947436","2.01605104892793","2.96652660376187","0.997643666397367","0.0405234923970472","0.0430022599163072","0.0302332214585573"
