"Method","beta0.x","beta1.x","beta2.x","sigma.x","beta0.y","beta1.y","beta2.y"
"oracle","1.0322196161898","2.00695641723286","3.00529199240009","0.987396997898795","0.0312645042223819","0.0340714028200084","0.0228010375918661"
"naive","-0.301024382394882","1.18668485410847","1.71709868737282","3.07088916853076","0.084486589822218","0.104406075191789","0.0787664184190479"
"cc","1.00790077935816","1.98974048807766","2.99412451476295","0.949748134461799","0.0433410115873532","0.0480811115425447","0.0300523665721386"
"ipw","1.00285660008609","2.02758605535689","2.99378387990767","0.950597105178351","0.0446930150569636","0.0581124044904676","0.0326628287672619"
"ipw-w","1.00147855897259","2.00152966610136","2.98305977661867","0.950100490861571","0.0526876486013978","0.0512945527034671","0.0359191288950018"
"mle","1.02462158336708","1.9689685642642","2.98432246725362","0.963150471721235","0.0397584435630357","0.0441796266015193","0.0279310892110736"
"mle-w","1.02462158336708","1.9689685642642","2.98432246725362","0.963150471721235","0.0397584435630357","0.0441796266015193","0.0279310892110736"
