"Method","beta0.x","beta1.x","beta2.x","sigma.x","beta0.y","beta1.y","beta2.y"
"oracle","1.01120899154531","2.01053687277672","3.03158520565237","0.983843965112019","0.0311205387648569","0.0313471254574268","0.0239612778334846"
"naive","-0.356401403430202","1.32592579356647","1.59340893155484","3.16410220588784","0.089186747438657","0.101922438135543","0.0758994921527992"
"cc","0.979295079474235","2.03838071070693","3.09113431779994","0.966775864502346","0.0433315041448526","0.0464435023754971","0.0344785874261319"
"ipw","0.974923689788409","2.02826659432834","3.07832666890066","0.966950835888048","0.0432084344230141","0.0439719369980067","0.0330739847817823"
"ipw-w","1.02478881466389","1.99507024416871","3.0825621838433","0.968644969307626","0.0539415512255225","0.0534800672616342","0.0382858369402149"
"mle","0.990486202667344","2.02307412847519","3.06451725875526","0.963954854557673","0.0390646297800295","0.0406001159704464","0.0307194180305544"
"mle-w","0.990486202667344","2.02307412847519","3.06451725875526","0.963954854557673","0.0390646297800295","0.0406001159704464","0.0307194180305544"
