"Method","beta0.x","beta1.x","beta2.x","sigma.x","beta0.y","beta1.y","beta2.y"
"oracle","0.971101476205765","1.93981418968281","2.99383535521456","1.00037813322763","0.0317465865514944","0.0350234866728084","0.0237220679259941"
"naive","-0.348593128524468","1.3914451129887","1.67465721843356","3.14075795858843","0.0876022182821727","0.101391624067728","0.0786288585230424"
"cc","0.914070312540098","1.97025450607754","3.01108834026832","0.983086414031671","0.0438800154658234","0.0482368276512305","0.0324175903757013"
"ipw","0.923944664378605","1.98893905484768","3.03587085679738","0.983801529656537","0.0473889044997068","0.0522009485265009","0.0335324240722275"
"ipw-w","0.937578763792695","1.97457123831512","3.0224959663836","0.983582346314848","0.0516933303906029","0.0588125421402908","0.0407178559465204"
"mle","0.948193496132572","1.95491618250544","2.98789178597267","0.982197165914","0.0399004392293527","0.0431781180441954","0.0291207344767445"
"mle-w","0.948193496132572","1.95491618250544","2.98789178597267","0.982197165914","0.0399004392293527","0.0431781180441954","0.0291207344767445"
