"Method","beta0.x","beta1.x","beta2.x","sigma.x","beta0.y","beta1.y","beta2.y"
"oracle","0.962307641489516","2.02952458478217","3.01009468606243","0.957095130921678","0.0302818095756063","0.0331633280290252","0.0228180555083838"
"naive","-0.413427185275604","1.27002528207002","1.6087482229214","3.3532433489448","0.0964879933248953","0.112512625429564","0.0913579241636269"
"cc","0.945667313678559","2.06707860546875","3.04580781317291","0.949755551196851","0.0432248992005216","0.0441793759400719","0.0314662406775574"
"ipw","0.931211638095158","2.09040465133395","3.05326484964933","0.950112625913378","0.0456828844777475","0.0467352584843707","0.0397955378690221"
"ipw-w","0.953514266631966","2.12478307238371","3.06304452066081","0.951485500303215","0.0514134041500008","0.0527262258356367","0.0369504086833355"
"mle","0.957543613165139","2.04548452635678","3.05073122589185","0.954573517724532","0.0390234221709257","0.040574136928357","0.0283060046510584"
"mle-w","0.957543613165139","2.04548452635678","3.05073122589185","0.954573517724532","0.0390234221709257","0.040574136928357","0.0283060046510584"
