"Method","beta0.x","beta1.x","beta2.x","sigma.x","beta0.y","beta1.y","beta2.y"
"oracle","1.02126809050726","2.04573433254713","3.0241615426723","0.956321788961937","0.0302104411884778","0.0319398293040822","0.0235922745504403"
"naive","-0.342964991483703","1.47109841685052","1.6587106681756","3.16529735889456","0.0927661572396324","0.107242979664906","0.083364790486443"
"cc","1.01144683542196","2.07963118037524","3.03964332845449","0.96540023066359","0.0446125614600429","0.0437803633361776","0.0344883296123561"
"ipw","1.01199369381129","2.06892923694847","3.03620976090791","0.965450376388758","0.0463440832742823","0.0482247714114818","0.0376896409982012"
"ipw-w","0.948122950659673","2.14153885228627","3.10700238530801","0.969991464213685","0.0540781326327268","0.0558838697094184","0.0434860717589394"
"mle","1.00905233833792","2.06557454866647","3.02897810481397","0.965166817065276","0.0400654995595415","0.0397426938071026","0.0308920511665379"
"mle-w","1.00905233833792","2.06557454866647","3.02897810481397","0.965166817065276","0.0400654995595415","0.0397426938071026","0.0308920511665379"
