"Method","beta0.x","beta1.x","beta2.x","sigma.x","beta0.y","beta1.y","beta2.y"
"oracle","1.00064328787163","2.07058409224803","3.03067625842311","0.980956034666437","0.0309855296724187","0.035071058440675","0.0233691091028397"
"naive","-0.319341653203834","1.40702743161051","1.75128631392664","3.12673093585327","0.0875312295646773","0.108747531652109","0.0772603373499765"
"cc","0.945250252966917","2.09250971429165","3.05929140602343","0.938199931453047","0.0416332454676196","0.0444323108308077","0.0323064051190326"
"ipw","0.936571890216527","2.10159900642045","3.08554784725158","0.938853170705816","0.0439972670478639","0.0451585843203006","0.0374242680305869"
"ipw-w","0.934739018188254","2.06932369438582","3.05481720861744","0.938502124980582","0.0477511613793455","0.0489302132558264","0.0368117514311833"
"mle","0.9886550396328","2.09795095390484","3.04770254751853","0.953867272545726","0.0386606561766996","0.041197217150513","0.0295053260508381"
"mle-w","0.9886550396328","2.09795095390484","3.04770254751853","0.953867272545726","0.0386606561766996","0.041197217150513","0.0295053260508381"
