"Method","beta0.x","beta1.x","beta2.x","sigma.x","beta0.y","beta1.y","beta2.y"
"oracle","0.961493761018616","2.02166042590895","3.00693928246473","1.02313215265946","0.032370778273954","0.0337712079221236","0.0266930185938495"
"naive","-0.417805742937422","1.37438842519033","1.64186907377296","3.19037745887441","0.0970810099606606","0.111917999570705","0.0883840088413484"
"cc","0.933958018240262","2.08139161974137","3.02069544381818","1.01051002472972","0.0478316878936834","0.0494043620832617","0.0390414540818037"
"ipw","0.959328944011617","2.0674783482987","2.97987463032988","1.01200234783577","0.0534716170222862","0.0523496494968964","0.0576712851371343"
"ipw-w","0.89577916190444","2.02205013217546","3.04085436283628","1.01360889876741","0.0580512398844688","0.0647248423985903","0.0490370488136801"
"mle","0.941312565581957","2.04132352494978","3.01617101541232","1.00958390063697","0.0424412580827805","0.0447373364531728","0.0345802060850768"
"mle-w","0.941312565581957","2.04132352494978","3.01617101541232","1.00958390063697","0.0424412580827805","0.0447373364531728","0.0345802060850768"
