"Method","beta0.x","beta1.x","beta2.x","sigma.x","beta0.y","beta1.y","beta2.y"
"oracle","1.02585282257305","1.98043114117495","2.93548986650025","1.00642108995238","0.0318414721547143","0.0326127341519958","0.023004698892615"
"naive","-0.302269028259844","1.34254089911052","1.68153252262176","3.05735717926378","0.0863186803251432","0.093297397790029","0.0697415910716221"
"cc","0.998559483828686","1.91368534769594","2.92005554409051","1.01208896524529","0.0451087313868566","0.0452010154722173","0.0324497559877436"
"ipw","0.993538080181776","1.90044761195237","2.92598405804235","1.01227020983394","0.0466158589649068","0.0484607890687176","0.0329545350585964"
"ipw-w","1.02473918186527","1.90708463479435","2.91060544576378","1.01245701609223","0.0554782847137732","0.0608583800984193","0.0435651988419117"
"mle","1.00917488598994","1.94844940505563","2.9437711264721","1.01986682546399","0.0814223335912643","0.0401353542712431","0.0258289533881217"
"mle-w","1.00917488598994","1.94844940505563","2.9437711264721","1.01986682546399","0.0814223335912643","0.0401353542712431","0.0258289533881217"
