"Method","beta0.x","beta1.x","beta2.x","sigma.x","beta0.y","beta1.y","beta2.y"
"oracle","1.01901921998666","2.02870744901662","3.07417077694833","1.02679104243093","0.0324417603461939","0.0355843546398937","0.0266649157474371"
"naive","-0.2793976172904","1.32514714956148","1.53035950216134","3.18309092536432","0.0949382683711357","0.109008083462463","0.0796908927180386"
"cc","1.00839211605099","2.02043828681477","3.05172354325558","0.998520851315985","0.0456570773935527","0.0517304498148541","0.0376253310502347"
"ipw","1.01941041333801","2.03486621923365","3.05893084915285","0.998691179065529","0.0469913262148031","0.0528410451332532","0.03895230509586"
"ipw-w","1.01002034105192","2.057119802636","3.01031707879177","1.00154234189999","0.057888692128965","0.0680198510351526","0.0470301753248508"
"mle","1.02871720444853","2.03233179770868","3.04980366846341","1.00468160973473","0.0819203492771741","0.302451810859921","0.637820535422655"
"mle-w","1.02871720444853","2.03233179770868","3.04980366846341","1.00468160973473","0.0819203492771741","0.302451810859921","0.637820535422655"
