"Method","beta0.x","beta1.x","beta2.x","sigma.x","beta0.y","beta1.y","beta2.y"
"oracle","0.974982407867012","1.98512585122892","2.97489574778478","0.951604898803732","0.030045415587868","0.0321967986710605","0.0211162344858992"
"naive","-0.361538864717356","1.29907386427385","1.6768011552744","3.07890096300109","0.089152843284202","0.109476932272125","0.0814731779859373"
"cc","0.948097874423432","2.00543208525341","3.01127888440072","0.991456390570295","0.0446970099437659","0.0463108468083639","0.0299723065411156"
"ipw","0.943713066182122","2.02699248909812","3.02045287362028","0.991663074022817","0.0444016581655868","0.0469357011829181","0.030491387006781"
"ipw-w","0.976712892287292","2.03024290356091","3.03626617712553","0.992737673387721","0.0523921051060126","0.0545948129303962","0.0372561903466645"
"mle","0.969464346073957","2.00529572615128","2.98461241349172","0.98691021046979","0.0401961753726298","0.0429748675105136","0.0276457432889496"
"mle-w","0.969464346073957","2.00529572615128","2.98461241349172","0.98691021046979","0.0401961753726298","0.0429748675105136","0.0276457432889496"
