"Method","beta0.x","beta1.x","beta2.x","sigma.x","beta0.y","beta1.y","beta2.y"
"oracle","1.00415541823409","1.95074081267305","3.00985999055634","1.01926697192726","0.0322481913103913","0.0353751073967429","0.0257783263914585"
"naive","-0.435403390853675","1.1088246063158","1.6476507601257","3.06087127986283","0.0898390132708048","0.0960038252698359","0.0691887069299375"
"cc","0.96351072500235","1.95510437331944","3.05200749801318","1.05535503682485","0.0489265114183647","0.0533117177303562","0.0380028672238234"
"ipw","0.966024047747949","1.97822915383748","3.05478724547743","1.05558272712305","0.0514355492048589","0.0539907162553359","0.0403614931035787"
"ipw-w","0.943006867035824","1.9531570416899","3.07471079922312","1.05595084069481","0.0554262335811576","0.0645289847643476","0.0422949466386796"
"mle","0.981242922580453","1.94187693084314","3.00657201775807","1.05207473472822","0.0432901882324437","0.0467521457866357","0.0337621601128136"
"mle-w","0.981242922580453","1.94187693084314","3.00657201775807","1.05207473472822","0.0432901882324437","0.0467521457866357","0.0337621601128136"
