"Method","beta0.x","beta1.x","beta2.x","sigma.x","beta0.y","beta1.y","beta2.y"
"oracle","1.01806013170819","2.03298941071397","3.03797350276522","0.965214325930014","0.0305183530326577","0.0333765833977058","0.0227190292794674"
"naive","-0.421095692088109","1.31806058467976","1.55367500203049","3.26200042269305","0.0943965678763909","0.106080960361357","0.0750292363664041"
"cc","0.998141067742357","2.05501658654565","3.04143933924023","0.963370051447659","0.0437344767434021","0.0470842835348976","0.0307478662833866"
"ipw","1.00726732362077","2.03059862226216","3.05690522270777","0.964176329904739","0.0461543562385021","0.0509944399098101","0.0337118951006712"
"ipw-w","0.990851925204349","2.02325462403662","3.01517413449743","0.964197751949306","0.0491243647414515","0.0497704750683712","0.0326198065560054"
"mle","1.00135589832921","2.05727694408096","3.03008088397786","0.96260165062794","0.0393686556714818","0.042506385593965","0.0279234229164259"
"mle-w","1.00135589832921","2.05727694408096","3.03008088397786","0.96260165062794","0.0393686556714818","0.042506385593965","0.0279234229164259"
