"Method","beta0.x","beta1.x","beta2.x","sigma.x","beta0.y","beta1.y","beta2.y"
"oracle","0.98955069809215","2.01579687256021","2.9804692726515","0.977094355481472","0.0310388033001564","0.0350043751900685","0.0226146181413086"
"naive","-0.51468659694317","1.25819361031431","1.52287486246798","3.21261586505361","0.0919586777984457","0.111898493315107","0.0821435273594499"
"cc","0.946724372349221","1.98928849480346","2.99265244713681","1.00654675579877","0.0459955648517826","0.0515377610846934","0.0329041446097049"
"ipw","0.951932170726664","2.00058253181828","3.00181768449923","1.00667544334154","0.0480716373021881","0.0524855463585969","0.0316540950920723"
"ipw-w","0.975968893394279","2.00418617334132","2.9903374502187","1.00709697449647","0.0526625674400483","0.0639857374046147","0.032525338388254"
"mle","0.95737674460852","1.95042994558309","2.97978721269704","0.996205875658221","0.0407660343070485","0.0462737013593766","0.0289388905243568"
"mle-w","0.95737674460852","1.95042994558309","2.97978721269704","0.996205875658221","0.0407660343070485","0.0462737013593766","0.0289388905243568"
