"Method","beta0.x","beta1.x","beta2.x","sigma.x","beta0.y","beta1.y","beta2.y"
"oracle","0.98750364140492","2.05638223185145","2.99788727415557","1.00125607774871","0.0317664114485485","0.0314984650091844","0.0234484130961283"
"naive","-0.432378294526891","1.32449673873724","1.64040238289852","3.14221550611281","0.0920471671010113","0.102516942886232","0.0805588486499496"
"cc","0.940402114666494","2.04546345908735","3.0298830625657","1.01616053530719","0.0450721846291186","0.046974096484061","0.0353989337279275"
"ipw","0.923546361847023","2.04806011740547","3.02828947928936","1.01631630841185","0.0491609373896233","0.0485939934413039","0.0414613193916858"
"ipw-w","0.951071752250715","2.02753121506842","3.02244642913446","1.0163428096846","0.0557603761977631","0.053770275313149","0.0443719474703234"
"mle","0.919711778598521","2.06682706574539","3.04631789216549","1.02420809145339","0.0394128218357188","0.0410875781499042","0.030467050130467"
"mle-w","0.919711778598521","2.06682706574539","3.04631789216549","1.02420809145339","0.0394128218357188","0.0410875781499042","0.030467050130467"
