"Method","beta0.x","beta1.x","beta2.x","sigma.x","beta0.y","beta1.y","beta2.y"
"oracle","1.02934542586462","2.02887847400397","2.9874490248846","1.00042981552694","0.0316487280939255","0.032292393898608","0.0240819955920601"
"naive","-0.331053467796506","1.31017188838894","1.48210760740845","3.16974638506518","0.09551956885735","0.106130709146669","0.0736309491882208"
"cc","1.08658627168838","2.0201448998532","2.97517021738928","1.03793705869317","0.0509981502432588","0.0478635844380784","0.0383977573208403"
"ipw","1.10107163510992","1.99487590625088","2.97213904681711","1.03828578516897","0.054321564013318","0.0513921427377833","0.0394684260278845"
"ipw-w","1.06036678605819","2.04283042582506","3.00425295709361","1.03868728188295","0.0587309641538453","0.055785756260136","0.0479518996537355"
"mle","1.02971878206004","2.02918838072772","2.98725092360629","1.02541112324852","0.0431610368089178","0.0425635641847539","0.0312455126803287"
"mle-w","1.02971878206004","2.02918838072772","2.98725092360629","1.02541112324852","0.0431610368089178","0.0425635641847539","0.0312455126803287"
