"Method","beta0.x","beta1.x","beta2.x","sigma.x","beta0.y","beta1.y","beta2.y"
"oracle","0.99586490241371","2.04386809370107","3.0323832406957","1.04789965560232","0.033178593698857","0.0356199031755274","0.0239847240964029"
"naive","-0.429322635527046","1.51465196180615","1.728940944579","3.24357450081363","0.0911145562593351","0.108529746282567","0.0795046976312238"
"cc","1.00117279169673","2.09751149207676","3.05190129307727","1.06065369494337","0.0474033976050606","0.0483527638340637","0.0362803532236185"
"ipw","1.01173022281637","2.11510128741007","3.05500630089515","1.0608589578337","0.0501849775794657","0.0520017073628232","0.0404489170029545"
"ipw-w","1.03150831332396","2.13763882603473","3.06722896474681","1.06199195952759","0.0540074171460872","0.052245216842153","0.040202829402587"
"mle","1.01513721475139","2.07349858696994","3.04193200978983","1.05595024620878","0.0424809927429606","0.0442116034869491","0.0315808914751019"
"mle-w","1.01513721475139","2.07349858696994","3.04193200978983","1.05595024620878","0.0424809927429606","0.0442116034869491","0.0315808914751019"
