"Method","beta0.x","beta1.x","beta2.x","sigma.x","beta0.y","beta1.y","beta2.y"
"oracle","0.981451624567144","2.04301826373594","2.99030535456383","1.05912556940368","0.0335156650485894","0.0395857542587669","0.0271320872982889"
"naive","-0.370697118325872","1.41536495589128","1.62825764833977","3.07310983094355","0.087199908450167","0.106757736051922","0.0803264340390508"
"cc","1.01023040874301","2.0953636775942","3.01038839285381","0.997981306864144","0.0454030713991083","0.0501364922569665","0.0387002606147992"
"ipw","1.00822412474832","2.08363093069502","3.00991238674536","0.998048558326047","0.045811819371095","0.05082649617043","0.0375150741969237"
"ipw-w","0.985035240419053","2.10818383468558","3.00570899998877","0.998455019940044","0.0518685123364388","0.0555240023426525","0.0468915457658725"
"mle","1.01344043028399","2.05750786768525","3.00173634477349","1.01835918574489","0.0409651021812756","0.0457164016624171","0.0339222686764138"
"mle-w","1.01344043028399","2.05750786768525","3.00173634477349","1.01835918574489","0.0409651021812756","0.0457164016624171","0.0339222686764138"
