"Method","beta0.x","beta1.x","beta2.x","sigma.x","beta0.y","beta1.y","beta2.y"
"oracle","0.985887802761446","1.98571646548529","3.01702729516939","1.01999620661963","0.032612998774112","0.0330450300032217","0.0241217186841855"
"naive","-0.622579822590531","1.44163446147216","1.6193954374027","3.22700202209742","0.093574883894669","0.10580993433589","0.0728392672338871"
"cc","1.01256552191038","1.98836551186563","3.0211256049669","1.01871759672588","0.0483229828258922","0.0447835573561232","0.0365012844187555"
"ipw","1.0176154050664","1.98235892994153","3.01192341784248","1.01879836675057","0.0486187365015755","0.0494648004888966","0.0376305377062906"
"ipw-w","1.02600504164896","2.01538000232926","3.03440157418555","1.01930509982192","0.0581008078274672","0.0468844138346293","0.0454955382027139"
"mle","1.01522603385307","1.97420191096756","3.02316379511","1.00680616591168","0.0420310719672943","0.0398560723082203","0.0310402755523244"
"mle-w","1.01522603385307","1.97420191096756","3.02316379511","1.00680616591168","0.0420310719672943","0.0398560723082203","0.0310402755523244"
