"Method","beta0.x","beta1.x","beta2.x","sigma.x","beta0.y","beta1.y","beta2.y"
"oracle","0.972646906861616","2.04272189423608","3.01896839987201","0.984505112728915","0.0311344544482117","0.0328813098612143","0.023949600236461"
"naive","-0.42457956053257","1.24572014712291","1.51720825454101","3.31021297706206","0.0976709976615505","0.110352867314612","0.0828921816826055"
"cc","0.942370563903004","2.00446031562042","3.01910145864761","0.976046938056537","0.0460978625017804","0.0475634175860231","0.0331736822370405"
"ipw","0.945375321924536","1.96426217429762","3.01591807970434","0.976837895231457","0.0474623109901027","0.0481675428159931","0.0349524869639632"
"ipw-w","0.951833722024246","2.04133358721904","3.02340394952535","0.976753044057023","0.0513672957075315","0.0541594730733008","0.0397856997368495"
"mle","0.92212228006575","2.04415591547607","3.02847436672237","0.987385484705401","0.041475675775685","0.0427114054340893","0.030030106243901"
"mle-w","0.92212228006575","2.04415591547607","3.02847436672237","0.987385484705401","0.041475675775685","0.0427114054340893","0.030030106243901"
