"Method","beta0.x","beta1.x","beta2.x","sigma.x","beta0.y","beta1.y","beta2.y"
"oracle","0.959575408671444","1.98357264737443","2.94984029286161","1.00284638993459","0.0318817764868968","0.0331504404668994","0.0231720787279344"
"naive","-0.493347374442602","1.27892895315978","1.58106125234499","3.14974101265145","0.0904456972293022","0.1034574294085","0.076860844554869"
"cc","0.938057558546003","1.99908591481847","2.93853448186065","1.02404335686019","0.0458847658955635","0.0498216569277571","0.032637305346038"
"ipw","0.925234361929062","2.02383169783702","2.96607074535449","1.02481460690052","0.0478558331285642","0.0526067147240665","0.0348326334761458"
"ipw-w","0.945317685817143","2.01290163443899","2.94118372279947","1.02415551806605","0.0550669925653121","0.0566561148214522","0.0378963523900116"
"mle","0.919862584375201","1.99514829817984","2.95815805050359","1.02056882997734","0.0410957542562454","0.0433091342871581","0.029236882250541"
"mle-w","0.919862584375201","1.99514829817984","2.95815805050359","1.02056882997734","0.0410957542562454","0.0433091342871581","0.029236882250541"
