"Method","beta0.x","beta1.x","beta2.x","sigma.x","beta0.y","beta1.y","beta2.y"
"oracle","1.02333382628217","1.97688621684047","3.01188051643812","0.975803915222781","0.0309050364261116","0.0311606795345308","0.0245141994341355"
"naive","-0.217233702126247","1.2294485613907","1.48127862124627","3.13906040874044","0.0899703446964716","0.10389793558218","0.0837069561118375"
"cc","1.00902903973395","1.98537659826104","3.01562267525827","0.986452919481256","0.0472142051576375","0.0436289859387195","0.0368710375107627"
"ipw","1.02478236525341","1.98717106971676","3.00755774352159","0.986611803411767","0.0478544975085967","0.0466325178339208","0.0398304889662462"
"ipw-w","0.969706312647207","1.9774311975998","3.01888379028141","0.98725750947347","0.06038482129746","0.0577046000044169","0.0488009948881899"
"mle","1.05410089843592","1.94845539338147","2.98650455924874","0.996884684521949","0.041313086432346","0.0399267982857064","0.0281131050035319"
"mle-w","1.05410089843592","1.94845539338147","2.98650455924874","0.996884684521949","0.041313086432346","0.0399267982857064","0.0281131050035319"
