"Method","beta0.x","beta1.x","beta2.x","sigma.x","beta0.y","beta1.y","beta2.y"
"oracle","0.979208535829954","1.96556091560043","2.96558880376296","1.05408139773107","0.0332905317756406","0.0355818756812953","0.02513636880429"
"naive","-0.475024339548417","1.1838938480402","1.57260940257264","3.15090790605556","0.0915173718528246","0.110612716585202","0.0720892568151446"
"cc","0.99404966921953","2.01669010355","2.96231801324517","1.04881589577469","0.0476380264669089","0.0481717791200186","0.0353849105056822"
"ipw","1.01789836242695","2.03191153611076","2.94720031538378","1.04950319252336","0.051275397707285","0.0530027854367486","0.0394546753308165"
"ipw-w","0.993198323843795","2.0141377146884","2.92394172701361","1.05021219028444","0.0536926453537516","0.0503438471911389","0.0405911345726205"
"mle","0.965951602889697","1.99335391020896","2.96950723875049","1.04337704684397","0.0424331618494011","0.0444643820323597","0.0311905116657465"
"mle-w","0.965951602889697","1.99335391020896","2.96950723875049","1.04337704684397","0.0424331618494011","0.0444643820323597","0.0311905116657465"
