"Method","beta0.x","beta1.x","beta2.x","sigma.x","beta0.y","beta1.y","beta2.y"
"oracle","0.999785820218877","1.98786881330677","3.01191095486675","1.00484416527076","0.0318150690862161","0.0331231502832172","0.0233970165796503"
"naive","-0.308359010427467","1.52506720273849","1.59334466854895","3.18847556037729","0.0931044941269569","0.111068244966452","0.07501977854934"
"cc","1.00689366708899","1.92814195961585","3.03309811949226","1.02709082572612","0.0475030083757189","0.0480895555597661","0.0338670933756806"
"ipw","1.0293972332333","1.94505987136741","3.02095541994288","1.02761391581611","0.0491160166101323","0.0497630770573923","0.0349111305975855"
"ipw-w","0.976445664110546","1.92918632832556","3.01137751015547","1.02821207656235","0.0554427277545812","0.0593814941871119","0.0477468127880756"
"mle","0.954152577141562","1.97783886988067","3.05604344497918","1.01965001124675","0.0417695742945936","0.0418762536798208","0.0248124432218797"
"mle-w","0.954152577141562","1.97783886988067","3.05604344497918","1.01965001124675","0.0417695742945936","0.0418762536798208","0.0248124432218797"
