"Method","beta0.x","beta1.x","beta2.x","sigma.x","beta0.y","beta1.y","beta2.y"
"oracle","1.0149785072707","2.03732972279864","2.99988959471353","1.01231752076853","0.0320538660054649","0.0321449950646495","0.0228727094972588"
"naive","-0.290613629863223","1.3813832362749","1.63330170684457","3.23892102278005","0.090576690555735","0.106615580410997","0.0890501129767027"
"cc","1.07140610969835","2.06270388311657","3.04230084751257","1.01703675694146","0.0479495303631074","0.0444975652489215","0.0338962733699877"
"ipw","1.06935924828888","2.06378584011147","3.03312360476769","1.01713553306543","0.0487754595382681","0.0447086971421026","0.0346871486735748"
"ipw-w","1.14408392076038","2.05944018609308","2.98528067221747","1.02130669030263","0.0568817101267899","0.0522420562859242","0.0426178309093986"
"mle","1.05652557797494","2.05870945920115","3.02181267389912","1.01467497855163","0.043021309187699","0.0409218806675439","0.0299247174745717"
"mle-w","1.05652557797494","2.05870945920115","3.02181267389912","1.01467497855163","0.043021309187699","0.0409218806675439","0.0299247174745717"
