"Method","beta0.x","beta1.x","beta2.x","sigma.x","beta0.y","beta1.y","beta2.y"
"oracle","1.04610682276689","2.06546012660691","3.00773900439686","1.02924601384296","0.0325258898036596","0.0359727888044676","0.0250395336440034"
"naive","-0.395853573503205","1.50361744179957","1.6216962236694","3.26509999556147","0.0938308834244786","0.112583739575366","0.0803540838138105"
"cc","1.02427979313504","2.05969336292888","3.02387252022459","1.05586506622639","0.0500608210569191","0.0531620579852544","0.0381954532876979"
"ipw","1.03596621122431","2.04357197295266","3.0223249171601","1.0560316245502","0.0540696327340736","0.0552655807745781","0.0420904849091126"
"ipw-w","1.06029713679478","2.02176953791776","2.97583664542265","1.05798424585328","0.0611650400163929","0.0741549240777589","0.0501328405474161"
"mle","1.02785131141888","2.04532904613629","3.02858276798119","1.05056673084697","0.0424365970676558","0.0525880432016852","0.0484454856230803"
"mle-w","1.02785131141888","2.04532904613629","3.02858276798119","1.05056673084697","0.0424365970676558","0.0525880432016852","0.0484454856230803"
