"Method","beta0.x","beta1.x","beta2.x","sigma.x","beta0.y","beta1.y","beta2.y"
"oracle","0.978963868704202","2.01490175390535","2.98494466181619","1.00027466790472","0.0316558730230676","0.0335175213889868","0.0246509519934546"
"naive","-0.236933379895409","1.15808629947257","1.4911085026678","3.08187195748656","0.0931112980770611","0.107310874814443","0.089504554885863"
"cc","0.970121525643824","1.99459544918646","2.98134816294354","0.960262451706842","0.0428875537187768","0.0463890713001673","0.0332286246531934"
"ipw","0.97570659254811","1.9709562827256","3.00403176432846","0.961353904035752","0.0454697714368653","0.0513363301065763","0.0357102062755539"
"ipw-w","0.958669387801657","2.01043879359937","3.0031510621576","0.960669395842264","0.0495038740456724","0.0484659827938454","0.0382368944528755"
"mle","0.978466256744195","2.0198370665963","2.99446311910931","0.989330862451092","0.0391908668839119","0.0423936478786291","0.0181223211910764"
"mle-w","0.978466256744195","2.0198370665963","2.99446311910931","0.989330862451092","0.0391908668839119","0.0423936478786291","0.0181223211910764"
