"Method","beta0.x","beta1.x","beta2.x","sigma.x","beta0.y","beta1.y","beta2.y"
"oracle","0.960821979493014","1.95583954736986","3.01978553081042","0.992294553754281","0.0314378504866208","0.0330614152368354","0.0240117391830663"
"naive","-0.394607783140012","1.24426194257842","1.62176923616306","3.01847331983436","0.085269031594455","0.10113670002193","0.0716203635578274"
"cc","0.963794363991422","1.96384028759857","3.01243193852865","0.971861318144648","0.043807493086442","0.0474296960323064","0.0334731252465867"
"ipw","0.974483570280393","1.95027121534795","2.97992310505299","0.972746723419499","0.0454799429835324","0.0547530427978963","0.040643962733096"
"ipw-w","0.961222185507932","1.94514165354012","3.01395660752359","0.972085426549009","0.0485545662932716","0.0550756653061302","0.0386210956322777"
"mle","0.950395158715784","1.97781176334781","3.02697635628445","0.969542616977306","0.0392921846167884","0.0424226372366159","0.0302915110769295"
"mle-w","0.950395158715784","1.97781176334781","3.02697635628445","0.969542616977306","0.0392921846167884","0.0424226372366159","0.0302915110769295"
