"Method","beta0.x","beta1.x","beta2.x","sigma.x","beta0.y","beta1.y","beta2.y"
"oracle","0.990336630608345","1.97207972949418","3.00308829639636","0.993803360268982","0.0314391676389396","0.0337415111227867","0.0241018911902738"
"naive","-0.504118440086392","1.22714822869843","1.61463947370511","3.17127782537243","0.0964385790863136","0.10722009143679","0.0755523061592774"
"cc","0.956307059551273","1.9881620367771","3.03021725068792","1.03669143120292","0.0497151582396185","0.0504959163107095","0.0402159171840824"
"ipw","0.962932178434603","2.00367876624612","3.02575158212786","1.03689435387734","0.0504734187313935","0.0544164376815428","0.045036524359515"
"ipw-w","0.962416453599985","2.03531681697327","3.05444020816228","1.03791195236929","0.0567852393397369","0.0549715919463416","0.0450508446721577"
"mle","0.958853245599558","1.96255756141619","3.02310340148188","1.01885776009921","0.0433196209937064","0.0454512849858018","0.0341875748730973"
"mle-w","0.958853245599558","1.96255756141619","3.02310340148188","1.01885776009921","0.0433196209937064","0.0454512849858018","0.0341875748730973"
