"Method","beta0.x","beta1.x","beta2.x","sigma.x","beta0.y","beta1.y","beta2.y"
"oracle","1.02679519120374","1.96615203655733","3.04191719702675","1.01925208460886","0.0322630907921188","0.0332141608779736","0.0240400469815573"
"naive","-0.281116347994839","1.32321330966425","1.66400634904154","3.15852116655481","0.0895125395006623","0.103403353336207","0.0766634320462003"
"cc","1.04627605702204","1.94044927328769","3.07018003510826","1.02533452555634","0.0477652064879497","0.0485317636963706","0.0329993560824813"
"ipw","1.07205729534933","1.94142406888166","3.07075048599304","1.02566281928759","0.0484943211923358","0.0520062657499165","0.0324601620359318"
"ipw-w","0.988851886050456","1.917906279236","3.08059109608581","1.02718837547857","0.0578977993050298","0.0629617466368426","0.0415937428826856"
"mle","1.07793304728126","1.94683876252518","3.02953405810509","1.01248776152221","0.041841586379064","0.0430880656708826","0.0299457022235743"
"mle-w","1.07793304728126","1.94683876252518","3.02953405810509","1.01248776152221","0.041841586379064","0.0430880656708826","0.0299457022235743"
