"Method","beta0.x","beta1.x","beta2.x","sigma.x","beta0.y","beta1.y","beta2.y"
"oracle","0.989369564048142","1.99338098547202","2.98759615275675","1.00105072394993","0.0316271513015934","0.0339090869679217","0.023203146983294"
"naive","-0.429138691163258","1.27109788316996","1.50867441971891","3.27267367015436","0.094994277498805","0.121864838872366","0.0808955181813285"
"cc","1.03085297605914","1.9673863439905","2.93267920140436","0.999705656441695","0.0468378565796096","0.0478535548314562","0.0331966383205234"
"ipw","1.04327853875379","2.00069692391038","2.94817469016882","1.00036165749656","0.0478676134304048","0.0502950819441828","0.0362448846065341"
"ipw-w","1.05361081177931","1.97592893209694","2.90548414830541","1.00063869823453","0.0552168631907316","0.057361955113481","0.0383588497325752"
"mle","1.02169793217564","1.96328562262889","2.9476675209513","0.999340602331935","0.041167508928976","0.042526421154725","0.0291663332252271"
"mle-w","1.02169793217564","1.96328562262889","2.9476675209513","0.999340602331935","0.041167508928976","0.042526421154725","0.0291663332252271"
