"Method","beta0.x","beta1.x","beta2.x","sigma.x","beta0.y","beta1.y","beta2.y"
"oracle","1.03130534319029","1.99143141585269","3.0237491468162","0.997979214396986","0.031555237511773","0.0345552916727942","0.0233739667728021"
"naive","-0.457134834144506","1.31923488909311","1.61022883637754","3.31480948916454","0.0941654235140448","0.116168255929755","0.078221263160205"
"cc","1.05464031853286","2.02933113749325","3.02004975199217","0.994225501407701","0.0456451486079777","0.0484195248916032","0.0343951690786109"
"ipw","1.05757689227638","2.01509793239081","3.02900240680655","0.994472085572645","0.0486004431483671","0.053170599545349","0.0403597970270753"
"ipw-w","1.06182620595229","1.99433435194131","3.02121550537195","0.994858500353783","0.0589601138674514","0.0625251523849154","0.0430233105584208"
"mle","1.02865217597202","2.04177652990698","3.03281120281463","1.00846332650085","0.0418311360503416","0.0446582649010639","0.0312073126986073"
"mle-w","1.02865217597202","2.04177652990698","3.03281120281463","1.00846332650085","0.0418311360503416","0.0446582649010639","0.0312073126986073"
