"Method","beta0.x","beta1.x","beta2.x","sigma.x","beta0.y","beta1.y","beta2.y"
"oracle","0.979916387192217","2.04159729127924","3.04623017562207","1.01409733519029","0.0320679757033606","0.0334338847165261","0.0234093131596041"
"naive","-0.411637158509346","1.36639814933301","1.78007830854062","3.15123485255494","0.093159405290675","0.100733045550942","0.0806328031499288"
"cc","0.931139966911998","2.04567541671876","3.05538640693501","0.97496830309058","0.0467735377543122","0.0460691103994355","0.0327357913368656"
"ipw","0.91381424678775","2.01693440083033","3.06351540816684","0.975699715111707","0.0508897499129942","0.0510709296412166","0.0365978744886372"
"ipw-w","0.931799567206337","2.03141869926095","3.05604692427433","0.975085730621799","0.0512676015563178","0.0479673075077158","0.0336182672244041"
"mle","0.965634555237767","2.05166590679922","3.03682667499233","0.976309573788033","0.0417333428163658","0.0422810592349162","0.0295271777253092"
"mle-w","0.965634555237767","2.05166590679922","3.03682667499233","0.976309573788033","0.0417333428163658","0.0422810592349162","0.0295271777253092"
