"Method","beta0.x","beta1.x","beta2.x","sigma.x","beta0.y","beta1.y","beta2.y"
"oracle","0.967843190109605","1.99208157260819","2.97946184793407","0.977618377843047","0.0311801122695371","0.0343597075118116","0.0239669228802903"
"naive","-0.504174104870121","1.18240866326236","1.48793659252991","3.14284996917257","0.0963823459950818","0.105976646205912","0.0755311691470146"
"cc","0.987331376583304","1.95664978024108","2.96981179653245","0.94748867471725","0.0457255225823708","0.0495960758966211","0.0365669572904101"
"ipw","0.973447716408184","1.98468547021349","2.98532431239947","0.947909770213866","0.0503559900943142","0.0541093083757182","0.0419342360909883"
"ipw-w","0.927791673516673","1.97934311939872","2.99083374514492","0.949453803796071","0.0584475354125156","0.058713986565001","0.0462729351857896"
"mle","0.976826879884087","2.00074838553532","2.96069563442739","0.958035433119365","0.0402900688863536","0.0440036965873437","0.0317324398077867"
"mle-w","0.976826879884087","2.00074838553532","2.96069563442739","0.958035433119365","0.0402900688863536","0.0440036965873437","0.0317324398077867"
