"Method","beta0.x","beta1.x","beta2.x","sigma.x","beta0.y","beta1.y","beta2.y"
"oracle","0.996656522547517","1.9914722405734","3.01512162388264","1.0087608435816","0.0319365957548239","0.0349014233868944","0.022921793147836"
"naive","-0.33069634251109","1.34872281649869","1.68412783466578","3.08785243205261","0.0887523344858327","0.113477727944067","0.0862237232861316"
"cc","0.996900085143444","2.00117942231547","3.03325477719582","1.04840411517774","0.0467060785856482","0.0519434813970413","0.0330575177565525"
"ipw","1.00255296953861","1.99364609069566","3.02010340534618","1.04853918917315","0.0510383056677129","0.0543042869667431","0.0391788750145411"
"ipw-w","0.989510190634059","1.93150201878421","3.07518785835284","1.05341044019628","0.0582313885077459","0.0673953132490622","0.0372585465416155"
"mle","1.05455014380839","2.00226682251893","3.00417197193913","1.03083543037323","0.0412212490222194","0.045246374165228","0.0296077084900447"
"mle-w","1.05455014380839","2.00226682251893","3.00417197193913","1.03083543037323","0.0412212490222194","0.045246374165228","0.0296077084900447"
