"Method","beta0.x","beta1.x","beta2.x","sigma.x","beta0.y","beta1.y","beta2.y"
"oracle","0.999077640328502","2.01310723864676","3.04320875904822","0.979832241895371","0.030983376597021","0.0328381323010822","0.0214564677468216"
"naive","-0.427583597070682","1.50135156053611","1.74944090496457","3.2965343578753","0.0936078480176306","0.101132424551212","0.0771948807646281"
"cc","1.03423794258287","2.00489783095262","3.04263060157766","0.982880165743081","0.0447166741513939","0.0449314485591355","0.0317618833889267"
"ipw","1.00608950251203","1.9796042749309","3.05517858044209","0.983936297576739","0.0453044527936187","0.0481070216014967","0.0314458694364626"
"ipw-w","1.06936601768403","1.98187490685935","3.01223665610202","0.984040852303159","0.0537931533556022","0.0621122148678557","0.0416382979804918"
"mle","1.02124054463924","2.02894335210103","3.05535112922778","0.977301508948625","0.0399416483775296","0.0405830005410763","0.0282360686045175"
"mle-w","1.02124054463924","2.02894335210103","3.05535112922778","0.977301508948625","0.0399416483775296","0.0405830005410763","0.0282360686045175"
