"Method","beta0.x","beta1.x","beta2.x","sigma.x","beta0.y","beta1.y","beta2.y"
"oracle","0.993631007317833","1.98485628565503","2.98444751330779","0.953909341935426","0.0301700346161763","0.033652114209946","0.0223617966623632"
"naive","-0.405343594468091","1.25582457153815","1.69698383774668","3.15669975958241","0.0890806944357417","0.108445180660849","0.0788006536282966"
"cc","1.00125175613442","1.995520453526","2.97016921375417","0.982393641878602","0.0447439006505611","0.047788920605623","0.0346949028741542"
"ipw","0.996016212344625","2.03061289219072","2.95808694590958","0.983395228429588","0.0484285866825202","0.050524698888534","0.0355721855705538"
"ipw-w","0.983972711623913","2.01260008880122","2.98115841507938","0.982664912238865","0.0504386496443155","0.0546304069911175","0.0382135463432616"
"mle","0.984902056325086","2.02483945036927","3.00683005562482","0.986738965309149","0.0481505972666278","0.520651418368633","0.105735471263715"
"mle-w","0.984902056325086","2.02483945036927","3.00683005562482","0.986738965309149","0.0481505972666278","0.520651418368633","0.105735471263715"
