"Method","beta0.x","beta1.x","beta2.x","sigma.x","beta0.y","beta1.y","beta2.y"
"oracle","0.991237448163289","1.95670109886944","2.99787381943143","1.01140799385707","0.0319652479447835","0.0340649115853088","0.0249404507093602"
"naive","-0.330324873220743","1.44254963513617","1.60796869375037","3.10181357847528","0.0890317055511285","0.102579646498929","0.0770251008945929"
"cc","0.945909730369108","1.928422844938","2.99517537963392","1.01383954038292","0.0473208244884587","0.048829044464191","0.0361787375037735"
"ipw","0.962664793247949","1.92322861847012","2.99446242347758","1.01397729003435","0.0478611118199467","0.0494591795579668","0.0364382282569051"
"ipw-w","0.909139770549132","1.88329104007537","3.02115728845028","1.01655175808813","0.0568989497146327","0.0630947718570479","0.0469872749474536"
"mle","0.995280081519555","1.95043765001898","2.98686598338916","1.01312479206197","0.0411507774374227","0.0438147519248999","0.0322432119615082"
"mle-w","0.995280081519555","1.95043765001898","2.98686598338916","1.01312479206197","0.0411507774374227","0.0438147519248999","0.0322432119615082"
