"Method","beta0.x","beta1.x","beta2.x","sigma.x","beta0.y","beta1.y","beta2.y"
"oracle","0.995354131158963","2.05865705526832","2.97833131364965","0.99330591997626","0.0314161803437397","0.0322986979722123","0.0236302066073968"
"naive","-0.289375065775305","1.40814271248609","1.53376509819461","3.07939636740317","0.0925301469940742","0.0976773239627222","0.0735504743485999"
"cc","1.00014449237593","2.05058866855303","2.96822319995925","0.980528438360878","0.0447987805247581","0.0451800567793355","0.0346812178318911"
"ipw","1.04251251345139","2.05063609847397","2.94565702328058","0.981639632032437","0.0482457182214708","0.0498569512885075","0.0450025958729394"
"ipw-w","0.997707260639465","1.9846270879701","2.95349754371184","0.982641564620764","0.052266501369223","0.0510898267888837","0.0439833661879332"
"mle","1.03345604866332","2.0378354160798","2.97178613616636","0.997938277135122","0.0406629247345756","0.0410507179520162","0.03101497639024"
"mle-w","1.03345604866332","2.0378354160798","2.97178613616636","0.997938277135122","0.0406629247345756","0.0410507179520162","0.03101497639024"
