"Method","beta0.x","beta1.x","beta2.x","sigma.x","beta0.y","beta1.y","beta2.y"
"oracle","1.01793388052935","1.99114438637045","3.00455066242558","0.967063738156416","0.0305957471440083","0.0310697367068711","0.0232069657880493"
"naive","-0.337330187757991","1.23097516337607","1.63449045061768","3.09434732442597","0.0875205094453266","0.100527599345243","0.0767105256135644"
"cc","1.00471467765717","2.03299405486691","3.00861528405356","0.970764553557267","0.0441981959178509","0.043288048031087","0.0336058747748036"
"ipw","1.02942125723101","2.02441684465643","3.00674297574948","0.97110003682114","0.0460239970580215","0.0463927209653398","0.0353801511338405"
"ipw-w","1.02007389270633","2.00306064349411","2.98346176516736","0.971514352438217","0.057165604488889","0.0532569381859217","0.046023728514815"
"mle","1.01141528256545","2.00867099608407","3.01847512087504","0.977058603904803","0.0398855015796288","0.040050625787157","0.030709478281406"
"mle-w","1.01141528256545","2.00867099608407","3.01847512087504","0.977058603904803","0.0398855015796288","0.040050625787157","0.030709478281406"
