"Method","beta0.x","beta1.x","beta2.x","sigma.x","beta0.y","beta1.y","beta2.y"
"oracle","0.954256752278763","2.03614965037981","2.97460970164785","0.984416468029087","0.0311709699742688","0.0346405771011704","0.023173769227367"
"naive","-0.348124341012508","1.46150067981966","1.66596647541117","3.03693782923704","0.0831670198530475","0.0967498505379814","0.078059243337991"
"cc","0.930530684200985","2.05893596153605","2.98698772282104","0.960609299528124","0.0442274584565685","0.0480077984751622","0.0337013707281729"
"ipw","0.931349996172924","2.05050680595458","2.99131472872194","0.96068462933642","0.0443382056064677","0.0484599855158497","0.0367468627451622"
"ipw-w","0.920399619010523","2.11375380975996","2.99742805630912","0.962008541151217","0.0534009986471766","0.0532990822438598","0.0395369467061724"
"mle","0.926096264284153","2.06247608032152","2.9799867828639","0.963553386008993","0.306809336590358","0.125129966619723","0.0436344891703109"
"mle-w","0.926096264284153","2.06247608032152","2.9799867828639","0.963553386008993","0.306809336590358","0.125129966619723","0.0436344891703109"
