"Method","beta0.x","beta1.x","beta2.x","sigma.x","beta0.y","beta1.y","beta2.y"
"oracle","0.971377264221327","2.0700472477521","3.00317376300988","0.971041093220409","0.0307146352092314","0.0307018427902181","0.0239006924656195"
"naive","-0.309188173032807","1.28374138154962","1.55663396109632","3.15119793461134","0.089731439196519","0.102618962409276","0.0806618027178898"
"cc","0.925301056149504","2.12074103770642","3.0043868835971","0.959952583839276","0.0438455510202506","0.0421472669764669","0.0349597758812985"
"ipw","0.91774199431982","2.11372712244539","3.02109711098854","0.960316297193255","0.0454598186108665","0.0444028627737591","0.0353623010198806"
"ipw-w","0.865733096786792","2.11120860366495","3.01600426879956","0.961791555642518","0.0499481226680712","0.0457772548569678","0.0349704036097272"
"mle","0.965079985955075","2.09488353017434","2.99325431168058","0.96953898892999","0.0393964301895376","0.0382097291278021","0.0306366763421436"
"mle-w","0.965079985955075","2.09488353017434","2.99325431168058","0.96953898892999","0.0393964301895376","0.0382097291278021","0.0306366763421436"
