"Method","beta0.x","beta1.x","beta2.x","sigma.x","beta0.y","beta1.y","beta2.y"
"oracle","0.962934755989601","2.03764361142395","3.01491734358022","0.985172659546761","0.0311551307790219","0.0321034378311687","0.0228967923333655"
"naive","-0.489255562573512","1.40773233790647","1.71300837534848","3.09776157094753","0.0879457970952902","0.102028076178565","0.0715888944093773"
"cc","0.960757230783688","2.01951581135054","3.01871895082301","0.961687018999741","0.0443344313010352","0.0440459209538933","0.0311139645583391"
"ipw","0.964956076928845","2.06898784011262","3.02061498683121","0.962985410279454","0.0481047296987563","0.0532309481280184","0.0387205917046241"
"ipw-w","0.966644934511602","2.00170612127294","3.00636893169674","0.96192882621847","0.0503185844318753","0.0468869939263051","0.0329758064246869"
"mle","0.969101064562829","1.97542432686498","3.00366005065387","0.969021259099549","0.040131861020102","0.0410575117331183","0.0278218364656636"
"mle-w","0.969101064562829","1.97542432686498","3.00366005065387","0.969021259099549","0.040131861020102","0.0410575117331183","0.0278218364656636"
