"Method","beta0.x","beta1.x","beta2.x","sigma.x","beta0.y","beta1.y","beta2.y"
"oracle","0.942671620159769","1.99930691405169","2.9870792118288","0.981227263969922","0.0310474976656273","0.0326539258760321","0.0226748789716756"
"naive","-0.369987215921162","1.40690292892357","1.65931833634475","3.24456252198845","0.0919570191192687","0.107498739775527","0.0821746246027825"
"cc","0.961726134096918","2.01233832506282","2.92979729649112","0.948785484474098","0.0429351060088467","0.0447969767461053","0.0313182339701579"
"ipw","0.9638667915049","2.00142400643779","2.92351674803024","0.948858471432394","0.044601700493754","0.0471354389458074","0.0330329312145618"
"ipw-w","0.937595386724121","2.00579730732229","2.921718236239","0.949234076454119","0.0480558289892668","0.0538426592909033","0.0348288235093322"
"mle","0.932215035603493","1.99169990403213","2.96664867179651","0.960870377352778","0.0391493218244442","0.0408743478469068","0.0279438747489966"
"mle-w","0.932215035603493","1.99169990403213","2.96664867179651","0.960870377352778","0.0391493218244442","0.0408743478469068","0.0279438747489966"
