"Method","beta0.x","beta1.x","beta2.x","sigma.x","beta0.y","beta1.y","beta2.y"
"oracle","0.962211905200021","1.99930871322888","2.99956371950283","1.03246068762603","0.0325853514214162","0.0349065369729409","0.0266404608433817"
"naive","-0.527653169025363","1.28238670262087","1.65048330238872","3.11006268201486","0.0904896953969288","0.107126517266295","0.0755437977964872"
"cc","0.935559579761904","2.02146248182408","3.02480394630005","1.0469126201979","0.0497725567944779","0.0508735066567791","0.0387486798637564"
"ipw","0.922116673215495","2.0511142643932","3.04530288892616","1.04751176322731","0.0532657008116807","0.0552841441117526","0.0456255943815666"
"ipw-w","1.03820661777569","1.98045530444542","2.93767404288053","1.05641893008717","0.0610047971422224","0.0564298872794039","0.0488223361293349"
"mle","0.981234216977316","2.03466256710599","3.00892820622628","1.05153953815994","0.0436085954755933","0.0454897305893846","0.0338540094224928"
"mle-w","0.981234216977316","2.03466256710599","3.00892820622628","1.05153953815994","0.0436085954755933","0.0454897305893846","0.0338540094224928"
