"Method","beta0.x","beta1.x","beta2.x","sigma.x","beta0.y","beta1.y","beta2.y"
"oracle","1.02387171988742","1.99089095118206","2.99447970732661","0.997259763258635","0.0317048155283892","0.0338902066576336","0.0253978024803255"
"naive","-0.402610460077672","1.34826271219504","1.54047170956262","3.12494985123536","0.0870401543742203","0.103975257927597","0.0808056781439146"
"cc","1.01511616782357","1.98881001762236","2.97816095093945","1.04508007246398","0.0479676861641223","0.0552549194811078","0.0379543794684747"
"ipw","1.01053171943763","1.98503567233962","2.96993519510023","1.04514911423173","0.0475806061114791","0.05577996934656","0.0421805156035158"
"ipw-w","1.02702129145394","1.97115493623853","2.99862345471454","1.04584347135598","0.0588389224983339","0.0610500405254783","0.0478345945612716"
"mle","0.989412961486299","2.00116974219802","2.99479753387062","1.06007290951251","0.0429193358584559","0.0480454221480513","0.0334016283854494"
"mle-w","0.989412961486299","2.00116974219802","2.99479753387062","1.06007290951251","0.0429193358584559","0.0480454221480513","0.0334016283854494"
