"Method","beta0.x","beta1.x","beta2.x","sigma.x","beta0.y","beta1.y","beta2.y"
"oracle","0.976004666501586","1.93467901355252","2.97287626242585","0.970144639832299","0.0307075366436688","0.0323370937686665","0.0226644327423425"
"naive","-0.312800484353952","1.40315340933926","1.56309912431046","3.11234384689033","0.0924141246754908","0.104790670778832","0.0744848926308886"
"cc","0.984338605462318","1.90555369115875","2.98643677892745","0.961907942285614","0.0446274851786464","0.0477128702462575","0.0338043417901115"
"ipw","1.01814183064647","1.9185930988356","2.98074123569332","0.962621041561736","0.0460968921095702","0.0506206623081876","0.0355143120600987"
"ipw-w","0.932881871797588","1.91738072845078","3.01792699427048","0.963649064116041","0.0526333814874455","0.054332715205527","0.0365691845690031"
"mle","0.977602136602192","1.93847660020853","3.00563145960658","0.97987457123473","0.0400996349866214","0.043128378768883","0.0302383133998935"
"mle-w","0.977602136602192","1.93847660020853","3.00563145960658","0.97987457123473","0.0400996349866214","0.043128378768883","0.0302383133998935"
