"Method","beta0.x","beta1.x","beta2.x","sigma.x","beta0.y","beta1.y","beta2.y"
"oracle","1.02128308652148","1.98537531059241","2.96491181759198","0.998222653496778","0.0317300046756406","0.0343324308356073","0.0234429940921572"
"naive","-0.467877787026714","1.23821800410329","1.66384256220074","3.16939670097221","0.0885717297821208","0.111001550770917","0.079548488073641"
"cc","1.0750158257929","1.94122824572324","2.94254109474635","0.98890419272377","0.0437752072405262","0.0437627736335322","0.0308994819711912"
"ipw","1.0813610329223","1.97465105234694","2.94619698385722","0.989409097551498","0.0442711177164563","0.046311065331272","0.0343659602369399"
"ipw-w","1.10782157123152","1.97728514676285","2.97649495646334","0.990960595796531","0.0568450134079389","0.0546171188020093","0.0373954662894997"
"mle","0.99778088455195","1.96007359493758","2.96673318220755","0.993731217538492","0.039906637975898","0.0398525758591918","0.0283038345206926"
"mle-w","0.99778088455195","1.96007359493758","2.96673318220755","0.993731217538492","0.039906637975898","0.0398525758591918","0.0283038345206926"
