"Method","beta0.x","beta1.x","beta2.x","sigma.x","beta0.y","beta1.y","beta2.y"
"oracle","0.945657104704819","2.00401067096087","3.01438856775883","1.03987468977462","0.032777651717526","0.0357068871355217","0.0247437990636196"
"naive","-0.508130564815986","1.19979229576973","1.69063352519981","3.18089788696872","0.0938543232733257","0.111547441456534","0.085056224089106"
"cc","0.944179811703169","2.02626168751288","3.07429396392897","1.00791347810851","0.0469826540190694","0.0516983582791603","0.0369623489240261"
"ipw","0.9556509559112","2.03094971740283","3.08906736472704","1.00819800207985","0.0493382112729155","0.0602739968922401","0.0427838332682945"
"ipw-w","0.953409382075496","2.06912195912201","3.03838104942795","1.0105780804977","0.0552014579440545","0.06069654345846","0.0421814252391742"
"mle","0.946037310592451","2.00795196321298","3.05730494643024","1.00411211256049","0.0413087741200862","0.0462953363713318","0.0312254405807311"
"mle-w","0.946037310592451","2.00795196321298","3.05730494643024","1.00411211256049","0.0413087741200862","0.0462953363713318","0.0312254405807311"
