"Method","beta0.x","beta1.x","beta2.x","sigma.x","beta0.y","beta1.y","beta2.y"
"oracle","1.02372988635445","2.02086158359292","3.00588715786023","1.00825046240253","0.0319982373098479","0.0322449343057065","0.0250505896547095"
"naive","-0.221199834773247","1.38237858578202","1.66460828797156","3.10179933126288","0.0920740529527277","0.109873487235659","0.0773851995733415"
"cc","1.00925134184268","2.0366652413617","3.02036085460573","1.02185107312079","0.0463507725595448","0.0457211216856785","0.0351539935485437"
"ipw","0.974869833938855","2.03534502082984","3.07563278621298","1.02483602080597","0.0468337319441577","0.0496195884844922","0.0363872606053922"
"ipw-w","0.941151804459464","2.00698032844052","3.01321592553997","1.02471832143285","0.0525662719065547","0.0557838481760884","0.0453657512917063"
"mle","1.01705348075397","2.01695840830377","2.99826018742164","1.01585930972497","0.0411666150523751","0.0406641641993646","0.0308398303622023"
"mle-w","1.01705348075397","2.01695840830377","2.99826018742164","1.01585930972497","0.0411666150523751","0.0406641641993646","0.0308398303622023"
