"Method","beta0.x","beta1.x","beta2.x","sigma.x","beta0.y","beta1.y","beta2.y"
"oracle","1.00826705159693","2.00683394526413","2.99928673331844","1.02301545657034","0.0323265512501128","0.034243276791102","0.0241570354930679"
"naive","-0.233521714603635","1.41069492254231","1.62352661642347","3.16619220285489","0.0909246660312595","0.112049550485785","0.080565483137563"
"cc","1.01877554640782","1.96650005687726","2.93541938571996","0.982512103109339","0.0443996599669955","0.0462490862684208","0.0337738039807962"
"ipw","1.02097146984273","1.96604331365754","2.93856164668244","0.982527594235828","0.047241672484213","0.0497641928582586","0.0357611046768486"
"ipw-w","1.03242460318228","1.93300027089857","2.91670663816966","0.983111404314565","0.0526492287804349","0.0542243478404117","0.0383620322027255"
"mle","0.987725574660579","1.98978921540927","2.96884116462478","0.992049502259549","0.0400485729777883","0.0424676830386231","0.0298907482779691"
"mle-w","0.987725574660579","1.98978921540927","2.96884116462478","0.992049502259549","0.0400485729777883","0.0424676830386231","0.0298907482779691"
