"Method","beta0.x","beta1.x","beta2.x","sigma.x","beta0.y","beta1.y","beta2.y"
"oracle","1.03932130173621","2.0154216726086","3.0361389849108","0.986630951539464","0.0312249295490299","0.0316752032052978","0.0239613022983868"
"naive","-0.396538611839436","1.29696950925375","1.52118205831576","3.19671828022729","0.0903052457227844","0.100326276121217","0.0765404289313757"
"cc","1.07322908548554","1.94505277667444","3.05268661259946","0.983384270984228","0.046074725968497","0.0434343760538648","0.0332847836254782"
"ipw","1.0758022613102","1.93984602504418","3.04199015485091","0.983479182619289","0.0475508421326263","0.0467708636873504","0.0364823767478269"
"ipw-w","1.03447270890793","1.98217642385869","3.03449889313896","0.985593855689165","0.0554534424620342","0.050980106864144","0.0375546112578185"
"mle","1.05315114498123","1.98222270046633","3.0464167847197","0.986917492886681","0.0410576647080778","0.0401950869400599","0.0289638973848002"
"mle-w","1.05315114498123","1.98222270046633","3.0464167847197","0.986917492886681","0.0410576647080778","0.0401950869400599","0.0289638973848002"
