"Method","beta0.x","beta1.x","beta2.x","sigma.x","beta0.y","beta1.y","beta2.y"
"oracle","0.987493034094702","2.00184073913295","3.00310068473908","1.00122078262553","0.0317167036445613","0.0340752608243867","0.0232752867783185"
"naive","-0.307218041957187","1.43274608847146","1.62892698784678","3.1396599683679","0.0893179651204028","0.103226356083416","0.0796262739358764"
"cc","0.975318589160543","1.98380730910316","2.99995629463281","1.05495236414827","0.0474077881338542","0.0495684771092818","0.0362447939367257"
"ipw","0.957877339699317","1.99797113917678","3.0018989664065","1.055164902029","0.0495481784293235","0.0500533605566432","0.0402171497052511"
"ipw-w","0.948970463889522","1.99715431164671","3.00978844664714","1.05532369254022","0.0595878537492266","0.0588276534872889","0.0456564043174822"
"mle","0.99586993440136","2.01559694969994","3.01988842883564","1.04548915604401","0.0417841499460772","0.0448813880198966","0.0307177258768181"
"mle-w","0.99586993440136","2.01559694969994","3.01988842883564","1.04548915604401","0.0417841499460772","0.0448813880198966","0.0307177258768181"
