"Method","beta0.x","beta1.x","beta2.x","sigma.x","beta0.y","beta1.y","beta2.y"
"oracle","0.999805639881719","1.97208995310696","2.96221480177459","0.964011994700577","0.0304868956358638","0.0354059375024291","0.0252043460382478"
"naive","-0.410764330785763","1.46653882866908","1.63316098105529","3.09200862654373","0.0865204893025055","0.101757096440789","0.0719767389125172"
"cc","0.975487573533297","1.97279624553961","2.98649243313474","0.99815388726419","0.0461725559063812","0.0524663106388582","0.038847944406523"
"ipw","0.97969297541017","1.94987136835795","2.95290273121979","0.999134704915797","0.0467622809290135","0.0522806775760915","0.0406588185353838"
"ipw-w","0.917805748698859","2.00939984765528","2.99974685179945","1.00016032553941","0.0563318254715257","0.0668314208766351","0.0476878742320732"
"mle","0.942453295481347","1.95342066332865","2.98481356138534","1.01170272303144","0.0410438087557302","0.046772436840949","0.0340029549814322"
"mle-w","0.942453295481347","1.95342066332865","2.98481356138534","1.01170272303144","0.0410438087557302","0.046772436840949","0.0340029549814322"
