"Method","beta0.x","beta1.x","beta2.x","sigma.x","beta0.y","beta1.y","beta2.y"
"oracle","0.995872929444456","1.97596015211551","3.03787597607656","1.00387958880177","0.0317254698587534","0.0338738429563284","0.0236179573897134"
"naive","-0.395847438625773","1.28780954573918","1.61186227461431","3.2259215256096","0.0928647737413216","0.11170731503219","0.0897058262641343"
"cc","0.993732471539567","1.88012145742009","3.00025014337056","0.999247887634087","0.0460691639159598","0.0509249376130927","0.0340621103194204"
"ipw","0.996158435787587","1.88142419619085","2.99850768077008","0.999255162359085","0.0472674060584028","0.0531522957584815","0.0381616092301032"
"ipw-w","0.987162358287396","1.82159838428911","2.95772178396148","1.00141038531331","0.0536264818579546","0.0592384545242832","0.037637150630292"
"mle","0.972371257328266","1.97542531206733","3.02644219996014","1.01354938832093","0.0414601520603343","0.0451420075215735","0.0299404988262285"
"mle-w","0.972371257328266","1.97542531206733","3.02644219996014","1.01354938832093","0.0414601520603343","0.0451420075215735","0.0299404988262285"
