"Method","beta0.x","beta1.x","beta2.x","sigma.x","beta0.y","beta1.y","beta2.y"
"oracle","0.985978734976185","2.00589579731626","2.9860433775107","0.995805863343787","0.0314488919422404","0.0337511240170211","0.0236912540484491"
"naive","-0.446503405009762","1.30261557229244","1.72758772892909","3.10905126682365","0.0871004684684306","0.107861286595047","0.0776738957806536"
"cc","0.986911611472283","1.97250251552735","2.97638716616611","0.995101238672709","0.0454303846908658","0.0482460534271328","0.032252430992987"
"ipw","1.00033152001516","1.95731646962527","2.97164208482015","0.995283886050226","0.0525792462350958","0.0703338618063647","0.0456503204932298"
"ipw-w","0.986465967548247","2.00404376647791","2.9856432109809","0.995526877083811","0.0526452961938061","0.0514885417398467","0.0351407833171758"
"mle","0.994537043852498","2.00877135250718","2.98086162489609","0.988387249957537","0.0406514472494869","0.0435769803974656","0.0288999626096919"
"mle-w","0.994537043852498","2.00877135250718","2.98086162489609","0.988387249957537","0.0406514472494869","0.0435769803974656","0.0288999626096919"
