"Method","beta0.x","beta1.x","beta2.x","sigma.x","beta0.y","beta1.y","beta2.y"
"oracle","1.03137980942502","1.99663147795175","3.03154965848232","0.971550136529182","0.0307780823492459","0.0326720646355876","0.0231420945339036"
"naive","-0.455408432650656","1.26354144097176","1.66123539565385","3.09629420061154","0.0868550735809409","0.105182111797841","0.0819604030954045"
"cc","1.03756374601085","1.99256592809381","3.08231086217945","0.941049981196879","0.0421655602604678","0.0431630443976196","0.030260282796838"
"ipw","1.02180667537905","2.00520233958553","3.07263350274844","0.941434128034792","0.0435443246351862","0.0474799609522115","0.0320552587926459"
"ipw-w","0.99319096629044","2.00801724066114","3.10474845664813","0.942478857920366","0.0478517438082784","0.0489248373644747","0.0369623219524026"
"mle","1.0632360064424","1.95902989252055","3.06092055609991","0.949609143837068","0.0387216533079172","0.0400843765775589","0.0279982170805806"
"mle-w","1.0632360064424","1.95902989252055","3.06092055609991","0.949609143837068","0.0387216533079172","0.0400843765775589","0.0279982170805806"
