"Method","beta0.x","beta1.x","beta2.x","sigma.x","beta0.y","beta1.y","beta2.y"
"oracle","1.01817893036516","1.93232757248341","2.95297092382836","1.00912348256379","0.0320453074293081","0.0339040179160099","0.0245613432341985"
"naive","-0.475688745055348","1.23357384138019","1.56323724490624","3.19440677889368","0.0905356171169455","0.108408496644858","0.0788259341964481"
"cc","1.01530654992663","1.99103815183711","2.98286930378218","0.994280601784882","0.046258459115624","0.0493234399227474","0.0373045027615548"
"ipw","1.01247942768265","1.9493960427713","2.97465668778158","0.995088466180696","0.0498684076179042","0.0578165416208602","0.0477354144022602"
"ipw-w","1.02466354132702","1.96185325917848","2.92140860064941","0.997446261791549","0.0552494424979694","0.064495789187376","0.050976819574046"
"mle","1.04542857655131","1.95588328540317","2.96606533500685","0.996723547855568","0.0411960736967509","0.044637339696284","0.0318994995175777"
"mle-w","1.04542857655131","1.95588328540317","2.96606533500685","0.996723547855568","0.0411960736967509","0.044637339696284","0.0318994995175777"
