"Method","beta0.x","beta1.x","beta2.x","sigma.x","beta0.y","beta1.y","beta2.y"
"oracle","1.01996096457614","2.03421665010907","3.01759528263691","0.986987458093625","0.0312631750473122","0.0355565146815121","0.0234194322870038"
"naive","-0.438245423870363","1.34366061292471","1.5495907717273","3.19881642900118","0.0883663758940162","0.10872794746971","0.0722501753947912"
"cc","1.03888836320126","2.10367298716114","3.04258278363723","1.02164275196038","0.0462889534488441","0.0532591878761658","0.0323873718340701"
"ipw","1.01850708139412","2.08346619870168","3.04041856379254","1.02204961708212","0.0478716078780277","0.0552911930499317","0.0340049815648222"
"ipw-w","1.10523151718138","2.07413428080278","3.03670572983115","1.02397856765053","0.0560029263617687","0.0592394839871012","0.0376160846667857"
"mle","1.03303294103967","2.04187374536724","2.99775134753777","1.00923357082044","0.041139864285635","0.047707427107875","0.0299360817627278"
"mle-w","1.03303294103967","2.04187374536724","2.99775134753777","1.00923357082044","0.041139864285635","0.047707427107875","0.0299360817627278"
