"Method","beta0.x","beta1.x","beta2.x","sigma.x","beta0.y","beta1.y","beta2.y"
"oracle","1.06764419336137","1.97189821213235","2.98613945272486","0.985458018375719","0.0311291382813729","0.0360197670011328","0.0261271861641958"
"naive","-0.235801504917638","1.17746689698373","1.56517006788094","3.10773023618255","0.0891609179911276","0.101220792291455","0.0717858966671601"
"cc","1.05894189261791","1.91959880533297","2.95278261949492","1.00836108465118","0.0451406065160673","0.0511448938524708","0.038400222055733"
"ipw","1.05089080556248","1.92473948978928","2.95089430248272","1.00841733375067","0.0467093156648742","0.0514027601026913","0.0393382642892031"
"ipw-w","1.08742625444409","1.89100058340864","2.94862358491491","1.00909262967501","0.0517125304951382","0.0653993343419384","0.0484523599313742"
"mle","1.01971457718732","1.91998308193579","2.98258443780356","0.999633656368691","0.0410775599060898","0.0437336457718859","0.0338570997590351"
"mle-w","1.01971457718732","1.91998308193579","2.98258443780356","0.999633656368691","0.0410775599060898","0.0437336457718859","0.0338570997590351"
