"Method","beta0.x","beta1.x","beta2.x","sigma.x","beta0.y","beta1.y","beta2.y"
"oracle","1.01905325317166","1.96257756576745","2.97531090396774","0.983771512337252","0.0311510677357737","0.0370286458879213","0.0246828774283171"
"naive","-0.244558535009039","1.09597390912441","1.55933681797296","3.09542777813273","0.0937775998875024","0.110690887152668","0.0729608865525449"
"cc","0.995530677682576","1.94910590680511","3.02889694211225","1.00418174780198","0.0475311260068245","0.0557697574870713","0.0380355406921059"
"ipw","1.02016044281722","1.92922285799406","3.01011705409306","1.00464534759558","0.0483984160635786","0.058993138221648","0.0408889307963211"
"ipw-w","0.99894162830154","1.96984261329067","3.0210941748336","1.00454630157897","0.0594061082468175","0.0709726797222677","0.0463644082168679"
"mle","1.00910614100785","1.9253306910814","3.00642940529743","0.98402150556998","0.041026799419277","0.0487669945609961","0.032662007201714"
"mle-w","1.00910614100785","1.9253306910814","3.00642940529743","0.98402150556998","0.041026799419277","0.0487669945609961","0.032662007201714"
