"Method","beta0.x","beta1.x","beta2.x","sigma.x","beta0.y","beta1.y","beta2.y"
"oracle","1.05820397724874","2.02791971099358","3.02856964892957","1.0132822241375","0.0321022657191961","0.0361835641035969","0.0235359398962764"
"naive","-0.185293056762765","1.41169681606264","1.70690925412795","3.12272459079763","0.0883144075138568","0.115000936844883","0.0729479860519392"
"cc","1.0527677982241","2.01892361315559","3.02088369616025","0.96892626786892","0.0437816015394656","0.0468215392805691","0.0308738158118122"
"ipw","1.05324640984084","1.96315616156573","3.00486094980458","0.970500016202806","0.0472105117185935","0.062966451698601","0.0336348056246679"
"ipw-w","1.07692822467572","1.97221959952431","3.01855197809055","0.970445745172356","0.0552438932264072","0.0550456470842063","0.038203323418539"
"mle","1.08844868678208","2.00773815828039","3.0189007561469","0.97779057067695","0.0393114490728539","0.0443442973277783","0.0289595140442985"
"mle-w","1.08844868678208","2.00773815828039","3.0189007561469","0.97779057067695","0.0393114490728539","0.0443442973277783","0.0289595140442985"
