"Method","beta0.x","beta1.x","beta2.x","sigma.x","beta0.y","beta1.y","beta2.y"
"oracle","1.00385576759232","1.9530813446926","2.99534484611871","1.01923227520678","0.0324360733683582","0.0349497626392375","0.0257144470991574"
"naive","-0.377647425259086","1.24283946054511","1.52452065111993","3.21952974770596","0.0944673691041495","0.105851328329244","0.0761184064032602"
"cc","1.03800104735168","1.94962668837738","2.99557868227871","1.0244104360696","0.0481650723244585","0.0504246379020359","0.0358609446070058"
"ipw","1.02343447480204","1.98707921900122","2.99575907468951","1.02522046907245","0.0489450493770327","0.0536659235191074","0.0366844149987397"
"ipw-w","1.04560495401622","1.98294495925604","2.97960159809128","1.02552758884058","0.0632532549241604","0.0670273312749023","0.048380942534578"
"mle","1.02487153465407","1.9478632118086","2.98984960827242","1.0173390422402","0.0419991440487215","0.0449639935284675","0.0319284886724158"
"mle-w","1.02487153465407","1.9478632118086","2.98984960827242","1.0173390422402","0.0419991440487215","0.0449639935284675","0.0319284886724158"
