"Method","beta0.x","beta1.x","beta2.x","sigma.x","beta0.y","beta1.y","beta2.y"
"oracle","0.966185382062557","2.01661138678164","2.95853242656581","0.994953336907558","0.0315292254849978","0.0331899307520652","0.023891945504682"
"naive","-0.329437981072987","1.3403488002124","1.74151491856987","3.03392919762284","0.0868845965049435","0.0991826406060203","0.0754680515542447"
"cc","0.928413518741317","1.99121430216701","2.97823019931292","0.982513451357358","0.0439684701105406","0.0465342855995373","0.0333471275068927"
"ipw","0.927774923788896","2.02101718439673","2.9995474975708","0.983071949638219","0.044863583826773","0.0467630828450081","0.0333457562879553"
"ipw-w","0.931904338464157","1.9670804158879","2.9775908945738","0.982791135470473","0.0507251942810962","0.0550989486437833","0.0434422764251652"
"mle","0.947142050707917","1.98184198010092","2.98307347586085","0.981233777004256","0.039404138141504","0.0412879073629893","0.0293546583178041"
"mle-w","0.947142050707917","1.98184198010092","2.98307347586085","0.981233777004256","0.039404138141504","0.0412879073629893","0.0293546583178041"
