"Method","beta0.x","beta1.x","beta2.x","sigma.x","beta0.y","beta1.y","beta2.y"
"oracle","1.03767041226997","2.03169294374325","3.03409523652857","0.98622378647009","0.0311698557103103","0.035090545003809","0.0241809354353513"
"naive","-0.322031214903315","1.35196326985619","1.72514448681037","3.13856955429692","0.0899874076280229","0.106768393974843","0.0798225030577989"
"cc","1.05628208789061","2.03567851615092","3.02275636850226","0.996402476539225","0.0455138691441811","0.0518776410841641","0.033576806207595"
"ipw","1.04034452062289","2.02367794452743","3.02894769909016","0.996677225656708","0.0479981509616181","0.0534770982571569","0.0326818684339584"
"ipw-w","1.03288697194601","2.04535844050488","2.99725361893777","0.99781403544092","0.0570135583090741","0.0779823900068012","0.052269510788656"
"mle","1.08978563076295","2.04276243261278","3.0151573862372","1.00365383935026","0.0411137552328667","0.0466274818383497","0.0301536114066054"
"mle-w","1.08978563076295","2.04276243261278","3.0151573862372","1.00365383935026","0.0411137552328667","0.0466274818383497","0.0301536114066054"
