"Method","beta0.x","beta1.x","beta2.x","sigma.x","beta0.y","beta1.y","beta2.y"
"oracle","0.989801688821458","1.97514076158647","2.99671728743324","1.00915407537857","0.0319432808674318","0.0339802426374363","0.0232439419802829"
"naive","-0.400776060298561","1.36086781816122","1.5807976274879","3.18491994174305","0.0899260384825997","0.101768209242023","0.0768907507025446"
"cc","0.982634854832455","2.07269934395564","3.01627636869914","1.03217484797038","0.0486863658925247","0.0502300370103626","0.0354870533074549"
"ipw","1.01594120806734","2.07274750300952","2.98316806819558","1.0334819198946","0.0518220661646669","0.0525571783157088","0.0421579075152606"
"ipw-w","1.01334254355199","2.07326845959858","3.01070504129341","1.03262219866161","0.0614360522752683","0.0619664475069362","0.0450249923480839"
"mle","0.963409255264297","2.02236447856317","3.01211641266071","1.02306732118022","0.0421987247706214","0.0446624135758129","0.0309886448543343"
"mle-w","0.963409255264297","2.02236447856317","3.01211641266071","1.02306732118022","0.0421987247706214","0.0446624135758129","0.0309886448543343"
