"Method","beta0.x","beta1.x","beta2.x","sigma.x","beta0.y","beta1.y","beta2.y"
"oracle","1.02681519742881","1.96220549414666","3.00700624492864","1.02775652293422","0.0324772736378431","0.0335949672791379","0.022294983851713"
"naive","-0.315942856178895","1.44216279823352","1.70340326291521","3.22585635948373","0.0912167689054656","0.106409245738742","0.0811819194489432"
"cc","1.05568473700978","2.00720117674071","3.02208978629816","1.02465117244478","0.0457828304764049","0.0461662449232743","0.0316308991986809"
"ipw","1.07456208997836","2.02387814322564","3.02039595525683","1.02498136977413","0.0477293577280722","0.0480753379212335","0.0331662155959104"
"ipw-w","1.06780979525845","1.95338502394299","3.02671887662186","1.02636561057439","0.0617054013356619","0.0625162356057077","0.0413108598771216"
"mle","1.08967424101503","2.02507530384442","3.03043765754584","1.03721682135922","0.0416828751701955","0.0435074657274018","0.0289946243271808"
"mle-w","1.08967424101503","2.02507530384442","3.03043765754584","1.03721682135922","0.0416828751701955","0.0435074657274018","0.0289946243271808"
