"Method","beta0.x","beta1.x","beta2.x","sigma.x","beta0.y","beta1.y","beta2.y"
"oracle","1.04014591939092","2.03034502401539","3.02619740190662","1.01324164834835","0.0320240085526696","0.0343037119880812","0.0233539985132275"
"naive","-0.403344405290156","1.37520300316351","1.75657856766297","3.12796714641025","0.0861422144766057","0.108276278018953","0.0897915001193183"
"cc","0.993700165073383","2.04222713423971","3.03156191016516","1.00370162276423","0.0452521174235142","0.0475537057035797","0.0315210697338653"
"ipw","1.01986422794584","2.05768671368607","3.01637984824146","1.00444533422587","0.0450494945698454","0.0468318258758783","0.0338829487695188"
"ipw-w","0.983093504642311","2.05076339725092","3.00616303897445","1.00462402462683","0.0575286836182993","0.0612850056572448","0.0422516267076675"
"mle","1.02935088151371","1.99547196689457","3.02593515215277","1.01182409661334","0.0408938702909338","0.0429393497510451","0.0286042256750954"
"mle-w","1.02935088151371","1.99547196689457","3.02593515215277","1.01182409661334","0.0408938702909338","0.0429393497510451","0.0286042256750954"
