"Method","beta0.x","beta1.x","beta2.x","sigma.x","beta0.y","beta1.y","beta2.y"
"oracle","0.947736004574501","1.97710849496709","3.01529300514008","1.01192122834566","0.0322187697981745","0.0340798262072523","0.0232082654046212"
"naive","-0.430737364969039","1.13931741391042","1.47597006175336","3.35228873990241","0.0966065787846145","0.115319135387911","0.0791938118409086"
"cc","0.925179713094042","2.01718686572094","3.02005677732239","0.994001808007131","0.045522086644428","0.0472438119494266","0.0329649740181516"
"ipw","0.951225770117605","1.99820453446653","2.99550375489746","0.994684107106952","0.0487830095495637","0.0573004045937063","0.0357754653028544"
"ipw-w","0.928492959568005","1.98717743674898","2.9597665793698","0.997017249165057","0.0530968731266198","0.0471144170032003","0.0394173484912495"
"mle","0.960640286613147","2.00947776312131","3.01558906561075","1.00839162370463","0.0413547982065284","0.0438566527329116","0.0297781965207576"
"mle-w","0.960640286613147","2.00947776312131","3.01558906561075","1.00839162370463","0.0413547982065284","0.0438566527329116","0.0297781965207576"
