"Method","beta0.x","beta1.x","beta2.x","sigma.x","beta0.y","beta1.y","beta2.y"
"oracle","0.895641399941737","2.00671218125097","3.0523342599109","1.02430727977914","0.032476337153591","0.0354378983827277","0.0256777170685668"
"naive","-0.33139402529083","1.34989597788155","1.6990405117914","3.14353775958272","0.0928598851744665","0.102864870654264","0.084161681566556"
"cc","0.941690503300049","2.03693578193054","3.00632158602373","1.0176513578849","0.0452517091178664","0.0490216013615296","0.0344524688666471"
"ipw","0.944302909864563","2.00779856063345","3.01661079486868","1.01829787517963","0.0482081038947674","0.0507680119464307","0.0387451517334142"
"ipw-w","0.903330926495221","2.02197049077184","3.00762622980546","1.0184503141782","0.0558680358445891","0.0560701514963165","0.0486714873226262"
"mle","0.939532586966287","2.01537782144128","3.01894091528417","1.01853540836395","0.0411646055532323","0.0458112047791402","0.0373207025791651"
"mle-w","0.939532586966287","2.01537782144128","3.01894091528417","1.01853540836395","0.0411646055532323","0.0458112047791402","0.0373207025791651"
