"Method","beta0.x","beta1.x","beta2.x","sigma.x","beta0.y","beta1.y","beta2.y"
"oracle","0.976516100914087","1.99259346922703","2.98480461078816","1.00938919404752","0.0319543782862769","0.0338573892245394","0.0236184802630959"
"naive","-0.443928884141669","1.27681158539282","1.5981168193358","3.09188979958073","0.0909462117544066","0.104477818747521","0.0715303685129213"
"cc","0.950559118877485","1.94898570803469","3.01561343870546","1.00585345026696","0.0469092476502172","0.047749581240736","0.0363250378381734"
"ipw","0.948163772272673","1.98983644825761","3.0262546763648","1.00656781383784","0.0478438002877635","0.0496975521660406","0.0403642877568645"
"ipw-w","0.952982959289007","1.95203886019485","2.97016297318546","1.00785886146331","0.0579090770720809","0.0529289819669204","0.04373178897064"
"mle","0.988989380152066","1.95487416097169","2.98574728738189","1.00224874491391","0.041398669832958","0.0429555443356369","0.0310017341354008"
"mle-w","0.988989380152066","1.95487416097169","2.98574728738189","1.00224874491391","0.041398669832958","0.0429555443356369","0.0310017341354008"
