"Method","beta0.x","beta1.x","beta2.x","sigma.x","beta0.y","beta1.y","beta2.y"
"oracle","0.993967710323998","1.98287446028604","2.98529322331054","1.02977828992594","0.0324846301939285","0.035322091570917","0.0240155840215702"
"naive","-0.592589325396221","1.29420974328772","1.67483846677765","3.21763076086663","0.0944651349113087","0.1163417455116","0.0804622434617272"
"cc","0.998708649837179","1.98993154427878","2.96477703064908","1.00882146998919","0.0468563557784461","0.0498896260810752","0.0341869444896061"
"ipw","0.989212760451723","2.00938191542503","2.96331931827021","1.00904602270917","0.0459893503161528","0.0492226399333223","0.0342470933749904"
"ipw-w","1.05494053983036","2.01422428559335","2.9535940521187","1.01078797908224","0.0595736444486695","0.0637944693967303","0.0463170420554273"
"mle","0.991712185026849","1.97379282231321","2.98874532684768","1.02573673122396","0.0421837255862114","0.0449198294026858","0.0281119143211281"
"mle-w","0.991712185026849","1.97379282231321","2.98874532684768","1.02573673122396","0.0421837255862114","0.0449198294026858","0.0281119143211281"
