"Method","beta0.x","beta1.x","beta2.x","sigma.x","beta0.y","beta1.y","beta2.y"
"oracle","0.974960227970723","2.035172350408","3.00782059112997","0.984240278336274","0.0311360659693766","0.0362509341354764","0.0244646677140399"
"naive","-0.399585408545978","1.18692843775675","1.61939395032707","3.26561990138102","0.091022228977751","0.11033629319849","0.0776493479049469"
"cc","0.987630688121477","2.11316759364047","3.04455355756695","0.998112611266068","0.0447120343245953","0.0519961079606842","0.0346037919449352"
"ipw","0.966876908550729","2.1151120896513","3.06341707268687","0.998536700505573","0.0518159793957184","0.0627081431856989","0.0493859647138172"
"ipw-w","0.998021890115194","2.16559532071389","3.06213505655192","0.999412368011141","0.0560948893091811","0.0717546722445656","0.0468536326370009"
"mle","0.96124714714675","2.12654655005391","3.05833825973761","0.98856552050721","0.0402634470462333","0.0469308517861661","0.0310419518698632"
"mle-w","0.96124714714675","2.12654655005391","3.05833825973761","0.98856552050721","0.0402634470462333","0.0469308517861661","0.0310419518698632"
