"Method","beta0.x","beta1.x","beta2.x","sigma.x","beta0.y","beta1.y","beta2.y"
"oracle","1.01426220939112","2.02861862498633","2.97773022983068","1.00487212570419","0.0318328284721108","0.0326289707105457","0.0250151459924379"
"naive","-0.211092106208922","1.43215209721355","1.48448665742333","3.1908798941635","0.0938740389684924","0.10223131095427","0.0753052679638874"
"cc","1.05294812293327","2.06373521641674","2.99905315308322","0.977790625830439","0.0447968706326361","0.0432702619153218","0.0343195664673138"
"ipw","1.07115001659691","2.06033805383685","2.99005880464066","0.977980038084682","0.0478827342478149","0.0510907893196395","0.0391879880713998"
"ipw-w","1.07824985060288","2.04771729486814","2.99207049232331","0.978187221969618","0.058440441912304","0.0482023270890353","0.0475749658981601"
"mle","1.01039220592664","2.06024623785151","3.002669112287","0.978061493177034","0.0404951188071531","0.0400957471099706","0.0301345844382155"
"mle-w","1.01039220592664","2.06024623785151","3.002669112287","0.978061493177034","0.0404951188071531","0.0400957471099706","0.0301345844382155"
