"Method","beta0.x","beta1.x","beta2.x","sigma.x","beta0.y","beta1.y","beta2.y"
"oracle","0.974859211587611","2.00089869977399","2.99829626387927","0.98115648027766","0.0309920486377467","0.0338244825919579","0.0220069898094747"
"naive","-0.335428551584832","1.2308307797589","1.6149869288601","3.12565592098573","0.0913556560686506","0.10388994640749","0.0826365085438217"
"cc","0.975211757957419","2.0656050130946","3.0461518562739","0.921588389646246","0.040966607661866","0.0428083528464439","0.0306745729063838"
"ipw","0.991028415758215","2.1025877849543","3.05753918034202","0.922417812453952","0.0430430889706299","0.0443386957493021","0.0330957585815988"
"ipw-w","0.992682139491179","2.06473173128891","3.04227420901056","0.921750881765122","0.048555490270315","0.0469298507521857","0.0367405886530305"
"mle","0.976896165718952","2.04848055187519","3.04722975095663","0.932874884570461","0.0378791199988208","0.0405120555451247","0.028268719332812"
"mle-w","0.976896165718952","2.04848055187519","3.04722975095663","0.932874884570461","0.0378791199988208","0.0405120555451247","0.028268719332812"
