"Method","beta0.x","beta1.x","beta2.x","sigma.x","beta0.y","beta1.y","beta2.y"
"oracle","1.04519519701337","2.016698313506","3.00416050804758","1.00445883722731","0.0318386791331494","0.034658304756105","0.0239516302356054"
"naive","-0.236516595444746","1.33799126076462","1.57919261274052","3.08124680330644","0.0915157872772523","0.0980920443635095","0.0756489562746019"
"cc","1.06258617240521","2.06076032437868","3.03970861711892","0.9888069048144","0.0460118793906944","0.0507313767924159","0.032048607915988"
"ipw","1.05506444786341","2.03668326329032","3.0340430850795","0.989086045637274","0.0462351923799561","0.0499532204079573","0.0338732258408206"
"ipw-w","1.04199651982121","2.11116154163904","3.05446513057756","0.990078802150667","0.0548704558934541","0.0645175959597015","0.0353452488752756"
"mle","1.12517087642711","2.02071841701461","2.97633608323474","0.977566904013627","0.0406550664020331","0.0442236415626057","0.0294150374098941"
"mle-w","1.12517087642711","2.02071841701461","2.97633608323474","0.977566904013627","0.0406550664020331","0.0442236415626057","0.0294150374098941"
