"Method","beta0.x","beta1.x","beta2.x","sigma.x","beta0.y","beta1.y","beta2.y"
"oracle","0.991991435972613","2.0201537693761","3.00145623271041","1.02169676327587","0.032296393043755","0.0364101239163237","0.0254744581720091"
"naive","-0.363814150458535","1.35036894066272","1.53096119090368","3.21098571491976","0.0920080634327759","0.111938910965544","0.0809102103334622"
"cc","0.983866296438433","1.99416202246651","3.02770482605848","1.01733896619336","0.0473737384363997","0.051066578901566","0.038507426164085"
"ipw","0.99652531475944","2.01243915959218","3.02501533035578","1.01761867598977","0.0490245392907903","0.0537753758424731","0.04016698100845"
"ipw-w","0.962357405569829","2.02565120851373","3.08723674228446","1.02024521307712","0.0593726636199678","0.0664821498828846","0.0541056770620564"
"mle","1.0026161133206","2.0224626767748","3.02551068948648","1.02728564016569","0.0423922525579441","0.046006596169465","0.0337347189837182"
"mle-w","1.0026161133206","2.0224626767748","3.02551068948648","1.02728564016569","0.0423922525579441","0.046006596169465","0.0337347189837182"
