"Method","beta0.x","beta1.x","beta2.x","sigma.x","beta0.y","beta1.y","beta2.y"
"oracle","1.05237195056709","2.00145515953527","3.02612845272203","0.963538533798093","0.030428615554373","0.0314965735950322","0.0209782227774684"
"naive","-0.509628786974242","1.11851663488685","1.68424995530243","3.27372595736124","0.0953653594448704","0.113086102430232","0.0692206146417774"
"cc","1.04985082864017","2.03621377734139","3.0565779693433","0.981424427259685","0.0457018414127046","0.0473985762912178","0.0324976921561446"
"ipw","1.05134412941685","2.06611953030495","3.06209337226224","0.981802600432408","0.0473841271870016","0.0493829402209029","0.0361497181575259"
"ipw-w","1.07522957602512","2.03975991679453","3.04661200512539","0.981786522148461","0.0595271788112312","0.0650634069741752","0.0480538699802419"
"mle","1.02990888361146","2.02382283549319","3.05361908842886","0.997418792490813","0.0416147316350996","0.0435753406100567","0.02889302570057"
"mle-w","1.02990888361146","2.02382283549319","3.05361908842886","0.997418792490813","0.0416147316350996","0.0435753406100567","0.02889302570057"
