"Method","beta0.x","beta1.x","beta2.x","sigma.x","beta0.y","beta1.y","beta2.y"
"oracle","1.00314876156407","1.96550322211834","3.00268303156185","1.0234493527161","0.0324106088844343","0.0345615529312701","0.0238027439887837"
"naive","-0.39311542797083","1.2227477972418","1.71763919667137","3.15228963599622","0.0953140727699472","0.105542973892264","0.0785418119963609"
"cc","0.983801968053255","1.94249255518142","2.99711442669921","0.972796319136321","0.0443278620752838","0.0431098225432553","0.0284811877412726"
"ipw","0.965956049574839","1.9592719475262","3.01925125943138","0.973326960257166","0.0422659975947238","0.0415006825692252","0.026863344511995"
"ipw-w","0.968441563521288","1.94439837064253","2.98489701494602","0.973156231965978","0.0562062924873078","0.0568689887879804","0.0387464129465791"
"mle","0.980383424038305","1.93540167019302","3.01049145805726","0.98180872871364","0.0405980419851716","0.0403106301121575","0.027287530145912"
"mle-w","0.980383424038305","1.93540167019302","3.01049145805726","0.98180872871364","0.0405980419851716","0.0403106301121575","0.027287530145912"
