"Method","beta0.x","beta1.x","beta2.x","sigma.x","beta0.y","beta1.y","beta2.y"
"oracle","0.980293845720721","1.99452549381437","2.96407844841539","1.03434542546118","0.0326804765386339","0.0346814868352244","0.0268057647661353"
"naive","-0.350994694884553","1.31621583605718","1.56946162592546","3.09987291457641","0.0903045515488583","0.108477233506125","0.0756358278770689"
"cc","0.960740303157468","1.97336947096074","2.9106299071693","1.03715759791166","0.0468668588914968","0.0499433328754761","0.0365837855763812"
"ipw","0.948281252216575","1.95073637522458","2.91838917274404","1.03755822341151","0.0528692026556302","0.0548103456698649","0.0431681064618795"
"ipw-w","0.966390708429022","2.00758066120852","2.92102132534631","1.0376441700834","0.0548453817734249","0.0646141476004698","0.0456385096902233"
"mle","0.971887266858835","2.00378014412247","2.93516576167631","1.04995353670001","0.0421808798164485","0.0449935576423136","0.032368223890627"
"mle-w","0.971887266858835","2.00378014412247","2.93516576167631","1.04995353670001","0.0421808798164485","0.0449935576423136","0.032368223890627"
