"Method","beta0.x","beta1.x","beta2.x","sigma.x","beta0.y","beta1.y","beta2.y"
"oracle","0.994888934857059","2.02486847466048","2.94716934167057","1.01543804627725","0.0321484343244178","0.0324352992289026","0.0239544839992566"
"naive","-0.326513466255481","1.34994002767193","1.61080133530483","3.05208281891895","0.0855743653151926","0.106977814198577","0.077060825565781"
"cc","0.952914429690234","2.04771258309945","2.96921965027122","1.02964657378106","0.0452912444982907","0.0438055025841166","0.0347066777914986"
"ipw","0.955050973964448","2.04100003881937","2.95717258551877","1.02975699779808","0.0460464012854979","0.0458989104250902","0.0352883495801357"
"ipw-w","0.961390005464716","2.00840460589516","2.95988553493889","1.0303589868314","0.0521338013127186","0.0498767170206807","0.0392979568700246"
"mle","0.997137308616626","2.02873684684341","2.96066531569028","1.03597578670782","0.0408359788381619","0.0410241167694483","0.0308480944228206"
"mle-w","0.997137308616626","2.02873684684341","2.96066531569028","1.03597578670782","0.0408359788381619","0.0410241167694483","0.0308480944228206"
