"Method","beta0.x","beta1.x","beta2.x","sigma.x","beta0.y","beta1.y","beta2.y"
"oracle","1.00756505021319","1.94957445410148","3.02452360799064","0.998612715452898","0.0315406055480216","0.03228828025102","0.023463160116482"
"naive","-0.479574080821604","1.55351664716418","1.7006830585679","3.30034819756851","0.0924254893545483","0.10970857590893","0.0747174879614473"
"cc","1.01009616058878","1.91366892927434","3.04619465933009","1.00755144276577","0.0462897560411717","0.0454749572406034","0.0335223041168668"
"ipw","1.04129644185022","1.92772740461192","3.01264842891879","1.00919832748291","0.0476945366635029","0.0487966942419309","0.0377117011177729"
"ipw-w","1.06856389696363","1.89828502407287","3.02999078665747","1.0092218348162","0.0560031260985919","0.0541396457205095","0.0361303017508027"
"mle","1.03439609049555","1.9492926660988","3.03559424473489","1.005058881386","0.0414613238695826","0.0416754296449709","0.0301892732539791"
"mle-w","1.03439609049555","1.9492926660988","3.03559424473489","1.005058881386","0.0414613238695826","0.0416754296449709","0.0301892732539791"
