"Method","beta0.x","beta1.x","beta2.x","sigma.x","beta0.y","beta1.y","beta2.y"
"oracle","1.01677332869015","1.96762229848987","2.96799586650998","0.995370203945803","0.0314978725745919","0.0318577828443874","0.0239144688616546"
"naive","-0.401276080924439","1.29434790536334","1.63465255326879","3.06405989246558","0.0864654230855766","0.0992477530796136","0.0708819004313017"
"cc","1.01466975256323","1.97572452621237","2.97163394995489","1.0009911366818","0.0464554690231596","0.0473489350336315","0.0365263266063689"
"ipw","1.03453982421123","1.96299961212448","2.95677709530802","1.00132419089186","0.0469916500400692","0.0488946582940135","0.0368508696609808"
"ipw-w","0.964969700695552","1.96322085806718","2.96073837654594","1.00244524169028","0.0591652255810783","0.0561618212072267","0.0423517249194889"
"mle","1.03359833633691","1.98272264988466","2.96586457551533","1.00489640055821","0.0411100293259738","0.0425490255570198","0.0309898223267335"
"mle-w","1.03359833633691","1.98272264988466","2.96586457551533","1.00489640055821","0.0411100293259738","0.0425490255570198","0.0309898223267335"
