"Method","beta0.x","beta1.x","beta2.x","sigma.x","beta0.y","beta1.y","beta2.y"
"oracle","1.04389877651539","1.97260914130317","2.98849171570961","1.00126432217682","0.0316764620229386","0.0339989191923901","0.0231275204179339"
"naive","-0.354725252888448","1.37397008933423","1.73405614947336","3.27045487859325","0.0973848524390976","0.103353659716882","0.0821268564837178"
"cc","1.0702165554041","1.90551256046354","2.95455485041189","0.984345167204362","0.0455144740280692","0.0452683679604294","0.0336828408394759"
"ipw","1.0879520482746","1.8952565179805","2.96159138501226","0.984706907660888","0.0466902999594904","0.0483701647957307","0.0357368569405093"
"ipw-w","1.06201794101682","1.9028571446959","2.93320139284824","0.984891330161725","0.0534560832011202","0.0545598119898498","0.0395861928143393"
"mle","1.0354673388844","1.95512083728141","3.00169536764996","1.00620622332788","0.0411741817826791","0.0413816358807432","0.0311485453377909"
"mle-w","1.0354673388844","1.95512083728141","3.00169536764996","1.00620622332788","0.0411741817826791","0.0413816358807432","0.0311485453377909"
