"Method","beta0.x","beta1.x","beta2.x","sigma.x","beta0.y","beta1.y","beta2.y"
"oracle","1.02858411055813","2.0045662623488","3.00039158649065","0.963849033784483","0.0304559430368039","0.0316744005576725","0.0235478378264851"
"naive","-0.349578558819629","1.27989033585597","1.64124654194122","3.11922878492955","0.0858736344272147","0.109534424252061","0.0723359216563828"
"cc","0.973302914310894","1.98851184905994","2.98192211856633","0.953330675395928","0.0425668021533931","0.0407320221347416","0.0314230488070315"
"ipw","0.975105090213372","1.96560369625642","2.98792258931406","0.953756614651213","0.044487832786051","0.0536686520819","0.0389196296196166"
"ipw-w","0.972700083315745","1.99889320260441","2.98820154809027","0.953397034138545","0.0512922593952315","0.0512042760661349","0.036612594902263"
"mle","0.989499178741965","1.98051666325164","2.98981190376153","0.956239535431103","0.0388385978647874","0.0380028299931122","0.028895371176083"
"mle-w","0.989499178741965","1.98051666325164","2.98981190376153","0.956239535431103","0.0388385978647874","0.0380028299931122","0.028895371176083"
