"Method","beta0.x","beta1.x","beta2.x","sigma.x","beta0.y","beta1.y","beta2.y"
"oracle","0.993777323073034","1.96610045263315","3.01463792287387","0.995853008995679","0.0315742527621403","0.0327936583743937","0.0225417325748031"
"naive","-0.412304050246607","1.42459980195139","1.62905635413353","3.22429195598589","0.0979419904785649","0.11946305045993","0.0856416077978348"
"cc","1.02629564825919","1.89699236318797","3.00601418933781","0.982075067750421","0.0473533898068691","0.0480019383035817","0.0358376963731427"
"ipw","1.02769307042516","1.92455533994315","3.01398714141996","0.982399041901469","0.0502263858068046","0.0522043127442739","0.0472230090720488"
"ipw-w","0.964757472302931","1.90161663893742","3.05641974519573","0.985534683604357","0.0544354536712602","0.053483634129515","0.0466991415207304"
"mle","1.02623163576686","1.9467361059815","3.00936257057453","0.982263205704219","0.041417483764844","0.0437574014348083","0.0315055201676364"
"mle-w","1.02623163576686","1.9467361059815","3.00936257057453","0.982263205704219","0.041417483764844","0.0437574014348083","0.0315055201676364"
