"Method","beta0.x","beta1.x","beta2.x","sigma.x","beta0.y","beta1.y","beta2.y"
"oracle","1.06958301812116","1.99468728150152","3.02162027402603","1.00823126188039","0.0320166849019024","0.0322967997430436","0.0232216384223906"
"naive","-0.407733575478498","1.47316373207554","1.53826242626838","3.16476004652237","0.0914379833258606","0.101263815157278","0.0735198266001546"
"cc","1.09500735883456","2.00192059243443","3.01620300937712","0.985770552565608","0.0443465619411734","0.0441429002352513","0.0324697775374657"
"ipw","1.09164776496159","2.00025251046103","3.03379585172741","0.986073141761716","0.0464741836177415","0.0448967224766224","0.034548824068883"
"ipw-w","1.09084026124086","1.94383203158009","3.01575312077245","0.987409734689099","0.0515092987403366","0.051973526199001","0.0393785317661469"
"mle","1.06518526103769","2.02047081864601","3.01201067285236","0.98079264424871","0.0400143079077874","0.0401321075445789","0.0287354578739596"
"mle-w","1.06518526103769","2.02047081864601","3.01201067285236","0.98079264424871","0.0400143079077874","0.0401321075445789","0.0287354578739596"
