"Method","beta0.x","beta1.x","beta2.x","sigma.x","beta0.y","beta1.y","beta2.y"
"oracle","1.01724751331473","2.02456845453936","3.00780693528414","0.984802755432643","0.0311026131689949","0.0348035101317398","0.0238336125801765"
"naive","-0.325525976738139","1.25602191395009","1.62750875068507","3.07291639038121","0.0896762590765353","0.102404219780983","0.0795135756963184"
"cc","0.999369283499705","2.05718505691181","2.99658134257519","1.01086839538318","0.0475963216334672","0.0516755086693448","0.0395288281250526"
"ipw","0.99542716457025","2.05117620579422","2.99094174872636","1.01090850530139","0.0499371906391573","0.0556970459231385","0.0427940904559367"
"ipw-w","0.994159595437788","2.07925553505537","2.9915050752839","1.01122724844407","0.0573336002117202","0.0567999836453721","0.0447318912338246"
"mle","1.02740063045699","2.03212865642415","2.98393899554648","1.00004620538038","0.0413208621977258","0.0446389222790877","0.032922360108088"
"mle-w","1.02740063045699","2.03212865642415","2.98393899554648","1.00004620538038","0.0413208621977258","0.0446389222790877","0.032922360108088"
