"Method","beta0.x","beta1.x","beta2.x","sigma.x","beta0.y","beta1.y","beta2.y"
"oracle","1.02764294135815","1.98295377518809","2.97854081251563","1.01005269629579","0.0319887780264356","0.0331706053420849","0.0236192033565325"
"naive","-0.431351607334664","1.30206688582747","1.534361155382","3.29217491715678","0.0928890922106991","0.109131076723083","0.0707057147432368"
"cc","1.056178001112","2.01363708737415","2.94736275492827","0.978748827651421","0.0449547404563122","0.0480493723182837","0.034227895039216"
"ipw","1.05844799421035","1.97505903427885","2.9039856804144","0.980687843204808","0.0454718113219643","0.0521228612384706","0.0354907180645653"
"ipw-w","1.08247237784804","1.97826463174327","2.94636143169692","0.97981815297678","0.0544701751403241","0.0591194974661129","0.0414010467663844"
"mle","1.05680468275753","2.01045727668907","2.96169118799686","0.995718626606327","0.0425875700091663","0.0426813199558431","0.0263314763644216"
"mle-w","1.05680468275753","2.01045727668907","2.96169118799686","0.995718626606327","0.0425875700091663","0.0426813199558431","0.0263314763644216"
