"Method","beta0.x","beta1.x","beta2.x","sigma.x","beta0.y","beta1.y","beta2.y"
"oracle","1.03316162644656","2.02917783534511","3.03392665508337","0.963929181724443","0.0304696363464029","0.0318777497146773","0.0240491367156315"
"naive","-0.399128571714573","1.26235268530818","1.6973543141846","3.09799012798108","0.0869682643547997","0.103327409978692","0.0774737781488628"
"cc","0.996017883599957","2.00100689853035","3.04908359549672","0.980906577233029","0.0451986932381286","0.0468545831153265","0.0362419499909198"
"ipw","0.977294453091569","1.99108100819908","3.06615287794822","0.981417459911551","0.0477585576686438","0.0520569936289069","0.040770395242381"
"ipw-w","1.01245802484552","2.00600589193031","3.03850730907592","0.981145834623934","0.0524904304537082","0.0580324687932088","0.0396522388339828"
"mle","0.989147502887049","1.99363989089698","3.03927109845605","0.972817915841364","0.0399107811033284","0.0418444827659722","0.0313517042053837"
"mle-w","0.989147502887049","1.99363989089698","3.03927109845605","0.972817915841364","0.0399107811033284","0.0418444827659722","0.0313517042053837"
