"Method","beta0.x","beta1.x","beta2.x","sigma.x","beta0.y","beta1.y","beta2.y"
"oracle","1.04075277338516","2.00215446703407","3.00858418848036","1.01556298990752","0.0321971853514305","0.0334715549054917","0.0257731171865992"
"naive","-0.277619954530024","1.28018410581888","1.65387372033583","3.02676057671599","0.0863524905947295","0.098057480596945","0.0765977457027703"
"cc","1.02841869159968","2.03037127875675","3.00636333406963","1.0311441608659","0.0452147060582605","0.0480437460309185","0.0370859614933888"
"ipw","1.03964599954796","2.02818600616643","3.00245086563391","1.03120704539647","0.0475319598086106","0.0523645326264124","0.040701135057132"
"ipw-w","1.04320974488657","1.97557853361416","2.95514465762111","1.03351665773892","0.0512367497602834","0.0521996238161438","0.0397135594143316"
"mle","1.06508804990536","2.01935566438689","2.98887374421525","1.03906162163721","0.0411364100476977","0.0434068766246037","0.0334930265146923"
"mle-w","1.06508804990536","2.01935566438689","2.98887374421525","1.03906162163721","0.0411364100476977","0.0434068766246037","0.0334930265146923"
