"Method","beta0.x","beta1.x","beta2.x","sigma.x","beta0.y","beta1.y","beta2.y"
"oracle","1.01241873097592","1.96184180963623","3.00080433241185","0.999530577609271","0.0315917749198397","0.0336900458926172","0.0239847508645808"
"naive","-0.394497422300054","1.21864031566735","1.71456188152043","3.15419513747143","0.092316964556247","0.110930060681844","0.0835563108422202"
"cc","1.01090875565974","2.02395444545292","3.05568322130247","0.979519481444322","0.0467364733796566","0.0481668079047382","0.0371593809645886"
"ipw","1.01952617455738","1.99954426122798","3.04780916719319","0.979807132037343","0.0484187175287154","0.0551664936463407","0.0444030896569094"
"ipw-w","1.05008036633964","2.03975314878227","3.06752917158905","0.980613273895189","0.0508121672053482","0.0524613694215193","0.0409380668228645"
"mle","1.01224535030296","1.99452072968188","3.05342402794257","0.986600239947949","0.0416233786969136","0.0434274021101694","0.0326031131105521"
"mle-w","1.01224535030296","1.99452072968188","3.05342402794257","0.986600239947949","0.0416233786969136","0.0434274021101694","0.0326031131105521"
