"Method","beta0.x","beta1.x","beta2.x","sigma.x","beta0.y","beta1.y","beta2.y"
"oracle","1.03967835616372","1.99542150564119","3.0077368976117","1.01254608623522","0.0321962112170665","0.0334807615994489","0.0227933732172376"
"naive","-0.370752029605174","1.08009382947757","1.58355054160824","3.2899068335452","0.0927401848870921","0.11684965596522","0.0824007436031054"
"cc","1.06895856569345","2.0408584365644","3.04948738654135","1.01666842094581","0.0454866753365806","0.0460912735620179","0.0324722576033326"
"ipw","1.08187421007232","2.05073692061194","3.04875568064553","1.01679204646896","0.0478603710973323","0.0477270261189094","0.0343227235732876"
"ipw-w","1.04522690894586","2.12037643394225","3.07983261976407","1.01946408223011","0.055905443172009","0.0541791074753247","0.0392053951889762"
"mle","1.06036740970727","2.01468988587906","3.03070102493387","1.00921014279839","0.0411812113027867","0.0422536301116428","0.0294616453350745"
"mle-w","1.06036740970727","2.01468988587906","3.03070102493387","1.00921014279839","0.0411812113027867","0.0422536301116428","0.0294616453350745"
