"Method","beta0.x","beta1.x","beta2.x","sigma.x","beta0.y","beta1.y","beta2.y"
"oracle","0.964568983066736","2.0002488579027","2.98798844682861","0.990251994615614","0.0313278197015048","0.0350486547226102","0.0246570634370269"
"naive","-0.321366550645723","1.17331435912508","1.48651470149243","3.13789433986039","0.0922186881718914","0.114688397280743","0.0746225543648749"
"cc","0.939428714174093","2.0338913703382","3.03179868936484","0.98638391440595","0.046194504326128","0.049717051753685","0.0360822757019385"
"ipw","0.944828828150321","2.01961916889293","3.02218102897029","0.986504360417949","0.0479626667531869","0.0557888291926771","0.0387367714182019"
"ipw-w","0.962294842148805","2.07008534898404","3.01399013049335","0.987788266849933","0.0515415851928671","0.0558195830293091","0.0407565799477422"
"mle","0.964587242348854","2.02705514789351","3.01359010030976","0.988238472313607","0.0415997694143338","0.0456700403837157","0.0333507733816132"
"mle-w","0.964587242348854","2.02705514789351","3.01359010030976","0.988238472313607","0.0415997694143338","0.0456700403837157","0.0333507733816132"
