"Method","beta0.x","beta1.x","beta2.x","sigma.x","beta0.y","beta1.y","beta2.y"
"oracle","0.971672557562257","2.01058527257646","3.00732422983317","1.02422453634303","0.0324175629751035","0.0344480695265025","0.0254546930867159"
"naive","-0.334647501516293","1.33091218636541","1.56279936637525","3.11608211841028","0.0938605595863551","0.107322859606145","0.0774656391001518"
"cc","0.983482267685869","1.96831610901734","3.05140977474409","0.999097505824186","0.0469164402049831","0.0479068620314893","0.0359563718726285"
"ipw","0.9862234006295","1.94637812783435","3.05657400639444","0.999428551012533","0.0491475569609658","0.0514908334709837","0.035801933216957"
"ipw-w","0.957953636741789","1.97271211016777","3.07083718250983","0.999580261528357","0.0510503724591272","0.0525633107376248","0.0381812650344989"
"mle","1.02857722958365","1.97485440488591","3.01831678502822","0.993379521286281","0.0414131265689788","0.0437251080546312","0.0321848555138939"
"mle-w","1.02857722958365","1.97485440488591","3.01831678502822","0.993379521286281","0.0414131265689788","0.0437251080546312","0.0321848555138939"
