"Method","beta0.x","beta1.x","beta2.x","sigma.x","beta0.y","beta1.y","beta2.y"
"oracle","0.937230803898676","2.07179591969374","3.0125099056193","1.0140755440087","0.0321788488775309","0.0347971241453505","0.0246731930712244"
"naive","-0.435535993681853","1.36406394745797","1.651019297457","3.22650272448704","0.093018992935838","0.11986294036533","0.0742410433793454"
"cc","0.954734018278277","2.0639414607567","2.972678684823","1.00751644009097","0.0481668442841273","0.049860941791276","0.03531307049233"
"ipw","0.999746196761038","2.05688240912136","2.93576335235856","1.00929300327129","0.0542248500756593","0.0569222848670487","0.0475729127064485"
"ipw-w","0.998107553672924","2.0210170194849","2.94996465706026","1.00899537485859","0.0640545972597946","0.0647031146155872","0.0457052651403151"
"mle","0.930535790829308","2.08005556672772","2.97694696905652","1.0089465185442","0.0422309626981056","0.0459583636638986","0.0311330203763241"
"mle-w","0.930535790829308","2.08005556672772","2.97694696905652","1.0089465185442","0.0422309626981056","0.0459583636638986","0.0311330203763241"
